停水範圍,停水期間,恢復供水時間,查詢電話,發佈期間,發佈區域
基隆市安樂區橘郡及壯觀台北社區、七堵區全部(含六堵工業區及百福社區),104年10月6日上午8時,104年10月7日上午7時,(02)24245200基隆所,2015/9/22~2015/10/7,206基隆市七堵區     204基隆市安樂區     
一、基隆市安樂區橘郡及壯觀台北社區、七堵區全部(含六堵工業區及百福社區)<BR>二、新北市汐止區大同路3段、保長路保新街、汐平路1、2段、大安街、保1街、長興街1、2段、長安路鄉友路、吉祥街、長江街、鄉長路1、2段、茄安街、茄興街、茄福街、茄苳路、橋東街、招商街、中華街、忠孝東路300號以後、水碓街、建成路、和平街、汐萬路1、2、3段、鮕漁代坑路、瑞松街、祥雲街、江北路、八連路、康寧街600號以後、連峰街、翠峰街、伯爵街等(含各巷弄)。,104年10月14日上午8時,104年10月15日上午8時,(02)24245200基隆所，(02)86478218汐止所,2015/10/6~2015/10/15,221新北市汐止區     206基隆市七堵區     204基隆市安樂區     
【停水區域一】南投縣國姓鄉長流村;長福村;長豐村;北港村;石門村;國姓村;柑林村;福龜村;乾溝村;北山村;南港村;大石村;大旗村,2015/08/05 9:0至2015/10/27 20:0,2015/10/27 20:0以後,049-2915176,2015/8/6~2015/10/28,544南投縣國姓鄉     
【停水區域一】高雄市岡山區華崗里;嘉興里一帶,2015/09/01 9:0至2015/10/28 18:0,2015/10/28 18:0以後,07-6222814,2015/8/24~2015/10/29,820高雄市岡山區     
【停水區域一】台南市楠西區照興里;興北;興南,2015/08/27 8:0至2015/10/26 18:0,2015/10/26 18:0以後,065742323,2015/8/26~2015/10/27,715台南市楠西區     
【停水區域一】彰化縣伸港鄉無;彰化縣和美鎮無;彰化縣彰化市無;彰化縣線西鄉無,2015/09/01 18:0至2015/12/31 23:59,2015/12/31 23:59以後,04-7353883,2015/9/2~2016/1/1,509彰化縣伸港鄉     508彰化縣和美鎮     500彰化縣彰化市     507彰化縣線西鄉     
【停水區域一】雲林縣虎尾鎮新興里;東仁里;平和里,2015/09/08 8:0至2015/10/07 18:0,2015/10/07 18:0以後,05-6322047,2015/9/7~2015/10/8,632雲林縣虎尾鎮     
【停水區域一】南投縣國姓鄉國姓村、石門村(少部分),2015/09/10 8:0至2015/11/30 18:0,2015/11/30 18:0以後,049-2915176,2015/9/9~2015/12/1,544南投縣國姓鄉     
【區域1】台中市東勢區上城里;上新里;中嵙里;福隆里,2015/10/06 9:0至2015/10/06 14:0 ,2015/10/06 14:0以後,04-25874315,2015/9/22~2015/10/7,423台中市東勢區     
【區域1】台中市東勢區上城里;上新里;中嵙里;福隆里,2015/10/06 9:0至2015/10/06 14:0 ,2015/10/06 14:0以後,04-25874315,2015/9/22~2015/10/7,423台中市東勢區     
【停水區域一】台南市官田區三結義{全部無水},2015/09/21 8:0至2015/10/31 18:0,2015/10/31 18:0以後,(06)5721166,2015/9/17~2015/11/1,720台南市官田區     
【停水區域一】南投縣南投市向上路全部;營北路全部;(含巷弄)例假日及雨天不施工,2015/09/07 8:30至2015/10/30 17:30,2015/10/30 17:30以後,049-2563505,2015/9/17~2015/10/31,540南投縣南投市     540南投縣南投市     
【區域1】台中市太平區太平路/太平六街/太平八街/中平九街/太平十街/永成北路/太平十二街/太平路286巷/及附近巷弄內。,2015/10/01 9:0至2015/12/31 18:30【每日上午9點至下午6點半(非整日停水，僅幹管改接及用戶施作需停水)】,2015/12/31 18:30以後,1910;04-22442469;04-24821831,2015/9/17~2016/1/1,411台中市太平區     
【停水區域一】台中市豐原區永康路單號側(含巷弄);南陽路單號側167至231號(含巷弄);豐原大道三段219巷、239巷,2015/08/21 8:30至2015/10/16 18:30,2015/10/16 18:30以後,04-25722643,2015/9/18~2015/10/17,420台中市豐原區     
【停水區域一】高雄市美濃區民族路、廣興街、興隆路、民權路、圓山街、雙峰街、福美路及中山路等一帶皆受影響（下午六時以後，前述路段皆減壓供水）。,2015/09/14 10:30至2015/11/05 18:0,2015/11/05 18:0以後,0928741027,2015/9/21~2015/11/6,843高雄市美濃區     
【停水區域一】嘉義縣水上鄉大崙村-168線以北,2015/09/29 8:0至2015/10/08 18:0,2015/10/08 18:0以後,工務課監造單位現場人員-張家瑋0982650809，天佑營造有限公司-工地負責人-陳恒仲0988358134,2015/9/23~2015/10/9,608嘉義縣水上鄉     
【停水區域一】南投縣南投市軍功里;中興路;軍功路;(均含巷弄);下雨天不施工順延,2015/09/27 8:30至2015/10/25 18:0,2015/10/25 18:0以後,049-2563505,2015/9/24~2015/10/26,540南投縣南投市     
【停水區域一】雲林縣虎尾鎮新興里;東仁里;平和里,2015/10/01 8:0至2015/10/31 18:0,2015/10/31 18:0以後,05-6322047,2015/9/25~2015/11/1,632雲林縣虎尾鎮     
【停水區域一】新北市樹林區保安街一段220號~372號(雙號側)含巷弄,2015/09/28 9:0至2015/10/20 18:0,2015/10/20 18:0以後,02-26812254,2015/9/25~2015/10/21,238新北市樹林區     
【停水區域一】台南市北區育德二路,2015/10/01 0:0至2015/10/09 23:59,2015/10/09 23:59以後,06-3036097-301,2015/9/28~2015/10/10,704台南市北區       
【停水區域一】台南市安定區新吉里,2015/10/05 8:0至2015/10/06 18:0,2015/10/06 18:0以後,065974290,2015/9/29~2015/10/7,745台南市安定區     
【停水區域一】台南市安定區新吉里,2015/10/05 8:0至2015/10/06 18:0,2015/10/06 18:0以後,21381011轉303,2015/9/30~2015/10/7,745台南市安定區     
【停水區域一】嘉義市東區王田里五福街20巷及82巷等所有住戶,2015/10/01 8:0至2015/10/08 18:0,2015/10/08 18:0以後,05-2252670轉252,2015/9/30~2015/10/9,600嘉義市東區       
【停水區域一】桃園市中壢區後寮一路、後寮二路、龍川三~八街。 ;〔水壓降低地區〕：中壢區：龍慈路、龍興路、後寮一~二路、後興路一~二段、龍岡路二~三段、龍門街、龍慈里、至善里、龍昌里、後寮里、龍岡里、龍德里、龍興里。,2015/10/07 9:0至2015/10/07 20:0,2015/10/07 20:0以後,免付費服務電話：1910    中壢服務所:03-4251506,2015/9/30~2015/10/8,320桃園市中壢區     
【停水區域一】台南市柳營區太康里,2015/09/29 9:0至2015/10/09 18:0,2015/10/09 18:0以後,06-6322240,2015/9/30~2015/10/10,736台南市柳營區     
【停水區域一】台中市烏日區溪南路一段(雙號).溪南路一段126巷.溪南路一段238巷.溪南路一段348巷.溪南路一段460巷.溪南路一段506巷.溪南路一段580巷.溪南路一段680巷.溪南路一段682巷.溪南路一段866巷.溪南路一段986巷.,2015/09/02 8:30至2015/10/30 17:30,2015/10/30 17:30以後,04-23381614,2015/9/30~2015/10/31,414台中市烏日區     
【停水區域一】新北市新莊區新樹路551巷及其周邊巷道(若遇大雨未施工則順延),2015/10/05 9:0至2015/10/15 18:0,2015/10/15 18:0以後,29966681,2015/10/1~2015/10/16,242新北市新莊區     
【停水區域一】新北市新莊區新樹路531號至599-1號(含周邊巷弄);;瓊林南路208巷(全部),2015/10/05 9:0至2015/10/07 18:0,2015/10/07 18:0以後,29966681,2015/10/1~2015/10/8,242新北市新莊區     
【停水區域一】台中市大肚區王田里、福山里(含柏昇工業區),2015/10/01 8:0至2015/10/31 17:30,2015/10/31 17:30以後,26312127,2015/10/1~2015/11/1,432台中市大肚區     
【停水區域一】雲林縣斗六市龍潭里、保庄里、久安里、長平里-永興路、雲林路三段、雲林路三段20巷;雲林縣斗南鎮東明里,2015/09/30 8:30至2015/10/06 18:30,2015/10/06 18:30以後,5322362,2015/10/1~2015/10/7,640雲林縣斗六市     630雲林縣斗南鎮     
【停水區域一】台中市豐原區向陽路直興街愛國街自強街自成街自立街惠陽街豐陽路中陽路同安街,2015/10/02 8:30至2015/10/31 18:30,2015/10/31 18:30以後,04-25722643,2015/10/1~2015/11/1,420台中市豐原區     
【停水區域一】台南市後壁區烏樹里,2015/10/02 8:15至2015/10/09 18:0,2015/10/09 18:0以後,06-6852135,2015/10/1~2015/10/10,731台南市後壁區     
【停水區域一】台南市東山區東中里,2015/10/02 8:0至2015/10/09 18:0,2015/10/09 18:0以後,06-6852135,2015/10/1~2015/10/10,733台南市東山區     
,,,06-6852135,2015/10/1~2015/10/10,
【區域1】台東縣台東市梧州街、漢陽南路2-120(雙)號、漢陽南路28巷,2015/10/03 8:0至2015/10/08 18:0【每日上午8點至下午6點】,2015/10/08 18:0以後,承包商電話:0963-410352(黃琦莉)    監造人員電話:0928-170847(林明毅),2015/10/1~2015/10/9,950台東縣台東市     
【停水區域一】台中市霧峰區中正路228巷全部,2015/10/02 8:50至2015/10/30 18:0,2015/10/30 18:0以後,23393138,2015/10/2~2015/10/31,413台中市霧峰區     
【停水區域一】台中市北區五權路以東.錦新街以南.三民路三段以西.錦平街以北(錦平里),2015/10/08 8:0至2015/10/08 16:0,2015/10/08 16:0以後,22210169,2015/10/2~2015/10/9,404台中市北區       
【停水區域一】台中市北區北平三街以東.北平四街以南.北平四街以西.北平路一段以北(立人里),2015/10/14 8:30至2015/10/14 16:0,2015/10/14 16:0以後,22210169,2015/10/2~2015/10/15,404台中市北區       
【停水區域一】台中市太平區東平路兩側(中興東路-東平橋)、中和街、成功東路、東村路、建興北路、中平路等一帶。(包含周遭巷道),2015/10/19 8:0至2015/12/31 17:30,2015/12/31 17:30以後,1910.22442469,2015/10/2~2016/1/1,411台中市太平區     
【停水區域一】新北市板橋區國慶路2~182號雙號側(已上含巷弄)遇雨順延,2015/10/01 9:0至2015/10/09 16:0,2015/10/09 16:0以後,29612196.29612197,2015/10/2~2015/10/10,220新北市板橋區     
【停水區域一】基隆市七堵區八德路;大同街;大成街;大華一路;大華二路;大華三路;大德路;工東街;工建北路;工建西路;工建南路;工建路;六堵一街;六堵二街;永富路;光明路;百一街;百七街;百二街;百三街;百五街;百六街;自治北街;自治街;自強路;明德一路;明德二路;明德三路;東新街;長安街;俊德街;俊賢路;南光街;南興路;泰安路;泰和街;堵南街;崇孝街;崇信街;崇智街;崇廉街;崇義街;崇禮街;華新一路;華新二路;開元路;溪頭街;實踐路;福一街;福二街;福三街;福五街;福六街;綠葉街;麗景一街;麗景二街三合街含各巷、弄等一帶。;基隆市安樂區麥金路(橘郡);樂利二街(壯觀台北)含各巷、弄等一帶。,2015/10/06 8:0至2015/10/07 7:0,2015/10/07 7:0以後,24252103-59,2015/10/2~2015/10/8,206基隆市七堵區     204基隆市安樂區     
【停水區域一】台南市東山區三榮里全部(下寮除外),2015/10/05 8:0至2015/10/07 18:0,2015/10/07 18:0以後,06-6852135,2015/10/2~2015/10/8,733台南市東山區     
【停水區域一】台南市永康區1、永二街244巷2弄、4弄、6弄、8弄全部。;2、永二街196巷全部。;3、及鄰近路段。,2015/10/05 8:0至2015/10/14 18:0,2015/10/14 18:0以後,1910   06-2325714,2015/10/2~2015/10/15,710台南市永康區     
【停水區域一】嘉義縣番路鄉民和村;客庄;岩仔後;半天岩;埔尾;頂客庄,2015/10/06 8:0至2015/11/16 20:0,2015/11/16 20:0以後,05-2611075,2015/10/2~2015/11/17,602嘉義縣番路鄉     
【停水區域一】新北市五股區成泰路一段(9~83號、2~38號)、成泰路一段8巷、成泰路一段34巷,2015/10/02 22:0至2015/10/10 6:0,2015/10/10 6:0以後,29097480,2015/10/2~2015/10/11,248新北市五股區     
【停水區域一】彰化縣二林鎮永興里;西庄里;萬興里;華崙里;梅芳里;振興里;彰化縣田尾鄉海豐村;彰化縣埔鹽鄉天盛村;石埤村;新水村;三省村;彰化縣溪湖鎮湳底里;河東里;田中里;北勢里;汴頭里,2015/10/04 22:0至2015/10/06 10:0,2015/10/06 10:0以後,048851778,2015/10/2~2015/10/7,526彰化縣二林鎮     522彰化縣田尾鄉     516彰化縣埔鹽鄉     514彰化縣溪湖鎮     
【區域1】台東縣卑南鄉建和、利嘉、新園、大南、蘇巴陽、泰安、太平、十股及賓朗、台九線中興路六段,2015/10/07 8:0至2015/10/07 11:0【每日上午8點至上午11點】,2015/10/07 11:0以後,承包商電話:0937-390925(陳連文)    監造人員電話:0920-771636(盧中強),2015/10/2~2015/10/8,954台東縣卑南鄉     
【區域1】台東縣卑南鄉大南、利嘉、台九線中興路六段,2015/10/07 12:0至2015/10/08 8:0【每日中午12點至隔日(10/8)上午8點】,2015/10/08 8:0以後,承包商電話:0937-390925(陳連文)    監造人員電話:0920-771636(盧中強),2015/10/2~2015/10/9,954台東縣卑南鄉     
【停水區域一】雲林縣斗六市龍潭里、保庄里、久安里、長平里-雲林路三段;雲林縣斗南鎮東明里-雲林路三段(雙號),2015/09/30 8:30至2015/10/08 17:30,2015/10/08 17:30以後,5322362,2015/10/5~2015/10/9,640雲林縣斗六市     630雲林縣斗南鎮     
【停水區域一】雲林縣大埤鄉西鎮村,2015/10/05 8:0至2015/10/10 18:0,2015/10/10 18:0以後,05-5972682,2015/10/5~2015/10/11,631雲林縣大埤鄉     
【區域1】苗栗縣卓蘭鎮坪林里;雙連,2015/10/05 8:20至2015/10/06 12:0 ,2015/10/06 12:0以後,,2015/10/5~2015/10/7,369苗栗縣卓蘭鎮     
【區域1】苗栗縣卓蘭鎮坪林里;雙連,2015/10/05 8:20至2015/10/06 12:0 ,2015/10/06 12:0以後,,2015/10/5~2015/10/7,369苗栗縣卓蘭鎮     
【區域1】台中市和平區梨山里,2015/10/05 8:20至2015/10/06 12:0 ,2015/10/06 12:0以後,,2015/10/5~2015/10/7,424台中市和平區     
【區域1】台中市和平區梨山里,2015/10/05 8:20至2015/10/06 12:0 ,2015/10/06 12:0以後,,2015/10/5~2015/10/7,424台中市和平區     
【停水區域一】彰化縣埔鹽鄉新水村、天盛村、石埤村,2015/10/05 10:0至2015/10/19 18:0,2015/10/19 18:0以後,監工人員-工務課朱延清(04-7245031*312)、承包商-振益水電工業股份有限公司許德偉(0910-537813),2015/10/5~2015/10/20,516彰化縣埔鹽鄉     
【停水區域一】彰化縣永靖鄉彰化縣永靖鄉瑚璉路、中山路一段、中山路一段779巷、永久路、八德巷;四維巷、永坡路、西門路、育才路、王厝路、仁一路、西南巷、文建街、水尾路、水尾路50巷72巷100巷148巷160巷186巷202巷230巷280巷291巷等;彰化縣埔心鄉奉天路,2015/10/05 8:0至2015/10/19 18:0,2015/10/19 18:0以後,承包商-沅盛工程有限公司陳耀煌0933561826、監工人員-楊凱鈞047245031*301,2015/10/5~2015/10/20,512彰化縣永靖鄉     513彰化縣埔心鄉     
【停水區域一】台中市豐原區成功路.;大明路.;合作街.;三和路.;中興路.;西勢路.;協力街.;安和路.;社興路.;社興一街~社興五街.;一心路.;西勢一街~西勢六街.;豐原大道一段.;中正路.;圓環南路,2015/10/06 8:30至2015/10/19 17:30,2015/10/19 17:30以後,豐原服務所25269895豐原給水廠25722643,2015/10/5~2015/10/20,420台中市豐原區     
【停水區域一】雲林縣台西鄉五港村;富琦村;和豐村;永豐村;五港路;仁愛路;忠孝路;信義路;海產路;崙豐路,2015/10/06 8:0至2015/10/09 18:0,2015/10/09 18:0以後,05-6982250,2015/10/5~2015/10/10,636雲林縣台西鄉     
【停水區域一】新北市泰山區明志路3段145巷34弄雙側用戶(全);(每日上午9時至下午5時),2015/10/05 9:0至2015/10/08 17:0,2015/10/08 17:0以後,02-29968961,2015/10/5~2015/10/9,243新北市泰山區     
【停水區域一】宜蘭縣頭城鎮拔雅路1號至46號;宜三路2段407號至439號(包含410巷及461巷);吉祥路105號至300-2號(包含298巷);福成路37號至69號,2015/10/07 0:0至2015/10/07 4:0,2015/10/07 4:0以後,03-9233017,2015/10/5~2015/10/8,261宜蘭縣頭城鎮     
【停水區域一】台中市大肚區瑞井里;蔗部里，自強里;台中市龍井區新東里;新庄里;南寮里，東海里,2015/10/06 11:0至2015/10/06 14:0,2015/10/06 14:0以後,04-26312617,2015/10/5~2015/10/7,432台中市大肚區     434台中市龍井區     
【停水區域一】台南市安南區郡安路四段89巷,2015/10/06 10:0至2015/10/06 17:0,2015/10/06 17:0以後,06-3036097,2015/10/5~2015/10/7,709台南市安南區     
【停水區域一】宜蘭縣羅東鎮羅東鎮南昌街61-17 ~ 21號  間附近用戶，共計約10戶,2015/10/06 13:0至2015/10/06 17:0,2015/10/06 17:0以後,9589176,2015/10/5~2015/10/7,265宜蘭縣羅東鎮     
【停水區域一】台東縣卑南鄉初鹿社區等全部,2015/10/05 14:0至2015/10/15 17:0,2015/10/15 17:0以後,謝明達 0912-198885,2015/10/5~2015/10/16,954台東縣卑南鄉     
【停水區域一】台東縣卑南鄉初鹿二街等全部,2015/10/05 8:0至2015/10/15 17:30,2015/10/15 17:30以後,謝明達 0912-198885,2015/10/5~2015/10/16,954台東縣卑南鄉     
【停水區域一】高雄市內門區內湖;虎頭山,2015/10/05 14:0至2015/10/06 16:0,2015/10/06 16:0以後,06-5742323,2015/10/5~2015/10/7,845高雄市內門區     
【停水區域一】苗栗縣銅鑼鄉中平村,2015/10/05 16:5至2015/10/06 0:0,2015/10/06 0:0以後,037-986206  037-986218,2015/10/5~2015/10/7,366苗栗縣銅鑼鄉     
【停水區域一】彰化縣溪州鄉溪厝村水尾村三圳村三條村潮洋村全部,2015/10/06 8:0至2015/10/07 18:0,2015/10/07 18:0以後,04-8793211,2015/10/5~2015/10/8,524彰化縣溪州鄉     
【停水區域一】雲林縣崙背鄉崙前村;自強街,2015/10/07 8:0至2015/10/07 18:0,2015/10/07 18:0以後,05-5862163,2015/10/5~2015/10/8,637雲林縣崙背鄉     
【停水區域一】新北市樹林區日新街(長壽街口至樹德街口).中山路1段58巷及中山路1段76巷全段,2015/10/07 9:0至2015/10/21 18:0,2015/10/21 18:0以後,02-26812526,2015/10/5~2015/10/22,238新北市樹林區     
【區域1】高雄市鳳山區鳳山區園墘路以北、溪濱路以東、園中路以南、園盛路以西,2015/10/06 9:0至2015/10/07 18:0【每日上午9點至下午6點】,2015/10/07 18:0以後,07-7883714,2015/10/5~2015/10/8,830高雄市鳳山區     
【區域2】高雄市鳳山區鳳山區中山東路以北、黃埔路以東、黃埔路32巷以南,2015/10/08 9:0至2015/10/09 18:0【每日上午9點至下午6點】,2015/10/09 18:0以後,07-7883714,2015/10/5~2015/10/10,830高雄市鳳山區     
【區域1】高雄市鳳山區鳳山區園墘路以北、溪濱路以東、園中路以南、園盛路以西,2015/10/06 9:0至2015/10/07 18:0【每日上午9點至下午6點】,2015/10/07 18:0以後,07-7883714,2015/10/5~2015/10/8,830高雄市鳳山區     
【區域2】高雄市鳳山區鳳山區中山東路以北、黃埔路以東、黃埔路32巷以南,2015/10/8 9:0至2015/10/9 18:0【每日上午9點至下午6點】,2015/10/9 18:0以後,07-7883714,2015/10/5~2015/10/10,830高雄市鳳山區     
【區域1】新北市平溪區全部村里,2015/10/05 17:0至2015/10/06 17:0 ,2015/10/06 17:0以後,02-26631096,2015/10/5~2015/10/7,226新北市平溪區     
【區域1】新北市平溪區全部村里,2015/10/05 17:0至2015/10/06 17:0 ,2015/10/06 17:0以後,02-26631096,2015/10/5~2015/10/7,226新北市平溪區     
【停水區域一】雲林縣褒忠鄉田洋村;龍岩村,2015/10/06 8:0至2015/10/06 18:0,2015/10/06 18:0以後,05-6622545,2015/10/5~2015/10/7,634雲林縣褒忠鄉     
,,,(07)3513332,2015/10/5~2015/10/7,
【區域1】高雄市岡山區大庄里、新庄里、台上里、華岡里,2015/10/05 20:0至2015/10/06 1:0 ,2015/10/06 1:0以後,,2015/10/5~2015/10/7,820高雄市岡山區     
【區域1】高雄市大寮區昭明里、義仁里、會結里、潮寮里、過溪路、新厝里、內坑里、大寮里;高雄市林園區全,2015/10/05 21:0至2015/10/06 21:0 ,2015/10/06 21:0以後,,2015/10/5~2015/10/7,831高雄市大寮區     832高雄市林園區     
【區域1】台中市沙鹿區自強路175巷~355巷附近一帶,2015/10/05 22:30至2015/10/06 3:0 ,2015/10/06 3:0以後,,2015/10/5~2015/10/7,433台中市沙鹿區     
【停水區域一】屏東縣高樹鄉鹽樹村;南麂新村,2015/10/06 9:0至2015/10/06 12:0,2015/10/06 12:0以後,087963973,2015/10/6~2015/10/7,906屏東縣高樹鄉     
【停水區域一】桃園市蘆竹區宏竹里,2015/10/06 9:0至2015/10/06 17:0,2015/10/06 17:0以後,03-3346128,2015/10/6~2015/10/7,338桃園市蘆竹區     
【停水區域一】高雄市鳳山區信義街、新生街、中山西路、五權路、五權南路、忠義街、中華街、新生街、華明街、文聖街、自由路、平等路、曹公路、光復路、鳳崗路、復興街、復華街、立志街、中和街、中興路、中正路、明生路、光明路、中山路、青年路等附近地區,2015/10/06 9:0至2015/10/06 21:0,2015/10/06 21:0以後,7883714,2015/10/6~2015/10/7,830高雄市鳳山區     
【停水區域一】高雄市旗津區復興里(由中洲三路145號至中洲三路663號)一帶,2015/10/06 10:0至2015/10/07 18:0,2015/10/07 18:0以後,3312292-237,2015/10/6~2015/10/8,805高雄市旗津區     
【停水區域一】台中市龍井區中山二路2~24號  中央路3段24巷  (含巷弄)  中央路2段200巷 (含巷弄),2015/10/06 15:0至2015/10/06 18:0,2015/10/06 18:0以後,26312127,2015/10/6~2015/10/7,434台中市龍井區     
【停水區域一】雲林縣北港鎮建國路.文明路.懷恩街.民樂路.文仁路等區域,2015/10/06 13:30至2015/10/06 17:30,2015/10/06 17:30以後,05-7832040,2015/10/6~2015/10/7,651雲林縣北港鎮     
【區域1】台中市東勢區上城里;下新里;慶東里;慶福里,2015/10/06 9:0至2015/10/06 17:0 ,2015/10/06 17:0以後,,2015/10/6~2015/10/7,423台中市東勢區     
【區域1】台中市東勢區上城里;下新里;慶東里;慶福里,2015/10/06 9:0至2015/10/06 17:0 ,2015/10/06 17:0以後,,2015/10/6~2015/10/7,423台中市東勢區     
【區域1】苗栗縣卓蘭鎮坪林里;雙連,2015/10/06 8:40至2015/10/06 18:0 ,2015/10/06 18:0以後,,2015/10/6~2015/10/7,369苗栗縣卓蘭鎮     
【區域1】苗栗縣卓蘭鎮坪林里;雙連,2015/10/06 8:40至2015/10/06 18:0 ,2015/10/06 18:0以後,,2015/10/6~2015/10/7,369苗栗縣卓蘭鎮     
【停水區域一】台南市官田區官田區中山路1段108號附近,2015/10/06 9:0至2015/10/06 11:0,2015/10/06 11:0以後,5721165,2015/10/6~2015/10/7,720台南市官田區     
【停水區域一】桃園市中壢區明德里(全) 長沙路、環中東路二段(龍岡路二段~福州路)、桂林街、合浦街、五華街、昆明街、珠江街、苑平街、吉長街、惠州街、昆明街、內江街、南雄街、廈門街等(以上含所有巷道),2015/10/06 10:0至2015/10/06 17:0,2015/10/06 17:0以後,4251506,2015/10/6~2015/10/7,320桃園市中壢區     
【停水區域一】台南市官田區官田區烏山頭水庫堤防岸邊,2015/10/06 14:0至2015/10/06 18:0,2015/10/06 18:0以後,5721165,2015/10/6~2015/10/7,720台南市官田區     
【停水區域一】台南市新營區中華路,2015/10/06 9:0至2015/10/06 14:0,2015/10/06 14:0以後,066322240,2015/10/6~2015/10/7,730台南市新營區     
【區域1】新北市八里區忠孝路15~209單號側、忠孝路2~462雙號側、忠二、四、五、七、八街、文化街、文心路、觀海大道全,2015/10/06 9:30至2015/10/06 14:30【當日上午9點30分至下午2點30分，工程施工完畢即恢復供水】,2015/10/06 14:30以後,22821817,2015/10/6~2015/10/7,249新北市八里區     
【停水區域一】桃園市新屋區中華路-石磊里,2015/10/06 12:0至2015/10/06 18:0,2015/10/06 18:0以後,4789261,2015/10/6~2015/10/7,327桃園市新屋區     
【停水區域一】台中市西屯區西安街、文華路、僑光路、福星北路、烈美街、廣福路、福星路、華夏巷、逢大路、漢翔路等附近一帶,2015/10/06 8:57至2015/10/06 16:0,2015/10/06 16:0以後,1910.22442469,2015/10/6~2015/10/7,407台中市西屯區     
【停水區域一】苗栗縣頭份鎮蘆竹里,2015/10/06 9:0至2015/10/06 17:30,2015/10/06 17:30以後,623500,2015/10/6~2015/10/7,351苗栗縣頭份鎮     
【停水區域一】花蓮縣光復鄉中山路一段;中山路二段;中興路;大進街;復興街;糖廠街,2015/10/07 9:30至2015/10/08 17:30,2015/10/08 17:30以後,03-8351141,2015/10/6~2015/10/9,976花蓮縣光復鄉     
【停水區域一】苗栗縣造橋鄉大西村*大坪村,2015/10/06 9:0至2015/10/06 15:0,2015/10/06 15:0以後,037330637*320334*0933545775,2015/10/6~2015/10/7,361苗栗縣造橋鄉     
【停水區域一】台中市西屯區福安一街;福安二街;福安三街 等附近,2015/10/06 9:35至2015/10/06 14:35,2015/10/06 14:35以後,22442469-1910,2015/10/6~2015/10/7,407台中市西屯區     
【停水區域一】雲林縣古坑鄉棋盤村 棋山路,2015/10/06 9:30至2015/10/06 13:0,2015/10/06 13:0以後,05-5322362,2015/10/6~2015/10/7,646雲林縣古坑鄉     
【停水區域一】宜蘭縣羅東鎮陽明路;東宜二路,2015/10/06 9:50至2015/10/06 12:0,2015/10/06 12:0以後,039553098 ; 0937849882,2015/10/6~2015/10/7,265宜蘭縣羅東鎮     
【停水區域一】新北市泰山區泰林路二段、仁愛路含週邊巷弄,2015/10/06 10:30至2015/10/07 8:30,2015/10/07 8:30以後,29097480,2015/10/6~2015/10/8,243新北市泰山區     
【停水區域一】嘉義市東區芳安里立仁路及信興街及芳安路與宣信街沿線含巷弄等附近一帶全部,2015/10/06 8:30至2015/10/06 11:30,2015/10/06 11:30以後,05-2779117,2015/10/6~2015/10/7,600嘉義市東區       
【停水區域一】南投縣名間鄉名松路二段、,2015/10/06 10:15至2015/10/06 12:15,2015/10/06 12:15以後,2222635,2015/10/6~2015/10/7,551南投縣名間鄉     
【停水區域一】台中市西屯區河南東三街、河南東二街、成都路、寧夏東一街、寧夏東二街、寧夏東三街、寧夏東五街、河南路一段、寧夏東六街、漢口路二段、寧夏東七街、寧夏東八街、河南東一街、河南東三街、河南東四街;重慶路;寧夏東四街;寧夏路;漢成一街;漢成四街;漢成街;河南東三街;河南東五街;華美西街二段 等附近,2015/10/06 8:47至2015/10/06 16:0,2015/10/06 16:0以後,1910.22442469,2015/10/6~2015/10/7,407台中市西屯區     
【停水區域一】高雄市美濃區民族路、廣興街、興隆路、民權路、圓山街、雙峰街、福美路及中山路等一帶皆受影響（下午六時以後至隔天八點以前，前述路段皆減壓供水）。,2015/10/06 10:0至2015/11/05 23:59,2015/11/05 23:59以後,0933376319,2015/10/6~2015/11/6,843高雄市美濃區     
【停水區域一】雲林縣斗六市長安里、萬年路、萬年東路、萬年路巷子,2015/10/06 13:30至2015/10/06 16:0,2015/10/06 16:0以後,5322362,2015/10/6~2015/10/7,640雲林縣斗六市     
【停水區域一】雲林縣斗六市社口里-鎮南路、鎮南路220巷、鎮南路240巷、中堅東路、中堅東路130巷、中堅西路、大智街、大仁街、鎮南路120巷、中山路330巷,2015/10/02 8:30至2015/10/15 18:30,2015/10/15 18:30以後,5322362,2015/10/6~2015/10/16,640雲林縣斗六市     
【區域1】台中市東勢區中嵙里;福隆里,2015/10/06 10:40至2015/10/06 18:0 ,2015/10/06 18:0以後,,2015/10/6~2015/10/7,423台中市東勢區     
【區域1】台中市東勢區中嵙里;福隆里,2015/10/06 10:40至2015/10/06 18:0 ,2015/10/06 18:0以後,,2015/10/6~2015/10/7,423台中市東勢區     
【停水區域一】南投縣埔里鎮蜈蚣里,2015/10/06 10:30至2015/10/06 14:0,2015/10/06 14:0以後,0492915176,2015/10/6~2015/10/7,545南投縣埔里鎮     
【停水區域一】高雄市旗津區全部村里,2015/10/06 11:0至2015/10/06 12:30,2015/10/06 12:30以後,07-7321319,2015/10/6~2015/10/7,805高雄市旗津區     
【停水區域一】台中市太平區樹德一街;樹德路;振福路;新高路;新高路忠孝巷;新高路忠義巷;新高東路;中山路四段;振武路近一帶,2015/10/06 10:50至2015/10/06 15:50,2015/10/06 15:50以後,22442469.1910,2015/10/6~2015/10/7,411台中市太平區     
【停水區域一】高雄市三民區民族路以東（含高醫、博惠里、安康里、安寧里、安發里、安吉里、寶獅里、寶盛里、寶安里、寶中里、寶興里、寶泰里、寶德里、寶國里、寶慶里、寶民里、寶華里、寶業里、寶龍里、寶珠里、寶玉里、正興里、正順里、本武里、本元里、本安里、本上里、本揚里、本文里、本和里、本館里、灣復里、灣中里、灣華里、灣勝里、灣利里、灣成里、灣子里、灣愛里、灣復里、鼎中里、鼎西里、鼎金里、鼎力里、鼎強里、鼎盛里）;高雄市左營區全區;高雄市鳥松區大華里、夢裡里、鳥松里、?埔里的鳥松國中一帶、長庚醫院、圓山飯店、正修科技大學、文山綜合高中、本處觀光區、宿舍一、二、三村;高雄市鼓山區全區;高雄市鳳山區忠孝里、忠義里、中和里、文德里、武慶里、武漢里、新強里高速公路以西、新武里,2015/10/18 6:30至2015/10/18 19:30,2015/10/18 19:30以後,1910,2015/10/6~2015/10/19,807高雄市三民區     813高雄市左營區     833高雄市鳥松區     804高雄市鼓山區     830高雄市鳳山區     
【停水區域一】桃園市楊梅區三民北路,2015/10/06 11:0至2015/10/06 14:0,2015/10/06 14:0以後,4789261,2015/10/6~2015/10/7,326桃園市楊梅區     
【停水區域一】台南市西港區中州,2015/10/06 13:0至2015/10/06 17:0,2015/10/06 17:0以後,7222477,2015/10/6~2015/10/7,723台南市西港區     
【停水區域一】基隆市七堵區百一街;百七街;百二街;百三街;百五街;百六街;{全部};福一街;福二街;福三街;福五街;福六街;溪頭街;實踐路;堵南街含各巷、弄等一帶。,2015/10/06 11:15至2015/10/06 13:0,2015/10/06 13:0以後,24252103-59,2015/10/6~2015/10/7,206基隆市七堵區     
【停水區域一】新北市樹林區柑園街一段,2015/10/06 13:0至2015/10/06 18:0,2015/10/06 18:0以後,26792527.26792224,2015/10/6~2015/10/7,238新北市樹林區     
【停水區域一】基隆市仁愛區光一路;光二路;成功一路;華一街;華二街;華三街;華五街;華六街;華四街含各巷、弄等一帶。,2015/10/06 11:25至2015/10/06 1:30,2015/10/06 1:30以後,24252103-59,2015/10/6~2015/10/7,200基隆市仁愛區     
【停水區域一】桃園市新屋區東興路一段;二段,2015/10/06 11:30至2015/10/06 15:0,2015/10/06 15:0以後,4789261,2015/10/6~2015/10/7,327桃園市新屋區     
【停水區域一】新北市三峽區大同路;中正路一段;永安街;介壽路一段;中華路含周邊巷道,2015/10/06 11:0至2015/10/06 15:0,2015/10/06 15:0以後,26792224,2015/10/6~2015/10/7,237新北市三峽區     
【停水區域一】台南市玉井區中正路(1-102號全部};層林(水壓降低全部},2015/10/06 13:0至2015/10/06 18:0,2015/10/06 18:0以後,06-5742323,2015/10/6~2015/10/7,714台南市玉井區     
【區域1】台南市新營區東山3路,2015/10/06 13:0至2015/10/06 17:0 ,2015/10/06 17:0以後,,2015/10/6~2015/10/7,730台南市新營區     
【停水區域一】台南市官田區官田區建業路3號附近,2015/10/06 14:30至2015/10/06 16:30,2015/10/06 16:30以後,5721165,2015/10/6~2015/10/7,720台南市官田區     
【停水區域一】台中市南區和昌街;忠明南路;南平路;南平一街;美村路二段;美和街;新和街;福平街;福德街等附近一帶,2015/10/06 14:0至2015/10/06 18:0,2015/10/06 18:0以後,04-22442469.1910,2015/10/6~2015/10/7,402台中市南區       
【停水區域一】桃園市觀音區坑尾里;新興里;三和里;保生里,2015/10/06 13:45至2015/10/06 20:0,2015/10/06 20:0以後,3862156,2015/10/6~2015/10/7,328桃園市觀音區     
【停水區域一】台中市太平區長億一街如意巷;長億一街吉祥巷;長億一街;長億二街;長億三街;長億南二街;長億東三街;長億五街;長億六街;長億東五街;太平路;太平一街;太平三街;長億路;太平八街;精美路;鵬儀路近一帶,2015/10/06 13:50至2015/10/06 17:50,2015/10/06 17:50以後,22442469.1910,2015/10/6~2015/10/7,411台中市太平區     
【停水區域一】苗栗縣苗栗市勝利里*新生地,2015/10/06 13:0至2015/10/06 19:0,2015/10/06 19:0以後,0933545775-330637-320334,2015/10/6~2015/10/7,360苗栗縣苗栗市     
【停水區域一】基隆市暖暖區過港路;暖中路;寧靜街含各巷、弄等一帶。,2015/10/06 14:0至2015/10/06 17:30,2015/10/06 17:30以後,24252103-59,2015/10/6~2015/10/7,205基隆市暖暖區     
【停水區域一】新竹市東區科學園路;惠民街;愛民街;裕民街;民享街;民享一街～二街;民治街;民有街;民有一街～二街;光復路一段(607巷、543巷、531巷附近);育民街,2015/10/06 10:15至2015/10/06 14:30,2015/10/06 14:30以後,1910、新竹服務所 03-5714321、區管理處03-5712141～3,2015/10/6~2015/10/7,300新竹市東區       
【區域1】苗栗縣卓蘭鎮上新里;老庄里;中街里;內灣里;新厝里,2015/10/06 14:0至2015/10/06 18:0 ,2015/10/06 18:0以後,,2015/10/6~2015/10/7,369苗栗縣卓蘭鎮     
【區域1】苗栗縣卓蘭鎮上新里;老庄里;中街里;內灣里;新厝里,2015/10/06 14:0至2015/10/06 18:0 ,2015/10/06 18:0以後,,2015/10/6~2015/10/7,369苗栗縣卓蘭鎮     
【停水區域一】台中市大肚區瑞井里;蔗部里，自強里;台中市龍井區新東里;新庄里;南寮里，東海里,2015/10/06 11:0至2015/10/06 16:0,2015/10/06 16:0以後,04-26312617,2015/10/6~2015/10/7,432台中市大肚區     434台中市龍井區     
【區域1】台中市和平區梨山里,2015/10/06 14:10至2015/10/06 18:0 ,2015/10/06 18:0以後,,2015/10/6~2015/10/7,424台中市和平區     
【區域1】台中市和平區梨山里,2015/10/06 14:10至2015/10/06 18:0 ,2015/10/06 18:0以後,,2015/10/6~2015/10/7,424台中市和平區     
【停水區域一】台南市鹽水區大莊里/歡雅里/竹埔里/大庄/下林/姑爺,2015/10/05 9:0至2015/10/06 18:0,2015/10/06 18:0以後,06-6322240,2015/10/6~2015/10/7,737台南市鹽水區     
【停水區域一】台中市烏日區學田路論仔巷、568巷,2015/10/06 14:0至2015/10/06 17:0,2015/10/06 17:0以後,04-23381614,2015/10/6~2015/10/7,414台中市烏日區     
【停水區域一】台南市安定區中榮里,2015/10/06 14:0至2015/10/06 19:0,2015/10/06 19:0以後,06-5973437,2015/10/6~2015/10/7,745台南市安定區     
【停水區域一】台中市沙鹿區沙鹿區三鹿里自強路一帶(保寧路以西至向上路止)。,2015/10/06 14:30至2015/10/06 16:30,2015/10/06 16:30以後,04-26312127,2015/10/6~2015/10/7,433台中市沙鹿區     
【停水區域一】南投縣埔里鎮杷城里,2015/10/06 13:50至2015/10/06 17:0,2015/10/06 17:0以後,049-2915176,2015/10/6~2015/10/7,545南投縣埔里鎮     
【停水區域一】苗栗縣苗栗市福麗里忠孝設區,2015/10/06 15:0至2015/10/06 18:0,2015/10/06 18:0以後,037330637*037320334*0933545775,2015/10/6~2015/10/7,360苗栗縣苗栗市     
【停水區域一】台中市西屯區至善路;青海路二段;西屯路二段;逢甲路;西屯路二段湳子巷;西屯路二段上石南八巷;西屯路二段上石南十巷;西屯路二段上石南六巷;西屯路二段英林巷 等附近,2015/10/06 15:0至2015/10/06 20:0,2015/10/06 20:0以後,22442469-1910,2015/10/6~2015/10/7,407台中市西屯區     
【停水區域一】台南市北區東豐路、小東路,2015/10/06 15:0至2015/10/06 20:0,2015/10/06 20:0以後,06-3036097,2015/10/6~2015/10/7,704台南市北區       
【停水區域一】新竹縣新埔鎮中正路,2015/10/06 15:0至2015/10/06 18:0,2015/10/06 18:0以後,03-5552501,2015/10/6~2015/10/7,305新竹縣新埔鎮     
【停水區域一】南投縣集集鎮吳厝里;民生路;民生東路;水源巷;文心街;文化街;民權路;玉映巷;佛廟巷;吳厝巷;育才街;車路巷;和平街;林厝巷;初中一街;初中二街;初中街;集中巷;集民街;集鹿路;集集街;集賢街,2015/10/06 15:0至2015/10/07 18:0,2015/10/07 18:0以後,0492762076,2015/10/6~2015/10/8,552南投縣集集鎮     
【停水區域一】台中市西區民生北路;公益路;大和路;民權路;模範街;向上路一段 等附近,2015/10/06 15:15至2015/10/06 18:15,2015/10/06 18:15以後,22442469-1910,2015/10/6~2015/10/7,403台中市西區       
【停水區域一】高雄市新興區自立一路6巷33號附近一帶,2015/10/06 15:15至2015/10/06 17:15,2015/10/06 17:15以後,07-7321319,2015/10/6~2015/10/7,800高雄市新興區     
【停水區域一】嘉義縣水上鄉柳鄉村柳林村柳子林等附近一帶全部,2015/10/06 15:0至2015/10/06 18:0,2015/10/06 18:0以後,05-2779117,2015/10/6~2015/10/7,608嘉義縣水上鄉     
【停水區域一】台中市西屯區西安街、文華路、僑光路、福星北路、烈美街、廣福路、福星路、華夏巷、逢大路、漢翔路等附近一帶,2015/10/06 15:25至2015/10/06 22:25,2015/10/06 22:25以後,22442469-1910,2015/10/6~2015/10/7,407台中市西屯區     
【停水區域一】宜蘭縣冬山鄉進利路;進利一路;進利二路;進利三路;進利五路,2015/10/06 15:30至2015/10/06 17:30,2015/10/06 17:30以後,0937849892(免費客務專線1910廣興給水廠服務電話039553098),2015/10/6~2015/10/7,269宜蘭縣冬山鄉     
【停水區域一】雲林縣西螺鎮延平路;因200mm管線漏水必須停水搶修。不便之處敬請用戶體諒並儲水備用，停水區文昌國小對面西至埔心橋止停水期於正常供水。,2015/10/06 16:0至2015/10/06 22:0,2015/10/06 22:0以後,05-5862163,2015/10/6~2015/10/7,648雲林縣西螺鎮     
【停水區域一】南投縣草屯鎮復興里;敦和里;碧洲里;碧峰里;成功路一段;成功路一段冠華巷;成功路一段慧音巷;保安街;草溪路;復興路;碧山路;碧峰路;碧興路一段;碧興路二段;立人路(均含巷弄),2015/10/07 8:30至2015/10/07 13:0,2015/10/07 13:0以後,049-2563505,2015/10/6~2015/10/8,542南投縣草屯鎮     
【停水區域一】台南市鹽水區行昌路及巷弄,2015/10/06 16:20至2015/10/06 20:0,2015/10/06 20:0以後,066322240,2015/10/6~2015/10/7,737台南市鹽水區     
【停水區域一】雲林縣麥寮鄉三盛村;新吉村;雷厝村;橋頭村;施厝村,2015/10/07 8:30至2015/10/07 16:0,2015/10/07 16:0以後,05-6982250,2015/10/6~2015/10/8,638雲林縣麥寮鄉     
【區域1】台東縣台東市更生北路514、496巷單、雙號,2015/10/07 8:0至2015/10/11 18:0【每日上午8點至下午6點】,2015/10/11 18:0以後,承包商電話:0937-390925(陳連文)    監造人員電話:0932-559811(謝仲科),2015/10/6~2015/10/12,950台東縣台東市     
【停水區域一】台中市南屯區台中市南屯區永春東七路以東.三和街以南.三厝街以西.五權西路2段以北(永定里),2015/10/15 8:30至2015/10/15 16:0,2015/10/15 16:0以後,22210169,2015/10/6~2015/10/16,408台中市南屯區     
【停水區域一】台南市鹽水區中正路/朝琴路,2015/10/06 17:0至2015/10/06 21:0,2015/10/06 21:0以後,06-6322240,2015/10/6~2015/10/7,737台南市鹽水區     
【停水區域一】桃園市楊梅區富岡里,2015/10/06 16:40至2015/10/06 20:0,2015/10/06 20:0以後,4789261,2015/10/6~2015/10/7,326桃園市楊梅區     
【區域1】台中市東勢區上城里;下新里,2015/10/06 18:0至2015/10/07 8:0 ,2015/10/07 8:0以後,,2015/10/6~2015/10/8,423台中市東勢區     
【區域1】台中市東勢區上城里;下新里,2015/10/06 18:0至2015/10/07 8:0 ,2015/10/07 8:0以後,,2015/10/6~2015/10/8,423台中市東勢區     
【停水區域一】新北市鶯歌區南雅路.育才街.國慶街,2015/10/06 17:0至2015/10/06 21:0,2015/10/06 21:0以後,26792527.26792224,2015/10/6~2015/10/7,239新北市鶯歌區     
【停水區域一】宜蘭縣羅東鎮羅東鎮站前南路16號至200號、站前南路22巷1號至4號  間附近用戶，共計約120戶,2015/10/07 13:0至2015/10/07 17:0,2015/10/07 17:0以後,9589176,2015/10/6~2015/10/8,265宜蘭縣羅東鎮     
【區域1】苗栗縣卓蘭鎮坪林里;雙連,2015/10/06 18:0至2015/10/07 12:0 ,2015/10/07 12:0以後,,2015/10/6~2015/10/8,369苗栗縣卓蘭鎮     
【區域1】苗栗縣卓蘭鎮坪林里;雙連,2015/10/06 18:0至2015/10/07 12:0 ,2015/10/07 12:0以後,,2015/10/6~2015/10/8,369苗栗縣卓蘭鎮     
【停水區域一】苗栗縣竹南鎮山佳里,2015/10/06 16:30至2015/10/06 18:30,2015/10/06 18:30以後,623500,2015/10/6~2015/10/7,350苗栗縣竹南鎮     
【停水區域一】苗栗縣苗栗市豪榮社區,2015/10/06 16:0至2015/10/06 19:0,2015/10/06 19:0以後,037-320334、客服專線1910,2015/10/6~2015/10/7,360苗栗縣苗栗市     
【區域1】新北市平溪區白石里;菁桐里,2015/10/06 17:0至2015/10/07 17:0 ,2015/10/07 17:0以後,02-26631096,2015/10/6~2015/10/8,226新北市平溪區     
【停水區域一】新北市土城區中華路2段88-214號.慶祥街全部.慶樂街47-57號,2015/10/07 8:30至2015/10/07 12:0,2015/10/07 12:0以後,02-22655172,2015/10/6~2015/10/8,236新北市土城區     
【停水區域一】新北市土城區永寧路32巷弄全部,2015/10/07 13:30至2015/10/07 17:0,2015/10/07 17:0以後,02-22655172,2015/10/6~2015/10/8,236新北市土城區     
【停水區域一】新北市鶯歌區中正二路,2015/10/06 21:0至2015/10/07 3:0,2015/10/07 3:0以後,26792527.26792224,2015/10/6~2015/10/8,239新北市鶯歌區     
【停水區域一】高雄市大社區嘉誠里水哮巷一帶,2015/10/08 8:0至2015/10/08 18:0,2015/10/08 18:0以後,(07)3513332,2015/10/6~2015/10/9,815高雄市大社區     
【停水區域一】高雄市大社區嘉誠里水哮巷一帶,2015/10/09 8:0至2015/10/09 18:0,2015/10/09 18:0以後,(07)3513332,2015/10/6~2015/10/10,815高雄市大社區     
【停水區域一】高雄市大社區三奶里、觀音里、翠屏里等三民路一帶、三民路321巷、光明街、復興4巷,2015/10/08 8:0至2015/10/09 19:0,2015/10/09 19:0以後,(07)3513332,2015/10/6~2015/10/10,815高雄市大社區     
【停水區域一】高雄市大社區嘉誠里水哮巷一帶,2015/10/07 8:0至2015/10/09 18:0,2015/10/09 18:0以後,(07)3513332,2015/10/6~2015/10/10,815高雄市大社區     
【區域1】高雄市大寮區昭明里、義仁里、會結里、潮寮里、過溪路、新厝里、內坑里、大寮里;高雄市林園區全,2015/10/05 21:0至2015/10/06 23:59 ,2015/10/06 23:59以後,,2015/10/6~2015/10/7,831高雄市大寮區     832高雄市林園區     
【停水區域一】台中市西屯區廣福里廣福路全部.中山一路.中山三路.中山八路.中山路等附近一帶,2015/10/06 21:20至2015/10/06 23:59,2015/10/06 23:59以後,22442469,2015/10/6~2015/10/7,407台中市西屯區     
【停水區域一】南投縣南投市營盤路58巷,2015/10/07 9:0至2015/10/07 12:0,2015/10/07 12:0以後,0492563505,2015/10/7~2015/10/8,540南投縣南投市     
【停水區域一】嘉義縣番路鄉番路村,2015/10/07 10:0至2015/10/07 19:0,2015/10/07 19:0以後,05-2611075,2015/10/7~2015/10/8,602嘉義縣番路鄉     
【停水區域一】桃園市楊梅區光華里;埔心里;永美路1-400號;陸橋南路,2015/10/07 8:0至2015/10/07 10:0,2015/10/07 10:0以後,4789261,2015/10/7~2015/10/8,326桃園市楊梅區     
【停水區域一】嘉義縣中埔鄉隆興村,2015/10/07 8:22至2015/10/07 18:0,2015/10/07 18:0以後,05-2611075,2015/10/7~2015/10/8,606嘉義縣中埔鄉     
【停水區域一】新北市瑞芳區濂新里;明里路;長仁路,2015/10/07 8:30至2015/10/07 13:30,2015/10/07 13:30以後,02-24972411、24972006,2015/10/7~2015/10/8,224新北市瑞芳區     
【停水區域一】高雄市大寮區巷尾路、光明路、林厝路、黃厝路、永芳路、翁園路、琉球路、萬丹路、前庄路、興隆路、致學路、農場路、溪寮路、三隆路、上寮路、東隆街、大信街、信隆街、義隆街、忠隆街、佳隆街等附近地區,2015/10/07 9:0至2015/10/07 20:0,2015/10/07 20:0以後,7883714,2015/10/7~2015/10/8,831高雄市大寮區     
【停水區域一】台南市新營區工業區(嘉芳里),2015/10/07 8:15至2015/10/07 15:0,2015/10/07 15:0以後,06-6322240,2015/10/7~2015/10/8,730台南市新營區     
【停水區域一】雲林縣斗南鎮中山路文昌路,2015/10/07 9:0至2015/10/07 18:0,2015/10/07 18:0以後,05-5972682,2015/10/7~2015/10/8,630雲林縣斗南鎮     
【停水區域一】苗栗縣竹南鎮山佳里,2015/10/07 8:30至2015/10/07 10:30,2015/10/07 10:30以後,623500,2015/10/7~2015/10/8,350苗栗縣竹南鎮     
【停水區域一】花蓮縣鳳林鎮鳳信里;中正路一段,2015/10/07 12:0至2015/10/07 17:0,2015/10/07 17:0以後,8762058,2015/10/7~2015/10/8,975花蓮縣鳳林鎮     
【停水區域一】花蓮縣鳳林鎮鳳信里;中正路一段,2015/10/07 12:0至2015/10/07 17:0,2015/10/07 17:0以後,8762058,2015/10/7~2015/10/8,975花蓮縣鳳林鎮     
【區域1】台中市東勢區中嵙里,2015/10/07 9:0至2015/10/07 12:0 ,2015/10/07 12:0以後,,2015/10/7~2015/10/8,423台中市東勢區     
【區域1】台中市東勢區中嵙里,2015/10/07 9:0至2015/10/07 12:0 ,2015/10/07 12:0以後,,2015/10/7~2015/10/8,423台中市東勢區     
【停水區域一】雲林縣崙背鄉羅厝村;東興;因150mm管線漏水必須停水搶修。不便之處敬請用戶體諒並儲水備用。,2015/10/07 10:30至2015/10/07 14:30,2015/10/07 14:30以後,05-5862163,2015/10/7~2015/10/8,637雲林縣崙背鄉     
【停水區域一】南投縣名間鄉弓鞋巷、粗坑巷,2015/10/07 9:0至2015/10/07 12:0,2015/10/07 12:0以後,2222635,2015/10/7~2015/10/8,551南投縣名間鄉     
【停水區域一】彰化縣竹塘鄉田頭村;新廣村;樹腳村,2015/10/07 13:0至2015/10/07 17:0,2015/10/07 17:0以後,8960240,2015/10/7~2015/10/8,525彰化縣竹塘鄉     
【停水區域一】台中市龍井區中山二路2~24號  中央路3段24巷  (含巷弄)  中央路2段200巷 (含巷弄),2015/10/07 13:0至2015/10/07 16:0,2015/10/07 16:0以後,26312127,2015/10/7~2015/10/8,434台中市龍井區     
【停水區域一】嘉義市東區忠孝北街,2015/10/08 8:30至2015/10/08 16:0,2015/10/08 16:0以後,05-2262806,2015/10/7~2015/10/9,600嘉義市東區       
【停水區域一】宜蘭縣羅東鎮民意街(客服電話1910;廣興給水廠服務電話9553098),2015/10/07 9:30至2015/10/07 11:30,2015/10/07 11:30以後,0937849881,2015/10/7~2015/10/8,265宜蘭縣羅東鎮     
【停水區域一】苗栗縣苗栗市新川里*福麗里龍坑里文山里,2015/10/07 9:0至2015/10/07 16:0,2015/10/07 16:0以後,037330637*320334*0933545775,2015/10/7~2015/10/8,360苗栗縣苗栗市     
【停水區域一】苗栗縣苗栗市新川里*福麗里龍坑里文山里,2015/10/07 9:0至2015/10/07 16:0,2015/10/07 16:0以後,037330637*320334*0933545775,2015/10/7~2015/10/8,360苗栗縣苗栗市     
【停水區域一】新北市新莊區天祥街2號~天祥街30號,2015/10/08 9:0至2015/10/12 16:0,2015/10/12 16:0以後,29966681,2015/10/7~2015/10/13,242新北市新莊區     
【停水區域一】宜蘭縣三星鄉三星福山街(客服專線電話1910;廣興給水廠服務電話9553098),2015/10/07 9:30至2015/10/07 12:0,2015/10/07 12:0以後,0933772246,2015/10/7~2015/10/8,266宜蘭縣三星鄉     
【停水區域一】台南市新市區大社里;大營里,2015/10/07 10:0至2015/10/07 14:0,2015/10/07 14:0以後,065973437,2015/10/7~2015/10/8,744台南市新市區     
【停水區域一】台中市太平區永豐北路;永豐路;永豐路永新巷;中興路;中平路;中平路信義巷;中平路順昌巷;中南路;太平二十八街;太平十九街;太平二十街;太平九街;中平九街;中平七街近一帶,2015/10/07 9:50至2015/10/07 13:50,2015/10/07 13:50以後,22442469.1910,2015/10/7~2015/10/8,411台中市太平區     
【停水區域一】新北市三峽區大同路;介壽路一段;永安街;中華路;正義街;光明路含周邊道路;中正路一段,2015/10/07 10:0至2015/10/07 14:0,2015/10/07 14:0以後,26792224,2015/10/7~2015/10/8,237新北市三峽區     
【停水區域一】台中市潭子區大成街;中興路;頭張東路;中山路一段;中興北路,2015/10/07 9:50至2015/10/07 15:50,2015/10/07 15:50以後,豐原服務所25269895豐原給水廠25722643,2015/10/7~2015/10/8,427台中市潭子區     
【停水區域一】苗栗縣頭份鎮流東里,2015/10/07 10:0至2015/10/07 12:0,2015/10/07 12:0以後,623500,2015/10/7~2015/10/8,351苗栗縣頭份鎮     
【停水區域一】嘉義縣番路鄉觸口村;民和村,2015/10/07 8:30至2015/10/07 18:0,2015/10/07 18:0以後,05-2611075,2015/10/7~2015/10/8,602嘉義縣番路鄉     
【停水區域一】桃園市桃園區蘆竹區南崁路一段沿線,2015/10/07 9:25至2015/10/07 12:0,2015/10/07 12:0以後,03-3346128,2015/10/7~2015/10/8,330桃園市桃園區     
【停水區域一】台中市西屯區東大路一段;西屯路三段;科園一路;科園二路;科園三路;科園路;都會園路;敬德街 等附近,2015/10/07 10:25至2015/10/07 14:30,2015/10/07 14:30以後,22442469-1910,2015/10/7~2015/10/8,407台中市西屯區     
【停水區域一】台南市北區大興街、大港街、賢北街,2015/10/07 10:0至2015/10/07 18:0,2015/10/07 18:0以後,06-3036097,2015/10/7~2015/10/8,704台南市北區       
【停水區域一】嘉義縣中埔鄉和興村305巷、283巷全部,2015/10/08 8:0至2015/10/20 18:0,2015/10/20 18:0以後,承辦人洪國彬電話0978060558，承商負責人蔡秉幸電話：0953-266366    05-2765505,2015/10/7~2015/10/21,606嘉義縣中埔鄉     
【停水區域一】嘉義縣太保市麻寮里中山路二段;民生路;民生路90巷;中山路二段137巷,2015/10/07 10:50至2015/10/07 17:0,2015/10/07 17:0以後,05-3742044,2015/10/7~2015/10/8,612嘉義縣太保市     
【停水區域一】台中市潭子區大富路一段;大明二路;大明一路;大德二路;大德二路,2015/10/07 10:50至2015/10/07 12:50,2015/10/07 12:50以後,25722643,2015/10/7~2015/10/8,427台中市潭子區     
【停水區域一】台南市鹽水區岸內里/武廟里/汫水港/溪洲寮,2015/10/07 9:0至2015/10/08 18:0,2015/10/08 18:0以後,06-6322240,2015/10/7~2015/10/9,737台南市鹽水區     
【停水區域一】台南市白河區草店里.內角里,2015/10/07 11:5至2015/10/07 15:0,2015/10/07 15:0以後,06-6852135,2015/10/7~2015/10/8,732台南市白河區     
【停水區域一】南投縣南投市東山路443巷,2015/10/07 11:0至2015/10/07 16:0,2015/10/07 16:0以後,049-2563505,2015/10/7~2015/10/8,540南投縣南投市     
【停水區域一】新北市新莊區思源路419巷全部。,2015/10/07 10:0至2015/10/07 18:0,2015/10/07 18:0以後,02-29966681~3,2015/10/7~2015/10/8,242新北市新莊區     
【停水區域一】南投縣埔里鎮蜈蚣里,2015/10/07 11:0至2015/10/07 15:0,2015/10/07 15:0以後,049-2915176,2015/10/7~2015/10/8,545南投縣埔里鎮     
,,,1910，29968961,2015/10/7~2015/10/8,
【停水區域一】南投縣草屯鎮南坪路;南坪路下城巷;富頂路一段;股坑巷;坪頂13鄰(含巷弄),2015/10/07 11:0至2015/10/07 18:0,2015/10/07 18:0以後,049-2563505,2015/10/7~2015/10/8,542南投縣草屯鎮     
【停水區域一】高雄市甲仙區東安里;西安里;和安里;大田里;寶隆里,2015/10/07 8:0至2015/10/07 20:0,2015/10/07 20:0以後,076613807,2015/10/7~2015/10/8,847高雄市甲仙區     
【停水區域一】花蓮縣豐濱鄉豐富,2015/10/07 11:30至2015/10/07 17:30,2015/10/07 17:30以後,038762058,2015/10/7~2015/10/8,977花蓮縣豐濱鄉     
【停水區域一】台南市七股區義合;樹林,2015/10/07 13:0至2015/10/07 17:0,2015/10/07 17:0以後,7222477,2015/10/7~2015/10/8,724台南市七股區     
【停水區域一】桃園市平鎮區延平路三段、廣豐街、廣南路、前站新光路,2015/10/07 11:50至2015/10/07 15:0,2015/10/07 15:0以後,4251506,2015/10/7~2015/10/8,324桃園市平鎮區     
【停水區域一】花蓮縣壽豐鄉豐裡二街;豐裡村中山路,2015/10/07 11:45至2015/10/07 13:45,2015/10/07 13:45以後,8325304,2015/10/7~2015/10/8,974花蓮縣壽豐鄉     
【停水區域一】花蓮縣壽豐鄉中興街;山邊路二段;忠孝.仁愛街,2015/10/07 9:30至2015/10/07 12:0,2015/10/07 12:0以後,8325304,2015/10/7~2015/10/8,974花蓮縣壽豐鄉     
【區域1】苗栗縣卓蘭鎮坪林里;雙連,2015/10/07 12:0至2015/10/08 18:0 ,2015/10/08 18:0以後,,2015/10/7~2015/10/9,369苗栗縣卓蘭鎮     
【區域1】苗栗縣卓蘭鎮坪林里;雙連,2015/10/07 12:0至2015/10/08 18:0 ,2015/10/08 18:0以後,,2015/10/7~2015/10/9,369苗栗縣卓蘭鎮     
