停水範圍,停水期間,恢復供水時間,查詢電話,發佈期間,發佈區域
大湖鄉(含大湖市區、大湖村、明湖村、大寮村、南湖村、義和村、栗林村、武榮村、靜湖村、富興村及泰安鄉清安村等地區)。,104年10月23日12時30分起,104年10月23日下午17時30分止,1910、苗栗營運所037-320334,2015/10/16~2015/10/26,364苗栗縣大湖鄉     
新竹縣竹東鎮員山里竹美路及下員山路全區,104年10月26日起,104年11月06日止(每日上午8時起至17時止，共9小時停水施作，晚上恢復供水)。,1910、新竹服務所 03-5712141,2015/10/19~2015/11/9,310新竹縣竹東鎮     
停水區域：新北市淡水區新春里、新民里、新義里、新興里、正德里、水碓里、北新里、崁頂里、油車里、沙崙里、埤島里。<BR>水壓降低地區：新北市淡水區義山里,104年10月26日21時,104年10月27日20時,02-26212267、26213170,2015/10/20~2015/10/28,251新北市淡水區     
一、辦理「關西104-01-02中小區計量管網工程」，停水範圍：關西鎮的東山里、東安里、南新里、玉山里、金山里、東光里、新富里、錦山里。,104年10月26日起,104年10月30日止(每日上午9時至下午5時，計8小時停水施工，晚上恢復供水),1910、竹北營運所：(03)5516814、(03)5552501,2015/10/20~2015/11/2,306新竹縣關西鎮     
【停水區域一】南投縣國姓鄉長流村;長福村;長豐村;北港村;石門村;國姓村;柑林村;福龜村;乾溝村;北山村;南港村;大石村;大旗村,2015/08/05 9:0至2015/10/27 20:0,2015/10/27 20:0以後,049-2915176,2015/8/6~2015/10/28,544南投縣國姓鄉     
【停水區域一】高雄市岡山區華崗里;嘉興里一帶,2015/09/01 9:0至2015/10/28 18:0,2015/10/28 18:0以後,07-6222814,2015/8/24~2015/10/29,820高雄市岡山區     
【停水區域一】台南市楠西區照興里;興北;興南,2015/08/27 8:0至2015/10/26 18:0,2015/10/26 18:0以後,065742323,2015/8/26~2015/10/27,715台南市楠西區     
【停水區域一】彰化縣伸港鄉無;彰化縣和美鎮無;彰化縣彰化市無;彰化縣線西鄉無,2015/09/01 18:0至2015/12/31 23:59,2015/12/31 23:59以後,04-7353883,2015/9/2~2016/1/1,509彰化縣伸港鄉     508彰化縣和美鎮     500彰化縣彰化市     507彰化縣線西鄉     
【停水區域一】南投縣國姓鄉國姓村、石門村(少部分),2015/09/10 8:0至2015/11/30 18:0,2015/11/30 18:0以後,049-2915176,2015/9/9~2015/12/1,544南投縣國姓鄉     
【停水區域一】台南市官田區三結義{全部無水},2015/09/21 8:0至2015/10/31 18:0,2015/10/31 18:0以後,(06)5721166,2015/9/17~2015/11/1,720台南市官田區     
【停水區域一】南投縣南投市向上路全部;營北路全部;(含巷弄)例假日及雨天不施工,2015/09/07 8:30至2015/10/30 17:30,2015/10/30 17:30以後,049-2563505,2015/9/17~2015/10/31,540南投縣南投市     540南投縣南投市     
【區域1】台中市太平區太平路/太平六街/太平八街/中平九街/太平十街/永成北路/太平十二街/太平路286巷/及附近巷弄內。,2015/10/01 9:0至2015/12/31 18:30【每日上午9點至下午6點半(非整日停水，僅幹管改接及用戶施作需停水)】,2015/12/31 18:30以後,1910;04-22442469;04-24821831,2015/9/17~2016/1/1,411台中市太平區     
【停水區域一】高雄市美濃區民族路、廣興街、興隆路、民權路、圓山街、雙峰街、福美路及中山路等一帶皆受影響（下午六時以後，前述路段皆減壓供水）。,2015/09/14 10:30至2015/11/05 18:0,2015/11/05 18:0以後,0928741027,2015/9/21~2015/11/6,843高雄市美濃區     
【停水區域一】南投縣南投市軍功里;中興路;軍功路;(均含巷弄);下雨天不施工順延,2015/09/27 8:30至2015/10/25 18:0,2015/10/25 18:0以後,049-2563505,2015/9/24~2015/10/26,540南投縣南投市     
【停水區域一】雲林縣虎尾鎮新興里;東仁里;平和里,2015/10/01 8:0至2015/10/31 18:0,2015/10/31 18:0以後,05-6322047,2015/9/25~2015/11/1,632雲林縣虎尾鎮     
【停水區域一】台中市大肚區王田里、福山里(含柏昇工業區),2015/10/01 8:0至2015/10/31 17:30,2015/10/31 17:30以後,26312127,2015/10/1~2015/11/1,432台中市大肚區     
【停水區域一】台中市豐原區向陽路直興街愛國街自強街自成街自立街惠陽街豐陽路中陽路同安街,2015/10/02 8:30至2015/10/31 18:30,2015/10/31 18:30以後,04-25722643,2015/10/1~2015/11/1,420台中市豐原區     
【停水區域一】台中市太平區東平路兩側(中興東路-東平橋)、中和街、成功東路、東村路、建興北路、中平路等一帶。(包含周遭巷道),2015/10/19 8:0至2015/12/31 17:30,2015/12/31 17:30以後,1910.22442469,2015/10/2~2016/1/1,411台中市太平區     
【停水區域一】嘉義縣番路鄉民和村;客庄;岩仔後;半天岩;埔尾;頂客庄,2015/10/06 8:0至2015/11/16 20:0,2015/11/16 20:0以後,05-2611075,2015/10/2~2015/11/17,602嘉義縣番路鄉     
【停水區域一】高雄市美濃區民族路、廣興街、興隆路、民權路、圓山街、雙峰街、福美路及中山路等一帶皆受影響（下午六時以後至隔天八點以前，前述路段皆減壓供水）。,2015/10/06 10:0至2015/11/05 23:59,2015/11/05 23:59以後,0933376319,2015/10/6~2015/11/6,843高雄市美濃區     
【停水區域一】台中市南區建成路;興大路;五權南路;國光路;仁義街;永東街;復新街;永和街;永和一街;復興園路;學府路;永南街,2015/10/12 8:30至2015/10/30 18:30,2015/10/30 18:30以後,1910;04-22442469,2015/10/12~2015/10/31,402台中市南區       
【停水區域一】嘉義縣水上鄉嘉義縣水上鄉民生村忠孝路2號至266號(雙號停水)。,2015/10/15 8:0至2015/10/29 18:0,2015/10/29 18:0以後,2252670*310,2015/10/12~2015/10/30,608嘉義縣水上鄉     
【停水區域一】高雄市旗山區全區,2015/11/05 9:0至2015/11/05 17:0,2015/11/05 17:0以後,1910,2015/10/13~2015/11/6,842高雄市旗山區     
,,,1910,2015/10/13~2015/11/5,
【停水區域一】南投縣竹山鎮民生巷、沉潭巷及其部分巷道,2015/10/13 14:0至2015/11/25 18:0,2015/11/25 18:0以後,0492642074,2015/10/13~2015/11/26,557南投縣竹山鎮     
【停水區域一】南投縣名間鄉磨坑巷;南投縣集集鎮隘寮里;田寮里,2015/10/21 8:30至2015/10/23 17:30,2015/10/23 17:30以後,049-2762076,2015/10/13~2015/10/24,551南投縣名間鄉     552南投縣集集鎮     
【停水區域一】嘉義縣水上鄉大崙村-大崙村範圍內，168線以北。,2015/10/16 8:0至2015/10/29 18:0,2015/10/29 18:0以後,工務課監造單位現場人員-張家瑋0982650809  聯絡電話：05-2252670分機302   天佑營造有限公司-工地負責人-吳志宏0937894388,2015/10/13~2015/10/30,608嘉義縣水上鄉     
【停水區域一】桃園市大園區大園工業區：民生路、民權路、民族路、中山北路、大工路、工一路、工二路、工三路、工四路、工五路、工六路、自立一街、自立二街、自立三街、自立四街、潮音路、河堤道路、內海里（全部）。水壓降低區域：北港里、圳頭里。,2015/10/25 8:0至2015/10/25 17:0,2015/10/25 17:0以後,免付費服務電話：1910    大園服務所:03-3862156,2015/10/14~2015/10/26,337桃園市大園區     
【停水區域一】台中市烏日區烏日里大同路、大同二街、大同三街、大同五街、大同六街、大同七街、大同八街、大同十街、民族街、民權街、民生街、永春東三路、光日路（建國路以北）。（以上分段施工）,2015/10/15 8:30至2015/12/31 18:0,2015/12/31 18:0以後,04-23381614,2015/10/14~2016/1/1,414台中市烏日區     
【停水區域一】高雄市三民區民族路以東（含高醫、博惠里、安康里、安寧里、安發里、安吉里、寶獅里、寶盛里、寶安里、寶中里、寶興里、寶泰里、寶德里、寶國里、寶慶里、寶民里、寶華里、寶業里、寶龍里、寶珠里、寶玉里、正興里、正順里、本武里、本元里、本安里、本上里、本揚里、本文里、本和里、本館里、灣復里、灣中里、灣華里、灣勝里、灣利里、灣成里、灣子里、灣愛里、灣復里、鼎中里、鼎西里、鼎金里、鼎力里、鼎強里、鼎盛里）;高雄市左營區全區;高雄市前鎮區瑞誠里、瑞文里、瑞北里、瑞昌里、瑞華里、瑞興里、瑞岡里、瑞西里;高雄市鳥松區大華里、夢裡里、鳥松里、?埔里的鳥松國中一帶、長庚醫院、圓山飯店、正修科技大學、文山綜合高中、本處觀光區、宿舍一、二、三村;高雄市鼓山區全區;高雄市鳳山區忠孝里、忠義里、中和里、文德里、武慶里、武漢里、新強里高速公路以西、新武里,2015/11/01 6:30至2015/11/01 19:30,2015/11/01 19:30以後,1910,2015/10/14~2015/11/2,807高雄市三民區     813高雄市左營區     806高雄市前鎮區     833高雄市鳥松區     804高雄市鼓山區     830高雄市鳳山區     
【停水區域一】嘉義縣竹崎鄉灣橋村,2015/10/24 10:30至2015/10/24 14:30,2015/10/24 14:30以後,05-2611075,2015/10/15~2015/10/25,604嘉義縣竹崎鄉     
【停水區域一】屏東縣屏東市博愛路(勝利路~信義路)、青島街、康定街、公園西路、昆明街、成功路、忠孝路,2015/10/19 8:0至2015/10/31 18:0,2015/10/31 18:0以後,08-7226170《7220040,2015/10/15~2015/11/1,900屏東縣屏東市     
【停水區域一】台南市北區育德二路;文成三路,2015/10/17 8:0至2015/10/27 18:0,2015/10/27 18:0以後,06-3036097-301-0931955660,2015/10/15~2015/10/28,704台南市北區       
【停水區域一】台南市北區文成三路;育德二路,2015/10/17 8:0至2015/10/27 18:0,2015/10/27 18:0以後,06-3036097-301-0931955660,2015/10/15~2015/10/28,704台南市北區       
【停水區域一】雲林縣斗六市龍潭里-永興路、保庄里-雲林路三段20巷、久安里、長平里-雲林路三段;雲林縣斗南鎮東明里-雲林路三段,2015/10/17 8:0至2015/10/24 18:0,2015/10/24 18:0以後,5322362,2015/10/16~2015/10/25,640雲林縣斗六市     630雲林縣斗南鎮     
【停水區域一】雲林縣斗六市龍潭里-永興路、保庄里-雲林路三段20巷、久安里、長平里-雲林路三段;雲林縣斗南鎮東明里-雲林路三段,2015/10/17 8:0至2015/10/23 18:0,2015/10/23 18:0以後,5322362,2015/10/16~2015/10/24,640雲林縣斗六市     630雲林縣斗南鎮     
【停水區域一】台中市北區雙十路2段以東.育樂街以南.進化路以西.興進路以北(金華、錦祥里),2015/10/26 8:30至2015/10/26 16:0,2015/10/26 16:0以後,22210169,2015/10/16~2015/10/27,404台中市北區       
【停水區域一】台中市南屯區新富二街以東.龍富十一街以南.益豐路三段以西.龍富十路以北(新生里、永定里、鎮平里),2015/10/27 8:30至2015/10/27 16:0,2015/10/27 16:0以後,22210169,2015/10/16~2015/10/28,408台中市南屯區     
【停水區域一】雲林縣莿桐鄉雲56線(四合村)、四合村(后埔)、四合村、麻園村、麻園村(園仔)、饒平村,2015/10/16 8:0至2015/10/30 18:0,2015/10/30 18:0以後,05-5862163,2015/10/16~2015/10/31,647雲林縣莿桐鄉     
【停水區域一】台中市霧峰區中正路228巷全部及中正路144號至中正路236號,2015/10/02 8:50至2015/10/30 18:0,2015/10/30 18:0以後,23393138,2015/10/16~2015/10/31,413台中市霧峰區     
【停水區域一】新北市樹林區日新街樹新德街口至日新街育英街口全段及其巷弄、樹德街全部、中山路1段108巷全部、育英街58~78號(雙號側),2015/10/17 9:0至2015/10/31 18:0,2015/10/31 18:0以後,02-26812254,2015/10/16~2015/11/1,238新北市樹林區     
【停水區域一】台南市東山區東正里;東中里,2015/10/19 8:0至2015/10/23 18:0,2015/10/23 18:0以後,06-6852135,2015/10/16~2015/10/24,733台南市東山區     
【停水區域一】台南市後壁區烏樹里烏樹林部落,2015/10/20 8:0至2015/10/26 18:0,2015/10/26 18:0以後,06-6852135,2015/10/16~2015/10/27,731台南市後壁區     
【停水區域一】嘉義縣水上鄉嘉義縣水上鄉民生村仁愛街1號至34號等巷弄。,2015/10/19 8:0至2015/10/30 18:0,2015/10/30 18:0以後,2252670*310,2015/10/17~2015/10/31,608嘉義縣水上鄉     
【區域1】雲林縣斗六市龍潭里-永興路、保庄里-雲林路三段20巷、久安里、長平里-雲林路三段;雲林縣斗南鎮東明里-雲林路三段,2015/10/17 8:0至2015/10/24 18:0【每日停水10小時】,2015/10/24 18:0以後,5322362,2015/10/18~2015/10/25,640雲林縣斗六市     630雲林縣斗南鎮     
【停水區域一】台中市豐原區成功路. ;大明路. ;合作街. ;三和路. ;中興路. ;西勢路. ;協力街. ;安和路. ;社興路. ;社興一街~社興五街. ;一心路. ;西勢一街~西勢六街. ;豐原大道一段. ;中正路.,2015/10/20 8:30至2015/11/02 17:30,2015/11/02 17:30以後,豐原服務所25269895豐原給水廠25722643,2015/10/19~2015/11/3,420台中市豐原區     
【停水區域一】嘉義縣中埔鄉和興村305巷、283巷全部,2015/10/19 8:0至2015/11/03 18:0,2015/11/03 18:0以後,承辦人洪國彬電話0978060558，承商負責人蔡秉幸電話：0953-266366    05-2765505,2015/10/19~2015/11/4,606嘉義縣中埔鄉     
【停水區域一】南投縣草屯鎮中山里;中正里;玉峰里;和平里;明正里;石川里;炎峰里;御史里;敦和里;新庄里;復興里;北投里;新厝里;(大成街;中山街;中山街幸福巷;中正路;中正路大觀巷;中正路正芬巷;中興路;仁愛街;仁愛街育德巷;太平路一段;太平路二段;文化街;玉峰街;成功路一段;成功路一段冠華巷;自由街;育才巷;育英街;和平街;和興一街;和興二街;和興三街;和興街;忠孝街;信義街;明正巷;明賢街;明賢街一段;東美街;炎峰街;炎峰街青年巷;炎峰街館前巷;芬草路;芬草路一段;芬草路育新巷;青雲街;信義街;建國街;勝和街;博愛路;敦化街;敦和南路;敦和路;敦和路大明巷;敦和路仁和巷;敦和路民族巷;敦和路自立巷;敦和路敦成巷;敦和路新和巷;敦和路廟前巷;儒林街;平等街;復興路;立人路;碧山路;碧峰路;碧興路;草溪路;虎山路;建興一街;建興二街;建興四街;建興五街等處(均含巷弄)草屯地區部份水壓降低,2015/10/19 8:30至2015/12/01 17:30,2015/12/01 17:30以後,049-2563505,2015/10/19~2015/12/2,542南投縣草屯鎮     
【停水區域一】高雄市阿蓮區再興路,2015/10/19 8:0至2015/10/24 18:0,2015/10/24 18:0以後,07-6934819,2015/10/19~2015/10/25,822高雄市阿蓮區     
【停水區域一】新北市土城區中央路1段80號至252號;中華路1段43號至151號;中央路1段118巷(含單雙號及巷弄);中央路1段156巷(含單雙號及巷弄);中央路1段184巷(含單雙號及巷弄);中央路1段188巷(含單雙號及巷弄);日新街1號至9巷(含單雙號及巷弄),2015/10/16 9:0至2015/10/26 17:0,2015/10/26 17:0以後,02-22655172,2015/10/19~2015/10/27,236新北市土城區     236新北市土城區     
【停水區域一】新竹縣竹東鎮下員山路;下員山;竹美路一段;竹美路二段,2015/10/26 0:0至2015/11/06 17:0,2015/11/06 17:0以後,03-5712141,2015/10/19~2015/11/7,310新竹縣竹東鎮     
【停水區域一】桃園市桃園區福林里、南門里、豐林里、;福安里、大豐里、建國里、雲林里、大林里、東山里。(含:聖保祿醫院、住都飯店)龜山工業區：縱貫鐵路以西(桃園後站方向)。桃園區其餘地區水壓降低。;桃園市龜山區山德村。;龜山工業區：縱貫鐵路以西(桃園後站方向)。,2015/10/31 7:0至2015/11/01 8:0,2015/11/01 8:0以後,免付費服務電話：1910   桃園服務所:03-3346128~9,2015/10/19~2015/11/2,330桃園市桃園區     333桃園市龜山區     
【停水區域一】台中市豐原區鐮村路605巷、465巷、271巷、690巷、683巷、金豐社區（含巷弄）,2015/10/19 8:0至2015/11/11 18:0,2015/11/11 18:0以後,自來水公司用戶服務中心：1910;豐原服務所：(04)2526-2721，2526-9895;豐原給水廠：(04)2572-2643,2015/10/19~2015/11/12,420台中市豐原區     
【停水區域一】彰化縣永靖鄉彰化縣永靖鄉瑚璉路、中山路一段、中山路一段779巷、永久路、八德巷;四維巷、永坡路、西門路、育才路、王厝路、仁一路、西南巷、文建街、水尾路、水尾路50巷72巷100巷148巷160巷186巷202巷230巷280巷291巷等;彰化縣埔心鄉奉天路,2015/10/19 8:0至2015/11/02 18:0,2015/11/02 18:0以後,承包商-沅盛工程有限公司陳耀煌0933561826、監工人員-楊凱鈞047245031*301,2015/10/19~2015/11/3,512彰化縣永靖鄉     513彰化縣埔心鄉     
【停水區域一】彰化縣埔鹽鄉角樹村;彰化縣溪湖鎮西寮里,2015/10/20 9:0至2015/10/31 18:0,2015/10/31 18:0以後,04-8851778,2015/10/19~2015/11/1,516彰化縣埔鹽鄉     514彰化縣溪湖鎮     
【停水區域一】桃園市桃園區龍壽街。;桃園市蘆竹區龍壽街一段、文中路一段。;水壓降低區域:蘆竹區:龍安街。,2015/10/22 22:0至2015/10/23 20:0,2015/10/23 20:0以後,免付費服務電話：1910    桃園服務所:03-3346128,2015/10/19~2015/10/24,330桃園市桃園區     338桃園市蘆竹區     
【區域1】台南市東山區東正里;東中里,2015/10/19 8:0至2015/10/23 18:0【每日上午8點至下午6點】,2015/10/23 18:0以後,06-6852135,2015/10/19~2015/10/24,733台南市東山區     
【區域1】高雄市鳳山區鳳山區青年路一段兩側(中山西路~自由路),2015/10/20 9:0至2015/10/24 18:0【每日上午9點至下午5點】,2015/10/24 18:0以後,788-3714,2015/10/20~2015/10/25,830高雄市鳳山區     
【停水區域一】新北市泰山區明志路3段145巷1號至59號、明志路3段145巷2、5、6、8、11、34、36、53弄全號(每日上午9時至下午5時停水),2015/10/20 9:0至2015/10/27 17:0,2015/10/27 17:0以後,02-29968961,2015/10/20~2015/10/28,243新北市泰山區     
【停水區域一】嘉義縣大林鎮陳井寮;排仔路;頂菜園,2015/10/22 8:30至2015/10/23 17:0,2015/10/23 17:0以後,05-2262806,2015/10/20~2015/10/24,622嘉義縣大林鎮     
【停水區域一】高雄市大寮區清潔隊、凱旋醫院大寮院區、忠義里、光武里、中興里、山頂里、永芳里、會社里、三隆里、上寮里、琉球里、翁園里、前庄里、中庄里、後庄里、溪寮里、江山里、義和里;高雄市鳳山區誠信里、誠智里、誠正里,2015/10/30 9:0至2015/10/30 16:0,2015/10/30 16:0以後,1910,2015/10/20~2015/10/31,831高雄市大寮區     830高雄市鳳山區     
【區域1】新北市新莊區中正路721巷,2015/10/22 8:0至2015/10/26 18:0【每日上午8點至下午6點】,2015/10/26 18:0以後,1910,2015/10/20~2015/10/27,242新北市新莊區     
【停水區域一】高雄市田寮區新興里、七星里、田寮里、南安里、西德里、崇德里、大同里、三和里;高雄市岡山區三和里;高雄市阿蓮區峰山里、中正路16巷;高雄市燕巢區尖山里、金山里、東燕里,2015/10/23 9:0至2015/10/23 19:0,2015/10/23 19:0以後,1910,2015/10/20~2015/10/24,823高雄市田寮區     820高雄市岡山區     822高雄市阿蓮區     824高雄市燕巢區     
【停水區域一】嘉義縣東石鄉西崙村;東崙村,2015/10/19 8:0至2015/10/23 20:0,2015/10/23 20:0以後,05-3412045,2015/10/21~2015/10/24,614嘉義縣東石鄉     
【停水區域一】高雄市大寮區高雄監獄、女子監獄、大寮地政事務所、高英工商職校、三隆路以南、三隆里、會社里、大寮里、內坑里、拷潭里、過溪里、潮寮里、會結里、新厝里、昭明里、義仁里;高雄市林園區林內里、中厝里、潭頭里、王公里、林家里、廣應里、龔厝里、金潭國小、清水巖寺高地區;高雄市鳳山區台88快速路北側、過埤里、誠義里、生明里、陸軍官校、步校、中正預校、中崙社區、五甲國宅社區,2015/11/06 9:0至2015/11/06 16:0,2015/11/06 16:0以後,1910,2015/10/21~2015/11/7,831高雄市大寮區     832高雄市林園區     830高雄市鳳山區     
【停水區域一】嘉義市東區圳頭里林森東路366巷起(近東義路)至林森東路底(灣橋變電所前)沿線兩旁及巷道所有住戶(含精忠國小、精忠一村)。<BR>圳頭里東義路156巷所有住戶。<BR>蘭潭國中後方道路(盧厝85-1起)至盧厝93號(含麗園駕訓班)沿線兩旁及巷道所有住戶(含濟美仁愛之家)<BR>長竹里水源地28號至49號(含混天宮)、民權東路52號至74號(含53巷道)所有住戶<BR>東川里大雅路二段408巷起(東)至大雅路二段738號(西)。沿線及巷道所有住戶(含蘭潭國小、蘭潭DC別墅、聖馬爾定醫院)。<BR>東川里大雅路433(東)巷起至大雅路二段635(西)及公義路沿線及巷道所有住戶。<BR>東川里金龍街、公園街全線沿線及巷道所有住戶(含省嘉中、棒球場)。,2015/10/24 10:30至2015/10/24 12:30,2015/10/24 12:30以後,05-2762286,2015/10/21~2015/10/25,600嘉義市嘉義市     
【停水區域一】南投縣國姓鄉北港村,2015/11/09 9:0至2015/11/20 20:0,2015/11/20 20:0以後,049-2915176,2015/10/21~2015/11/21,544南投縣國姓鄉     
【停水區域一】高雄市小港區坪頂里 高坪5.6.7.8.9.11.15.17.18.20.22.23.27.28.29.31.32.33.35.37.39.48.50.56.58.60.66.70.72.76.78路(含巷弄)。,2015/10/22 8:0至2015/10/24 18:0,2015/10/24 18:0以後,洽詢電話：免付費電話1910、高雄服務所：07-3312292。,2015/10/21~2015/10/25,812高雄市小港區     
【停水區域一】花蓮縣富里鄉富里村永安街;永豐村,2015/10/23 13:0至2015/10/23 17:0,2015/10/23 17:0以後,(03)8882403,2015/10/22~2015/10/24,983花蓮縣富里鄉     
【停水區域一】南投縣埔里鎮清新里、西門里、同聲里、大城里,2015/10/26 9:0至2015/10/26 19:0,2015/10/26 19:0以後,049-2915176,2015/10/22~2015/10/27,545南投縣埔里鎮     
【停水區域一】南投縣南投市軍功里;軍功路(含巷弄);下雨天不施工順延,2015/10/26 8:30至2015/11/20 18:0,2015/11/20 18:0以後,049-2563505,2015/10/22~2015/11/21,540南投縣南投市     
【停水區域一】台南市佳里區佳里區佳西路13~215號 ; 佳西路183巷全部 ; 安西123-3號 ; 多摩市全部,2015/10/23 9:0至2015/10/23 18:0,2015/10/23 18:0以後,7222477,2015/10/22~2015/10/24,722台南市佳里區     
【停水區域一】新北市新莊區新莊區中港路616號至754號(含周邊巷弄),2015/10/23 10:0至2015/10/23 16:0,2015/10/23 16:0以後,29966681,2015/10/22~2015/10/24,242新北市新莊區     
【停水區域一】新北市樹林區光興街全部(含巷弄),2015/10/24 8:30至2015/10/24 18:0,2015/10/24 18:0以後,02-26812254,2015/10/22~2015/10/25,238新北市樹林區     
【停水區域一】台中市北屯區樹孝路以東、太原路3段以南、祥順路一段以西、太順路以北(?子里),2015/10/24 8:30至2015/10/24 16:0,2015/10/24 16:0以後,22210169,2015/10/22~2015/10/25,406台中市北屯區     
【停水區域一】雲林縣台西鄉山寮村;五港村;台西村;永豐村;光華村;和豐村;海口村;海北村;海南村;蚊港村;富琦村,2015/10/23 8:0至2015/10/23 16:0,2015/10/23 16:0以後,05-6982250,2015/10/22~2015/10/24,636雲林縣台西鄉     
【區域1】苗栗縣大湖鄉大湖市區、大湖村、明湖村、大寮村、南湖村、義合村、栗林村、武榮村、靜湖村、富興村;苗栗縣泰安鄉清安村,2015/10/23 12:30至2015/10/23 17:30 ,2015/10/23 17:30以後,320334.330637,2015/10/22~2015/10/24,364苗栗縣大湖鄉     365苗栗縣泰安鄉     
【區域1】苗栗縣大湖鄉大湖市區、大湖村、明湖村、大寮村、南湖村、義合村、栗林村、武榮村、靜湖村、富興村;苗栗縣泰安鄉清安村,2015/10/23 12:30至2015/10/23 17:30 ,2015/10/23 17:30以後,320334.330637,2015/10/22~2015/10/24,364苗栗縣大湖鄉     365苗栗縣泰安鄉     
【區域1】苗栗縣大湖鄉大湖市區、大湖村、明湖村、大寮村、南湖村、義合村、栗林村、武榮村、靜湖村、富興村;苗栗縣泰安鄉清安村,2015/10/23 12:30至2015/10/23 17:30 ,2015/10/23 17:30以後,320334.330637,2015/10/22~2015/10/24,364苗栗縣大湖鄉     365苗栗縣泰安鄉     
【區域1】苗栗縣大湖鄉大湖市區、大湖村、明湖村、大寮村、南湖村、義合村、栗林村、武榮村、靜湖村、富興村;苗栗縣泰安鄉清安村,2015/10/23 12:30至2015/10/23 17:30 ,2015/10/23 17:30以後,320334.330637,2015/10/22~2015/10/24,364苗栗縣大湖鄉     365苗栗縣泰安鄉     
【區域1】苗栗縣大湖鄉大湖市區、大湖村、明湖村、大寮村、南湖村、義合村、栗林村、武榮村、靜湖村、富興村;苗栗縣泰安鄉清安村,2015/10/23 12:30至2015/10/23 17:30 ,2015/10/23 17:30以後,320334.330637,2015/10/22~2015/10/24,364苗栗縣大湖鄉     365苗栗縣泰安鄉     
【區域1】苗栗縣大湖鄉大湖市區、大湖村、明湖村、大寮村、南湖村、義合村、栗林村、武榮村、靜湖村、富興村;苗栗縣泰安鄉清安村,2015/10/23 12:30至2015/10/23 17:30 ,2015/10/23 17:30以後,320334.330637,2015/10/22~2015/10/24,364苗栗縣大湖鄉     365苗栗縣泰安鄉     
【停水區域一】台中市東區東福路以東、建德街以南、旱溪西路一段以西、六順路以北(東門里),2015/10/23 8:30至2015/10/23 16:0,2015/10/23 16:0以後,22210169,2015/10/22~2015/10/24,401台中市東區       
【停水區域一】嘉義縣中埔鄉金蘭村;富收村;義仁村;裕民村,2015/10/23 8:0至2015/10/23 18:0,2015/10/23 18:0以後,05-2611075,2015/10/22~2015/10/24,606嘉義縣中埔鄉     
【停水區域一】新竹縣新埔鎮內立里;文山里;寶石里;新竹縣關西鎮東山里;東安里;玉山里;金山里;東光里;新富里;錦山里,2015/10/26 9:0至2015/10/30 17:0,2015/10/30 17:0以後,0921339321,2015/10/22~2015/10/31,305新竹縣新埔鎮     306新竹縣關西鎮     
【停水區域一】台中市南區建成路/五權路/仁和路/台中路/濟世街/信義南街/民意街/正義街/合作街/復興園路/新華街/永和街/學府路/忠孝路/有恆街/國光路/仁義街/興大路/仁德街/復興街/永南街/永東街/及附近一帶巷弄水壓降低。,2015/10/22 17:30至2015/10/23 5:0,2015/10/23 5:0以後,1910:04-22442469,2015/10/22~2015/10/24,402台中市南區       
【區域1】新北市土城區中央路1段80號至252號;中華路1段43號至151號;中央路1段118巷(含單雙號及巷弄);中央路1段156巷(含單雙號及巷弄);中央路1段184巷(含單雙號及巷弄);中央路1段188巷(含單雙號及巷弄);日新街1號至9巷(含單雙號及巷弄),2015/10/16 9:0至2015/10/26 17:0【上午9點至下午5點】,2015/10/26 17:0以後,02-22655172,2015/10/22~2015/10/27,236新北市土城區     
【區域2】新北市土城區中華路1段94號至178號、日新街19巷至66號單雙號以上含巷弄,2015/10/16 9:0至2015/10/26 17:0【上午9點至下午5點】,2015/10/26 17:0以後,02-22655172,2015/10/22~2015/10/27,236新北市土城區     
【區域1】台中市大肚區沙田路一段428巷內(柏昇工商特區),2015/10/23 7:20至2015/10/23 11:0 ,2015/10/23 11:0以後,,2015/10/23~2015/10/24,432台中市大肚區     
【停水區域一】高雄市小港區德仁路.明聖街.桂陽路一帶,2015/10/24 14:0至2015/10/24 17:0,2015/10/24 17:0以後,07-3312292-237,2015/10/23~2015/10/25,812高雄市小港區     
【停水區域一】台南市歸仁區全部(較低地區減壓供水;較高地區無水),2015/10/23 8:20至2015/10/23 10:0,2015/10/23 10:0以後,2300827,2015/10/23~2015/10/24,711台南市歸仁區     
【停水區域一】台南市新營區中華路及巷弄,2015/10/23 9:0至2015/10/23 15:0,2015/10/23 15:0以後,066322240,2015/10/23~2015/10/24,730台南市新營區     
【停水區域一】高雄市大社區嘉誠里水哮巷一帶,2015/10/23 8:28至2015/10/23 18:0,2015/10/23 18:0以後,(07)3513332,2015/10/23~2015/10/24,815高雄市大社區     
【停水區域一】雲林縣斗南鎮南昌里,2015/10/23 9:30至2015/10/23 16:0,2015/10/23 16:0以後,05-5972682,2015/10/23~2015/10/24,630雲林縣斗南鎮     
【停水區域一】新北市土城區金城路一段(和平路~中正路口包含全部巷弄),2015/10/23 9:0至2015/10/23 18:0,2015/10/23 18:0以後,29968961#308,2015/10/23~2015/10/24,236新北市土城區     
【停水區域一】彰化縣大村鄉中山路一段6巷、中山路一段34巷、中山路一段及各沿線巷道等附近範圍。,2015/10/23 8:30至2015/10/23 16:30,2015/10/23 16:30以後,1910   員林營運所04-8320083   04-8321341,2015/10/23~2015/10/24,515彰化縣大村鄉     
【停水區域一】雲林縣北港鎮太平路;太平路54巷全部等區域,2015/10/23 9:0至2015/10/23 14:0,2015/10/23 14:0以後,05-7832040,2015/10/23~2015/10/24,651雲林縣北港鎮     
【停水區域一】高雄市鳳山區國昌路、國光路、光華路、五權南路、復興街、立志街、國泰路等附近地區,2015/10/23 9:0至2015/10/23 20:0,2015/10/23 20:0以後,7883714,2015/10/23~2015/10/24,830高雄市鳳山區     
【停水區域一】彰化縣二水鄉過圳村;彰化縣田中鎮大安路.同安路,2015/10/23 9:0至2015/10/23 12:0,2015/10/23 12:0以後,8793211.8793277,2015/10/23~2015/10/24,530彰化縣二水鄉     520彰化縣田中鎮     
【停水區域一】屏東縣來義鄉丹林村;義林村;古樓村;屏東縣泰武鄉平和村,2015/10/23 8:0至2015/10/23 22:0,2015/10/23 22:0以後,08-8325550,2015/10/23~2015/10/24,922屏東縣來義鄉     921屏東縣泰武鄉     
【停水區域一】基隆市中正區和二路;和一路;平一路;平二路;平三路含各巷、弄等一帶。,2015/10/23 9:0至2015/10/23 14:0,2015/10/23 14:0以後,24252103-59,2015/10/23~2015/10/24,202基隆市中正區     
【停水區域一】新竹縣寶山鄉雙林路;新林路部份地區等區域,2015/10/23 9:0至2015/10/23 14:0,2015/10/23 14:0以後,1910;03-5733523;03-5712141,2015/10/23~2015/10/24,308新竹縣寶山鄉     
【停水區域一】雲林縣褒忠鄉中民村;三民路;大部;中正路往馬光方向兩側停水,2015/10/23 9:30至2015/10/23 12:0,2015/10/23 12:0以後,05-6622545       0912-129532,2015/10/23~2015/10/24,634雲林縣褒忠鄉     
【停水區域一】宜蘭縣冬山鄉冬山鄉香南路179巷全部,2015/10/23 13:30至2015/10/23 15:30,2015/10/23 15:30以後,03-9589176,2015/10/23~2015/10/24,269宜蘭縣冬山鄉     
,,,04-7772127、04-7772609,2015/10/23~2015/11/8,
【停水區域一】台中市大肚區柏昇工業區、沙田路一段428巷、沙田路一段320巷附近一帶區域(含巷弄)。,2015/10/23 9:0至2015/10/23 11:0,2015/10/23 11:0以後,04-26312127,2015/10/23~2015/10/24,432台中市大肚區     
【停水區域一】花蓮縣吉安鄉南海一街;南海二街;南海八街;南海七街;南海四街;南海六街;南海五街;南海三街;海岸路,2015/10/26 8:0至2015/10/26 17:0,2015/10/26 17:0以後,03-8351141,2015/10/23~2015/10/27,973花蓮縣吉安鄉     
【停水區域一】新竹縣竹北市文平路;文喜街;文信路;文壽街;縣政九路;光明一路,2015/10/23 9:0至2015/10/23 11:0,2015/10/23 11:0以後,5516814-5552501,2015/10/23~2015/10/24,302新竹縣竹北市     
【停水區域一】花蓮縣富里鄉富里村永安街;中山路;永豐村;富南村;學田村,2015/10/24 13:0至2015/10/24 21:0,2015/10/24 21:0以後,(03)8882403,2015/10/23~2015/10/25,983花蓮縣富里鄉     
【停水區域一】花蓮縣富里鄉富里村永安街;中山路;永豐村;富南村;學田村,2015/10/25 13:0至2015/10/25 17:0,2015/10/25 17:0以後,(03)8882403,2015/10/23~2015/10/26,983花蓮縣富里鄉     
【停水區域一】新北市淡水區新春里、新民里、新義里、新興里、正德里、水碓里、北新里、崁頂里、油車里、沙崙里、埤島里,2015/10/26 21:0至2015/10/27 20:0,2015/10/27 20:0以後,1910,2015/10/23~2015/10/28,251新北市淡水區     
【停水區域一】宜蘭縣羅東鎮陽明路;黎明路;東宜二路;東宜三路;東宜四路,2015/10/23 13:0至2015/10/23 18:0,2015/10/23 18:0以後,039553098 ; 0932087863,2015/10/23~2015/10/24,265宜蘭縣羅東鎮     
【停水區域一】台南市安南區仁安八街40~100號(含巷弄)、海佃路三段2~84巷(含巷弄)、海佃路三段1~61(含巷弄)、安中路二段322~336號(含巷弄)、安中路三段6號、海佃路二段735~739號、安中路三段1~381號單號側(含巷弄)、樂安一街雙側(含巷弄)、樂安二街雙側(含巷弄)、海中街182~785號雙側(含巷弄),2015/10/26至2015/10/27每日8:00~18:00,每日18:00恢復供水,06-2138101-307吳斌鳴,2015/10/23~2015/10/28,709台南市安南區     
【停水區域一】台南市安南區海佃路三段以西、安中路三段以北、仁安路以南等(含巷弄全部),2015/10/26至2015/10/30每日8:00~18:00,每日18:00恢復供水,06-2138101-307吳斌鳴,2015/10/23~2015/10/31,709台南市安南區     
【停水區域一】宜蘭縣蘇澳鎮蘇港路(客服專線:1910;廣興給水廠服務電話:9553098),2015/10/23 9:50至2015/10/23 12:0,2015/10/23 12:0以後,0937849872,2015/10/23~2015/10/24,270宜蘭縣蘇澳鎮     
【停水區域一】新北市瑞芳區三爪子坑路;三爪子坑路正貿新村;弓橋里;三爪子坑路民享新村;三爪子坑路國中新村;上天路;大別莊;大埔路;大埔路台北新城;大埔路吉慶公園城;大埔路有勝一村;大埔路有勝二村;大埔路有勝新村;大埔路東泰新村;大埔路國宅新村;大埔路頂埔巷;大埔路慶安新村;大埔路錢龍新城;大寮路;中山路;中央路;月眉路;四腳亭坑路;四腳亭埔路;東和路;員山子路;桀魚坑路;桀魚坑路瑞興新村;粗坑口路;頂坪工業區;頂坪路;黃金大鎮;瑞竹路;楓子瀨路;瑞芳工業區;達樂花園,2015/10/23 8:40至2015/10/23 9:50,2015/10/23 9:50以後,02-24972411、24972006,2015/10/23~2015/10/24,224新北市瑞芳區     
【停水區域一】台中市西屯區福中十五街;福中十六街;福安十一街;中工二路;水尾巷 等附近,2015/10/23 10:0至2015/10/23 12:0,2015/10/23 12:0以後,22442469-1910,2015/10/23~2015/10/24,407台中市西屯區     
【停水區域一】彰化縣二林鎮東華里 路中巷,2015/10/23 10:10至2015/10/23 12:0,2015/10/23 12:0以後,8960240,2015/10/23~2015/10/24,526彰化縣二林鎮     
【停水區域一】台南市北區文成一路;文成二街;文成三路;文成五街;文成路;文賢一路;文賢二街;文賢三街;文賢路;育成路;育北街;育德一街;育德二路;育德三街;育德路;育賢街;和緯路二段;海安路三段,2015/10/23 10:0至2015/10/23 18:0,2015/10/23 18:0以後,06-3036097,2015/10/23~2015/10/24,704台南市北區       
【停水區域一】台中市潭子區潭富路２段,2015/10/23 10:30至2015/10/23 16:30,2015/10/23 16:30以後,04-25722643,2015/10/23~2015/10/24,427台中市潭子區     
【停水區域一】雲林縣林內鄉大埔路 大同路,2015/10/23 10:30至2015/10/23 14:0,2015/10/23 14:0以後,05-5322362,2015/10/23~2015/10/24,643雲林縣林內鄉     
【停水區域一】新竹市北區東大路、境福街、鐵道路、中正路,2015/10/23 10:30至2015/10/23 15:30,2015/10/23 15:30以後,1910、新竹服務所 03-5714321、區管理處03-5712141～3,2015/10/23~2015/10/24,300新竹市北區       
【區域1】台南市仁德區義林二街全部(含其巷弄),2015/10/23 10:50至2015/10/23 12:0 ,2015/10/23 12:0以後,,2015/10/23~2015/10/24,717台南市仁德區     
【停水區域一】高雄市鳳山區光遠路以南、安寧街以東、國泰路以北、大東一路以西、五甲一路104巷方圓一公里、五甲一路附近地區,2015/10/23 9:0至2015/10/23 21:0,2015/10/23 21:0以後,7883714,2015/10/23~2015/10/24,830高雄市鳳山區     
【停水區域一】台南市永康區復興路;復興路423巷; 429巷等鄰近巷道,2015/10/23 8:0至2015/10/23 17:30,2015/10/23 17:30以後,06-2325714  06-2022621,2015/10/23~2015/10/24,710台南市永康區     
【停水區域一】雲林縣斗六市鎮東路,2015/10/23 11:0至2015/10/23 15:0,2015/10/23 15:0以後,05-5332262,2015/10/23~2015/10/24,640雲林縣斗六市     
,,,04-26312127 (0937436661),2015/10/23~2015/10/24,
【停水區域一】新竹縣湖口鄉仁愛路全部;中華路24號以後全部;民富街全部,2015/10/23 11:0至2015/10/23 13:0,2015/10/23 13:0以後,免費客服專線1910；湖口營運所03-5981603,2015/10/23~2015/10/24,303新竹縣湖口鄉     
【停水區域一】台南市柳營區太康/義士路/五軍營,2015/10/23 11:30至2015/10/23 17:0,2015/10/23 17:0以後,06-6322240,2015/10/23~2015/10/24,736台南市柳營區     
【停水區域一】雲林縣斗南鎮田頭里,2015/10/23 11:0至2015/10/23 13:0,2015/10/23 13:0以後,5972682,2015/10/23~2015/10/24,630雲林縣斗南鎮     
【停水區域一】台南市北門區海埔;蚵寮,2015/10/23 13:0至2015/10/23 17:0,2015/10/23 17:0以後,7222477,2015/10/23~2015/10/24,727台南市北門區     
【停水區域一】新北市中和區永和路；立德街；環中路；中正路1220巷以上包含巷、弄全部。;新北市板橋區三民路2段；居仁巷；正泰2~7巷；中山路2段；光環路1;2段以上包含巷、弄全部。,2015/10/23 9:0至2015/10/23 17:0,2015/10/23 17:0以後,29565217or1910,2015/10/23~2015/10/24,235新北市中和區     220新北市板橋區     
【停水區域一】屏東縣恆春鎮大光路一帶,2015/10/23 12:0至2015/10/23 15:0,2015/10/23 15:0以後,08-8892265,2015/10/23~2015/10/24,946屏東縣恆春鎮     
【停水區域一】台中市西區南屯路一段;永安街;永成街;美村路一段;三民西路;民興街;樂群街;五權路 等附近,2015/10/23 11:57至2015/10/23 16:57,2015/10/23 16:57以後,22442469-1910,2015/10/23~2015/10/24,403台中市西區       
【停水區域一】彰化縣員林市中正路240巷等沿線巷弄等附近範圍。,2015/10/26 8:0至2015/11/06 18:0,2015/11/06 18:0以後,1910   員林營運所04-8320083   04-8321341,2015/10/23~2015/11/7,510彰化縣員林市     
【停水區域一】南投縣集集鎮和平里;民生路,2015/10/23 12:10至2015/10/23 16:0,2015/10/23 16:0以後,049-2762076,2015/10/23~2015/10/24,552南投縣集集鎮     
【停水區域一】花蓮縣光復鄉中山路一段;中興路;糖廠街;復興街;大進街;大全村;大進村,2015/10/26 9:30至2015/10/26 17:30,2015/10/26 17:30以後,038351141,2015/10/23~2015/10/27,976花蓮縣光復鄉     
【停水區域一】新北市土城區土城地區:水壓降低;新北市中和區中和部份地區:水壓降低;新北市板橋區板橋地區:水壓降低,2015/10/25 8:0至2015/10/25 17:0,2015/10/25 17:0以後,客服中心1910     板橋服務所2961-2196     土城服務所2265-5172    區管理處2996-8961,2015/10/23~2015/10/26,236新北市土城區     235新北市中和區     220新北市板橋區     
【區域1】台南市仁德區義林二街全部(含其巷弄),2015/10/23 10:50至2015/10/23 17:0 ,2015/10/23 17:0以後,,2015/10/23~2015/10/24,717台南市仁德區     
,,,5972682,2015/10/23~2015/10/29,
【停水區域一】彰化縣彰化市410巷    竹和路   中庄里      附近週邊,2015/10/23 13:10至2015/10/23 16:0,2015/10/23 16:0以後,047353883,2015/10/23~2015/10/24,500彰化縣彰化市     
【停水區域一】雲林縣斗六市梅林站等沿線供水區域(梅林里等);湖山里,2015/10/23 10:25至2015/10/23 18:0,2015/10/23 18:0以後,05-5322362,2015/10/23~2015/10/24,640雲林縣斗六市     
【區域1】台南市北區文成五街,2015/10/23 13:0至2015/10/23 17:0 ,2015/10/23 17:0以後,,2015/10/23~2015/10/24,704台南市北區       
【停水區域一】雲林縣口湖鄉蚵寮路;蚶寮;成龍等區域,2015/10/23 14:0至2015/10/23 18:0,2015/10/23 18:0以後,057832040,2015/10/23~2015/10/24,653雲林縣口湖鄉     
【停水區域一】苗栗縣竹南鎮港漧.海口里,2015/10/23 13:30至2015/10/23 15:30,2015/10/23 15:30以後,623500,2015/10/23~2015/10/24,350苗栗縣竹南鎮     
【停水區域一】南投縣南投市藍田街,2015/10/23 13:30至2015/10/23 16:30,2015/10/23 16:30以後,04922222635,2015/10/23~2015/10/24,540南投縣南投市     
【停水區域一】高雄市大寮區黃厝路、琉球路、光明路三段、翁園路、林厝路、萬丹路、前庄路、興隆路、至學路、東隆街、光明路二段等附近地區,2015/10/23 13:0至2015/10/23 21:0,2015/10/23 21:0以後,7883714,2015/10/23~2015/10/24,831高雄市大寮區     
【停水區域一】嘉義縣水上鄉國姓村梅花小城附近一帶全部及三界埔附近一帶,2015/10/23 13:30至2015/10/23 15:30,2015/10/23 15:30以後,05-2779117,2015/10/23~2015/10/24,608嘉義縣水上鄉     
【停水區域一】桃園市龜山區嶺頂里、新嶺里、兔坑里、精忠里、龜山里、舊路里、楓樹里、樂善里、長庚里、公西里、大崗里、大湖里、大華里、文化里。;新北市林口區全區。臨時供水站:(1)林口區佳林路40號前(林口服務所)(2)林口區仁愛路一段378號前(林口區公所前)(3)林口區竹林路(林口國小大門口)(4)林口區公園路(麗林國小大門口)(5)林口區南勢路與南勢四街口(7-11)(6)林口區自強三路與自強四路口(贊天宮)(7)林口區麗園一街(麗園郵局)(8)林口區粉寮醒吾新村13號旁空地,2015/11/19 8:0至2015/11/20 7:0,2015/11/20 7:0以後,免付費服務電話：1910    林口服務所:02-26031880   龜山服務所:03-3294999,2015/10/23~2015/11/21,333桃園市龜山區     244新北市林口區     
【停水區域一】嘉義縣中埔鄉義仁村;金蘭村;富收村;裕民村;十字路,2015/10/26 8:0至2015/10/30 18:0,2015/10/30 18:0以後,05-2611075,2015/10/23~2015/10/31,606嘉義縣中埔鄉     
【停水區域一】台中市南屯區五權西路二段;向上路三段;新庄巷;新富路;龍富路四段;龍富十八路;龍富十七路;龍德路一段;益豐路四段 等附近,2015/10/23 14:0至2015/10/23 19:0,2015/10/23 19:0以後,22442469-1910,2015/10/23~2015/10/24,408台中市南屯區     
【停水區域一】苗栗縣頭份鎮新華里、斗煥里、珊湖里、流東里、興隆里等地區,2015/10/23 14:0至2015/10/23 17:0,2015/10/23 17:0以後,037-669621,2015/10/23~2015/10/24,351苗栗縣頭份鎮     
【停水區域一】屏東縣屏東市自由路西段105至213號及建武路19至37號(含37巷全部),2015/10/23 14:10至2015/10/23 17:0,2015/10/23 17:0以後,7226170 7220040,2015/10/23~2015/10/24,900屏東縣屏東市     
【停水區域一】新北市板橋區三民路2段70巷以上包含巷、弄全部,2015/10/23 14:0至2015/10/23 17:0,2015/10/23 17:0以後,29612196or1910,2015/10/23~2015/10/24,220新北市板橋區     
【停水區域一】雲林縣斗六市榮譽路958巷，榮譽路974巷,2015/10/23 14:25至2015/10/23 17:0,2015/10/23 17:0以後,05-5322362,2015/10/23~2015/10/24,640雲林縣斗六市     
【停水區域一】桃園市桃園區民生路沿線停水，桃園區全區水壓降低。,2015/10/23 9:15至2015/10/23 17:0,2015/10/23 17:0以後,03-3346127,2015/10/23~2015/10/24,330桃園市桃園區     
【停水區域一】台中市北屯區天津路四段;熱河路二段;文昌東六街;北平路四段 等附近,2015/10/23 14:40至2015/10/23 17:40,2015/10/23 17:40以後,22442469-1910,2015/10/23~2015/10/24,406台中市北屯區     
【停水區域一】桃園市八德區永豐路、寶豐街、廣福路(永豐路至崁頂路)、東豐街、東泰街及所有巷弄等,2015/10/23 14:40至2015/10/23 18:0,2015/10/23 18:0以後,03-3346127,2015/10/23~2015/10/24,334桃園市八德區     
【區域1】台東縣台東市知本地區東起知本路三段132巷及141巷西至知本路三段與康定街交叉口，北起康定街南至昆明街,2015/10/26 8:0至2015/10/26 18:0【每日上午8點至下午6點】,2015/10/26 18:0以後,承包商電話:0938-275877(劉文貴)    監造人員電話:0926-272858(蔡志揚),2015/10/23~2015/10/27,950台東縣台東市     
【停水區域一】彰化縣大村鄉美港橫巷、美港路、中山路一段2號~160號(門牌號雙號含138巷、64巷、34巷、中興街)及各沿線巷弄等附近範圍。,2015/10/23 14:50至2015/10/23 18:50,2015/10/23 18:50以後,1910   員林營運所04-8320083   04-8321341,2015/10/23~2015/10/24,515彰化縣大村鄉     
【停水區域一】高雄市苓雅區民權一路51之1號(機車待轉區)附近一帶,2015/10/23 15:0至2015/10/23 18:0,2015/10/23 18:0以後,07-7321319,2015/10/23~2015/10/24,802高雄市苓雅區     
【區域1】台南市善化區三民路,2015/10/23 15:0至2015/10/23 17:30 ,2015/10/23 17:30以後,,2015/10/23~2015/10/24,741台南市善化區     
【停水區域一】台中市大里區塗城路;美群路等附近一帶,2015/10/23 15:20至2015/10/23 17:20,2015/10/23 17:20以後,04-22442469.1910,2015/10/23~2015/10/24,412台中市大里區     
【停水區域一】高雄市大寮區拷潭里,2015/10/27 8:0至2015/10/27 18:0,2015/10/27 18:0以後,07-7424163,2015/10/23~2015/10/28,831高雄市大寮區     
【停水區域一】新北市淡水區民生路,2015/10/25 8:0至2015/10/25 14:0,2015/10/25 14:0以後,02-2621-2267,2015/10/23~2015/10/26,251新北市淡水區     
【停水區域一】屏東縣高樹鄉東振村;東興村;虎盤路;百畝路,2015/10/23 15:30至2015/10/23 17:0,2015/10/23 17:0以後,08-7962041,2015/10/23~2015/10/24,906屏東縣高樹鄉     
【停水區域一】高雄市小港區德仁路.明聖街.桂陽路一帶,2015/10/26 14:0至2015/10/26 17:0,2015/10/26 17:0以後,07-3312292-237,2015/10/23~2015/10/27,812高雄市小港區     
【停水區域一】桃園市龍潭區富華街三林段56巷到176巷全。民生路211巷以後全停。,2015/10/23 14:30至2015/10/23 17:0,2015/10/23 17:0以後,4712002,2015/10/23~2015/10/24,325桃園市龍潭區     
【停水區域一】嘉義縣中埔鄉和美村全部及中山路五段附近一帶,2015/10/23 15:50至2015/10/23 18:0,2015/10/23 18:0以後,05-2779117,2015/10/23~2015/10/24,606嘉義縣中埔鄉     
【停水區域一】嘉義縣民雄鄉三興村陳厝寮,2015/10/23 16:0至2015/10/23 18:0,2015/10/23 18:0以後,0932978332,2015/10/23~2015/10/24,621嘉義縣民雄鄉     
【停水區域一】新北市板橋區重慶路308巷1~22號、重慶路290~290-5號、國慶路256號~280號(遇雨順延),2015/10/15 9:0至2015/10/23 20:0,2015/10/23 20:0以後,29612196.29612197,2015/10/23~2015/10/24,220新北市板橋區     
【停水區域一】台南市善化區六分里;東勢宅;溪底寮;六德里;田寮里,2015/10/23 8:0至2015/10/24 18:0,2015/10/24 18:0以後,06-2138101轉311,2015/10/23~2015/10/25,741台南市善化區     
【停水區域一】雲林縣斗六市鎮西里雲林路二段,2015/10/23 16:40至2015/10/23 21:0,2015/10/23 21:0以後,0912312835,2015/10/23~2015/10/24,640雲林縣斗六市     
【區域1】苗栗縣卓蘭鎮內灣里,2015/10/23 16:30至2015/10/23 19:30 ,2015/10/23 19:30以後,04-25874315,2015/10/23~2015/10/24,369苗栗縣卓蘭鎮     
【停水區域一】台中市沙鹿區正英一街、鎮南路一段303巷附近區域(含巷弄),2015/10/23 16:20至2015/10/23 19:30,2015/10/23 19:30以後,04-26312127,2015/10/23~2015/10/24,433台中市沙鹿區     
【停水區域一】南投縣南投市南崗三路;仁和路;自強一路;成功一路,2015/10/24 9:0至2015/10/24 18:30,2015/10/24 18:30以後,049-2222635,2015/10/23~2015/10/25,540南投縣南投市     
【停水區域一】新北市三峽區三樹路含周邊巷道,2015/10/23 16:30至2015/10/23 23:0,2015/10/23 23:0以後,02-26792224,2015/10/23~2015/10/24,237新北市三峽區     
【停水區域一】桃園市龍潭區中興路九龍段276巷全停。,2015/10/24 10:0至2015/10/24 16:0,2015/10/24 16:0以後,03-4712002,2015/10/23~2015/10/25,325桃園市龍潭區     
【停水區域一】南投縣南投市福崗路一段;彰南路二段;彰南路三段;華陽路;平山里;漳和里;成功一路,2015/10/25 9:0至2015/10/25 18:30,2015/10/25 18:30以後,049-2222635,2015/10/23~2015/10/26,540南投縣南投市     
【停水區域一】南投縣南投市三興里;文化南路，文化南路125巷,2015/10/26 8:0至2015/10/27 18:0,2015/10/27 18:0以後,049-2222635,2015/10/23~2015/10/28,540南投縣南投市     
【停水區域一】台南市學甲區中洲,2015/10/24 8:22至2015/10/24 17:0,2015/10/24 17:0以後,7222477,2015/10/23~2015/10/25,726台南市學甲區     
【停水區域一】台南市北區文成三路682巷,2015/10/23 17:0至2015/10/23 23:0,2015/10/23 23:0以後,06-3036097,2015/10/23~2015/10/24,704台南市北區       
【停水區域一】雲林縣虎尾鎮埒內里;東仁里,2015/10/23 17:0至2015/10/23 22:0,2015/10/23 22:0以後,05-6322047,2015/10/23~2015/10/24,632雲林縣虎尾鎮     
【停水區域一】彰化縣二水鄉頂埔巷.員集路.桃園巷.文明路全部;文化村;光化村;裕民村;聖化村;過圳村,2015/10/23 13:0至2015/10/23 20:0,2015/10/23 20:0以後,8793211.8793277,2015/10/23~2015/10/24,530彰化縣二水鄉     
【停水區域一】苗栗縣竹南鎮照南.竹南里,2015/10/23 18:0至2015/10/23 22:0,2015/10/23 22:0以後,623500,2015/10/23~2015/10/24,350苗栗縣竹南鎮     
【停水區域一】台中市太平區東汴里;頭汴里;北田路;北田路中坑巷;長龍路一段;長龍路一段中山一巷;長龍路一段中山七巷;長龍路一段中山二巷;長龍路一段中山八巷;長龍路一段中山三巷;長龍路一段中山五巷;長龍路一段中山六巷;長龍路一段中山巷;長龍路二段南國巷;長龍路二段福利巷;長龍路三段;長龍路四段;長龍路一段內城一巷;長龍路一段內城二巷;長龍路一段內城巷;長龍路二段;長龍路二段南國八十巷,2015/10/24 8:30至2015/10/24 16:30,2015/10/24 16:30以後,1910；04-22442469,2015/10/23~2015/10/25,411台中市太平區     
【區域1】彰化縣大村鄉中山路１段６巷內,2015/10/23 22:40至2015/10/24 1:30 ,2015/10/24 1:30以後,,2015/10/23~2015/10/25,515彰化縣大村鄉     
【停水區域一】宜蘭縣蘇澳鎮長安東巷,2015/10/24 0:0至2015/10/24 7:0,2015/10/24 7:0以後,0972158915,2015/10/24~2015/10/25,270宜蘭縣蘇澳鎮     
【區域1】台中市大肚區王福街附近一帶,2015/10/24 7:20至2015/10/24 10:0 ,2015/10/24 10:0以後,,2015/10/24~2015/10/25,432台中市大肚區     
【區域1】台中市大肚區王福街附近一帶,2015/10/24 7:20至2015/10/24 10:0 ,2015/10/24 10:0以後,,2015/10/24~2015/10/25,432台中市大肚區     
【區域1】台中市大肚區王福街附近一帶,2015/10/24 7:20至2015/10/24 10:0 ,2015/10/24 10:0以後,,2015/10/24~2015/10/25,432台中市大肚區     
【停水區域一】新竹縣竹北市中華路;光明十一路;光明十二街;光明十三街;光明十四街;光明六路;縣政二十一街;縣政二十路;縣政十九街;縣政十八街,2015/10/24 9:30至2015/10/24 15:0,2015/10/24 15:0以後,5516814-5552501,2015/10/24~2015/10/25,302新竹縣竹北市     
【區域1】高雄市大寮區大寮路.開封街.大同街.大智街.大德街.,2015/10/24 9:0至2015/10/24 18:0 ,2015/10/24 18:0以後,,2015/10/24~2015/10/25,831高雄市大寮區     
【停水區域一】雲林縣口湖鄉蚶寮;成龍等區域,2015/10/24 9:30至2015/10/24 12:30,2015/10/24 12:30以後,05-7832040,2015/10/24~2015/10/25,653雲林縣口湖鄉     
【停水區域一】高雄市大社區嘉誠里水哮巷一帶,2015/10/24 9:0至2015/10/24 18:0,2015/10/24 18:0以後,(07)3513332,2015/10/24~2015/10/25,815高雄市大社區     
【停水區域一】台中市西屯區工業三路全部,2015/10/24 9:0至2015/10/24 14:0,2015/10/24 14:0以後,1910,2015/10/24~2015/10/25,407台中市西屯區     
【區域1】高雄市大樹區檨腳里,2015/10/24 9:0至2015/10/24 12:0 ,2015/10/24 12:0以後,,2015/10/24~2015/10/25,840高雄市大樹區     
【停水區域一】台中市北屯區崇德10路與松竹路之間,2015/10/24 10:0至2015/10/24 14:0,2015/10/24 14:0以後,1910,2015/10/24~2015/10/25,406台中市北屯區     
【區域1】台南市歸仁區中山路一段附近一帶,2015/10/24 10:28至2015/10/24 14:0 ,2015/10/24 14:0以後,,2015/10/24~2015/10/25,711台南市歸仁區     
【停水區域一】雲林縣斗六市全部村里,2015/10/24 10:35至2015/10/24 13:0,2015/10/24 13:0以後,05-5322362,2015/10/24~2015/10/25,640雲林縣斗六市     
【停水區域一】新竹市北區世界街、府後街、仁愛街,2015/10/24 10:40至2015/10/24 15:0,2015/10/24 15:0以後,1910、新竹服務所 03-5714321、區管理處03-5712141～3,2015/10/24~2015/10/25,300新竹市北區       
【區域1】台南市大內區二溪里,2015/10/24 10:42至2015/10/24 11:30 ,2015/10/24 11:30以後,,2015/10/24~2015/10/25,742台南市大內區     
【區域1】苗栗縣通霄鎮通灣里.通西里,2015/10/24 10:54至2015/10/24 12:0 ,2015/10/24 12:0以後,,2015/10/24~2015/10/25,357苗栗縣通霄鎮     
【停水區域一】台中市大肚區大肚區頂街里自由路401號至900號華山路70號至160號含巷弄,2015/10/24 11:30至2015/10/24 15:30,2015/10/24 15:30以後,26312127,2015/10/24~2015/10/25,432台中市大肚區     
【停水區域一】高雄市苓雅區文昌里 義勇路(含巷弄)、尚武路(含巷弄)、文昌路(含巷弄)。,2015/10/27 8:0至2015/10/28 18:0,2015/10/28 18:0以後,洽詢電話：免付費電話1910、高雄服務所：07-3312292。,2015/10/24~2015/10/29,802高雄市苓雅區     
