停水範圍,停水期間,恢復供水時間,查詢電話,發佈期間,發佈區域
通霄鎮通霄鎮平元里、平安里、城北里、城南里、梅南里、通東里、通西里、圳頭里、內湖里、烏眉里、楓樹里、福源里、通灣里等區域。<BR>,104年01月14日上午9時起,104年01月14日下午15時止,1910、通霄銅鑼營運所：037-986206,2015/1/6~2015/1/16,357苗栗縣通霄鎮     
新埔鎮：四座里、五埔里、田新里地區及關西鎮：東平里地區停水。,104年01月22日起,104年1月30日止(每日上午9時起至17時止，共8小時停水施作，晚上恢復供水),1910、竹北營運所 (03) 5516814、(03) 5552501 ,2015/1/14~2015/2/2,305新竹縣新埔鄉     
【區域1】彰化縣伸港鄉全部;彰化縣和美鎮全部;彰化縣彰化市全部;彰化縣線西鄉全部,2014/12/01 0:0至2015/01/31 23:59 ,2015/01/31 23:59以後,04-7353883,2014/12/5~2015/2/1,509彰化縣伸港鄉     508彰化縣和美鎮     500彰化縣彰化市     507彰化縣線西鄉     
【區域1】彰化縣伸港鄉全部;彰化縣和美鎮全部;彰化縣彰化市全部;彰化縣線西鄉全部,2014/12/01 0:0至2015/01/31 23:59 ,2015/01/31 23:59以後,04-7353883,2014/12/5~2015/2/1,509彰化縣伸港鄉     508彰化縣和美鎮     500彰化縣彰化市     507彰化縣線西鄉     
【區域3】彰化縣伸港鄉全部;彰化縣和美鎮全部;彰化縣彰化市全部;彰化縣線西鄉全部,2014/12/01 0:0至2015/01/31 23:59 ,2015/01/31 23:59以後,04-7353883,2014/12/5~2015/2/1,509彰化縣伸港鄉     508彰化縣和美鎮     500彰化縣彰化市     507彰化縣線西鄉     
【區域1】台南市新市區大社里;潭頂里,2014/12/11 10:0至2015/05/31 23:0 ,2015/05/31 23:0以後,06-5973437,2014/12/11~2015/6/1,744台南市新市區     
【區域1】高雄市內門區永吉里;永富里;永興里,2014/12/08 8:0至2015/01/31 18:0【每日上午8點至下午6點(地勢較高地區延至晚上9點復水)】,2015/01/31 18:0以後,07-6613807,2014/12/12~2015/2/1,845高雄市內門區     
【區域1】台中市豐原區一心路185巷;社興路;社皮路（含巷弄）,2014/12/22 8:30至2015/02/09 18:30 ,2014/12/22至2015/2/9每日下午 06:30以後,04-25722643,2014/12/23~2015/2/10,420台中市豐原區     
【區域1】高雄市苓雅區苓雅區五福里、正道里、正心里福德一、二路兩側（建國一路~建國一路140巷）、（福德二路~憲政路11號前）等處,2014/12/24 8:30至2015/01/31 19:0【每日上午0800至下午1900】,2014/12/24至2015/1/31每日下午 07:00以後,07-3312292-237,2014/12/24~2015/2/1,802高雄市苓雅區     
【區域1】新北市林口區湖南里四維路106號至146號、文化三路二段551號至577號、仁愛路二段506號至528號。,2015/01/07 10:0至2015/01/18 18:0【每日上午10時起至下午18時止】,2015/01/18 18:0以後,免付費服務電話：1910    林口服務所:02-26030522,2014/12/25~2015/1/19,244新北市林口區     
【區域1】台南市安南區梅花里;鳳凰里;安中路一段476號起至622巷雙號側全部含巷弄,2014/12/27 8:0至2015/01/15 18:0【每日上午8點至下午6點】,2014/12/27至2015/1/15每日下午 06:00以後,06-3036097,2014/12/26~2015/1/16,709台南市安南區     
【區域1】嘉義縣水上鄉柳子林105號至179號。,2014/12/27 8:0至2015/01/16 18:0【每日上午8點至下午6點】,2015/01/16 18:0以後,2252670*310,2014/12/27~2015/1/17,608嘉義縣水上鄉     
【區域1】桃園市八德區夜間減壓供水限水;桃園市大園區夜間減壓供水限水;桃園市大溪區夜間減壓供水限水;桃園市中壢區夜間減壓供水限水;桃園市平鎮區夜間減壓供水限水;桃園市桃園區夜間減壓供水限水;桃園市復興區夜間減壓供水限水;桃園市新屋區夜間減壓供水限水;桃園市楊梅區夜間減壓供水限水;桃園市龍潭區夜間減壓供水限水;桃園市龜山區夜間減壓供水限水;桃園市蘆竹區夜間減壓供水限水;桃園市觀音區夜間減壓供水限水;新北市五股區夜間減壓供水限水;新北市林口區夜間減壓供水限水;新北市泰山區夜間減壓供水限水;新北市鶯歌區夜間減壓供水限水;新竹縣湖口鄉夜間減壓供水限水;新竹縣新豐鄉夜間減壓供水限水,2014/11/27 23:0至2015/02/17 0:0【夜間減壓供水限水】,2015/02/17 0:0以後,免付費服務電話：1910,2014/12/29~2015/2/18,334桃園市八德區     337桃園市大園區     335桃園市大溪區     320桃園市中壢區     324桃園市平鎮區     330桃園市桃園區     336桃園市復興區     327桃園市新屋區     326桃園市楊梅區     325桃園市龍潭區     333桃園市龜山區     338桃園市蘆竹區     328桃園市觀音區     248新北市五股區     244新北市林口區     243新北市泰山區     239新北市鶯歌區     303新竹縣湖口鄉     304新竹縣新豐鄉     
【區域1】南投縣國姓鄉北山村,2014/12/29 9:0至2015/01/31 18:0【每日上午9點至下午6點】,2015/01/31 18:0以後,0492915176,2014/12/29~2015/2/1,544南投縣國姓鄉     
【區域1】台南市安南區梅花里;鳳凰里;安中路一段476號起至622巷雙號側全部含巷弄,2014/12/27 8:0至2015/01/15 18:0【每日上午8點至下午6點】,2015/01/15 18:0以後,06-3036097,2014/12/29~2015/1/16,709台南市安南區     
【區域1】桃園市大溪區瑞興里;中新里,2015/01/05 9:0至2015/01/21 17:0【1/10、1/11、1/17、1/18(除外)，其餘每日上午九點至十七點停水。】,2015/1/5至2015/1/21每日下午 05:00以後,4712002#303,2014/12/31~2015/1/22,335桃園市大溪區     
【區域1】南投縣草屯鎮草屯轄區,2014/12/31 15:0至2015/01/15 23:59 ,2015/01/15 23:59以後,049-2563505;2566689,2014/12/31~2015/1/16,542南投縣草屯鎮     
【區域1】彰化縣線西鄉寓埔村;塭仔村;溝內村;;;;;,2015/01/02 8:0至2015/01/15 18:0【每日上午8點至下午6點】,2015/01/15 18:0以後,04-7353883,2015/1/1~2015/1/16,507彰化縣線西鄉     
【區域1】台中市霧峰區吉峰路1號至120號，吉峰西路76、78、80巷，錦州路306號至449號，中正路1224巷全部(沿路含巷弄),2015/01/06 8:0至2015/01/16 18:0【每日上午8點至下午6點(非全區域停水)】,2015/01/16 18:0以後,04-23393138,2015/1/5~2015/1/17,413台中市霧峰區     
【區域3】彰化縣鹿港鎮全部村里;彰化縣福興鄉二港村;三汴村;三和村;同安村;外埔村;西勢村;秀厝村;社尾村;頂粘村;麥厝村;番婆村;廈粘村;萬豐村;福南村;福興村;福寶村;橋頭村;鎮平村,2015/01/05 23:0至2015/01/31 23:0 ,2015/01/31 23:0以後,04-7772127，04-7772609,2015/1/5~2015/2/1,505彰化縣鹿港鎮     506彰化縣福興鄉     
【區域1】台中市豐原區一心路185巷;社興路;社皮路（含巷弄）,2015/01/06 8:30至2015/02/09 18:30 ,2015/1/6至2015/2/9每日下午 06:30以後,04-25722643,2015/1/6~2015/2/10,420台中市豐原區     
【區域1】屏東縣枋寮鄉枋寮村;中興路;沿海路;德興路,2015/01/07 8:0至2015/01/26 17:0【每日上午8點至下午5點(例假日不施工)】,2015/01/26 17:0以後,08-8325550,2015/1/6~2015/1/27,940屏東縣枋寮鄉     
【區域1】嘉義市東區後湖里保仁三街、保仁二街、保仁一街、保愛一街、保成路131巷及保成路115-6號至115-10號等所有住戶,2015/01/08 8:0至2015/01/24 18:0【每日上午8點至下午6點(管線末端用戶至下午8點)】,2015/01/24 18:0以後,05-2252670轉252,2015/1/6~2015/1/25,600嘉義市東區       600嘉義市嘉義市     
【區域1】新北市林口區湖南里四維路106號至146號、文化二路一段551號至577號、仁愛路二段506號至528號,2015/01/08 10:0至2015/01/15 18:0【每日上午10點至下午18點】,2015/01/15 18:0以後,0928282342,2015/1/6~2015/1/16,244新北市林口區     
【區域1】新北市林口區西林里中正路451至559號，文化一路二段36至68號,2015/01/20 10:0至2015/01/30 18:0 ,2015/01/30 18:0以後,免付費服務電話：1910    林口服務所:02-26031880,2015/1/9~2015/1/31,244新北市林口區     
【區域1】嘉義市東區嘉義市溪興街233至265號、溪興街231巷及245巷全部,2015/01/12 8:0至2015/01/17 18:0【每日上午8點至下午6點】,2015/01/17 18:0以後,,2015/1/9~2015/1/18,600嘉義市東區       
【區域1】新北市五股區外寮路;登林路   新北市五股區全區夜間減壓供水;新北市泰山區 新北市泰山區全區夜間減壓供水,2014/12/31 21:0至2015/01/15 8:0【21:00----08:00】,2015/01/15 8:0以後,1910,2015/1/9~2015/1/16,248新北市五股區     243新北市泰山區     
【區域1】新北市五股區外寮路;登林路;登林路貿商巷    新北市五股區全區夜間減壓供水;新北市泰山區 新北市泰山區全區夜間減壓供水,2015/01/15 21:0至2015/01/31 8:0【21:00----08:00】,2015/01/31 8:0以後,1910,2015/1/9~2015/2/1,248新北市五股區     243新北市泰山區     
【區域1】台南市安南區1.安中路一段702巷東側起至970號雙號側全部含巷弄   2.怡安路二段545巷全部含巷弄,2015/01/07 8:0至2015/01/20 18:30【預計每日上午8點至下午18點 停水至18點以後恢復供水，遇雨順延】,2015/1/7至2015/1/20每日下午 06:30以後,06-3036097,2015/1/9~2015/1/21,709台南市安南區     
【區域1】彰化縣永靖鄉湳港村、新庄村、永社路等一帶;彰化縣田尾鄉平和路一帶,2015/01/12 8:0至2015/01/26 18:0【每日上午8點至下午6點】,2015/1/12至2015/1/26每日下午 06:00以後,04-7245031-301監工人員楊凱鈞、0933-561826承包商沅盛工程有限公司,2015/1/12~2015/1/27,512彰化縣永靖鄉     522彰化縣田尾鄉     
【區域1】彰化縣彰化市岸頭巷、英士路、環山路、南校街6巷、寶山路126巷等,2015/01/12 8:0至2015/01/26 18:0【每日上午8點至下午6點】,2015/01/26 18:0以後,04-7245031*309(承包商：旺威工程有限公司，陳欽賢0932535188),2015/1/12~2015/1/27,500彰化縣彰化市     
【區域1】彰化縣員林鎮山腳路5段、山腳路6段、山腳路6段254巷、山腳路6段132巷、東北巷、東北巷90弄等,2015/01/12 8:0至2015/01/26 18:0【每日上午8點至下午6點】,2015/1/12至2015/1/26每日下午 06:00以後,04-7245031*301(承包商：上校水管工程行，張圳益0920-900823),2015/1/12~2015/1/27,510彰化縣員林鎮     
【區域1】高雄市三民區德智、德仁、達明、達德、達仁里瀋陽街(由九如二路北側至熱河一街北側)、自由一路西側(由九如二路北側至熱河一街北側)一帶,2015/01/12 9:0至2015/01/15 19:0【每日上午9點至下午7點】,2015/1/12至2015/1/15每日下午 07:00以後,07-3312292轉237,2015/1/12~2015/1/16,807高雄市三民區     
【區域1】台中市南屯區南屯路二段以東.五權西路二段以南.南屯路二段860巷以西.南屯路二段以北,2015/01/20 8:30至2015/01/20 16:0 ,2015/01/20 16:0以後,04-22210169,2015/1/12~2015/1/21,408台中市南屯區     
【區域1】台中市南屯區保安二街以東.文山三街以南.保安一街以西.文山二街以北,2015/01/22 8:30至2015/01/22 16:0 ,2015/01/22 16:0以後,22210169,2015/1/12~2015/1/23,408台中市南屯區     
【區域1】台中市北屯區太和一街以東.太和二街以南.太和路二段以西.太和一街以北.,2015/01/19 8:30至2015/01/19 16:0 ,2015/01/19 16:0以後,22210169,2015/1/12~2015/1/20,406台中市北屯區     
【區域1】台中市西屯區至善路以東.西屯路二段以南.西屯路二段以西.至善路148巷以北,2015/01/20 8:30至2015/01/20 16:0 ,2015/01/20 16:0以後,22210169,2015/1/12~2015/1/21,407台中市西屯區     
【區域1】台中市北屯區環中東路二段以東.東山路一段以南.和順路以西.軍福十三路以北.,2015/01/21 8:30至2015/01/21 16:0 ,2015/01/21 16:0以後,22210169,2015/1/12~2015/1/22,406台中市北屯區     
【區域1】台中市神岡區社皮路（含巷弄）;台中市豐原區一心路185巷;社興路,2015/01/12 8:30至2015/01/26 18:30 ,2015/1/12至2015/1/26每日下午 06:30以後,04-25722643,2015/1/12~2015/1/27,429台中市神岡區     420台中市豐原區     
【區域1】台中市西屯區臺灣大道3段729巷以東.朝貴一街以南.朝貴一街以西.朝貴一街以北,2015/01/26 8:30至2015/01/26 16:0 ,2015/01/26 16:0以後,22210169,2015/1/12~2015/1/27,407台中市西屯區     
【區域1】台中市南屯區永春東一路以東.永平路以南.永平路421巷以西.向心南路169巷以北,2015/01/28 8:30至2015/01/28 16:0 ,2015/01/28 16:0以後,22210169,2015/1/12~2015/1/29,408台中市南屯區     
【區域1】台中市西屯區玉門路以東.國安二路以南.福林路以西.國安一路以北,2015/01/27 8:30至2015/01/27 16:0 ,2015/01/27 16:0以後,22210169,2015/1/12~2015/1/28,407台中市西屯區     
【區域1】新北市淡水區鄧公里鄧公路段,2015/01/13 11:0至2015/01/26 16:0【104年1月13日起至104年1月26日止每日上午11時至下午16時止】,2015/01/26 16:0以後,02-26212267,2015/1/12~2015/1/27,251新北市淡水區     
【區域1】台南市安平區(建平里)(怡平里)(華平里)  1.建平十七街(全部含巷弄)  2.慶平路1至571號(單號側含巷弄)2至446號(雙號側含巷弄)  3.華平路632至690號(雙號側含巷弄)581至619號(單號側含巷弄)  4.文平路449至545號(單號側含巷弄)  5.建平十二街103至177號(單號側含巷弄)140至396號(雙號側含巷弄)  6.建平十一街232至336號(雙號側含巷弄)  7.永華六街街182至218號(雙號側含巷弄)235至287號(單號側含巷弄),2015/01/13 8:0至2015/01/30 18:0【預計每日上午8點至下午18點 停水至18點以後恢復供水，遇雨順延】,2015/1/13至2015/1/30每日下午 06:00以後,06-3036097*301,2015/1/12~2015/1/31,708台南市安平區     
【區域1】彰化縣伸港鄉全部村里;彰化縣線西鄉全部村里,2015/01/13 8:0至2015/01/16 18:0【每日上午8點至下午6點】,2015/01/16 18:0以後,04-7353883,2015/1/12~2015/1/17,509彰化縣伸港鄉     507彰化縣線西鄉     
【區域1】新北市土城區青雲路269巷全部,2015/01/14 9:0至2015/01/15 18:0【上午9點至下午6點】,2015/01/15 18:0以後,02-22655172,2015/1/13~2015/1/16,236新北市土城區     
【區域1】桃園市桃園區秀山路、秀山路86巷、秀山路96巷、大同西路、大同西路47巷、大同西路61巷、大同西路69巷、,2015/01/13 9:0至2015/01/23 17:0【每日上午9點至下午5點】,2015/01/23 17:0以後,03-3346127,2015/1/13~2015/1/24,330桃園市桃園區     
【區域1】宜蘭縣頭城鎮金面里、福成里、礁溪鄉白石腳路、白雲一路白雲三路白雲五路,2015/01/14 23:0至2015/01/15 3:0 ,2015/01/15 3:0以後,03-9233017,2015/1/13~2015/1/16,261宜蘭縣頭城鎮     
【區域1】台南市安南區1.安中路一段711至863號(單側含巷弄)  2.安中路一段705巷全部(含巷弄)  3.安中路一段757巷2-66號及1-71號   4.同安路382巷(含巷弄),2015/01/13 8:0至2015/01/26 18:0【預計每日上午8點至下午18點 停水至18點以後恢復供水，遇雨順延】,2015/1/13至2015/1/26每日下午 06:00以後,06-3036097*301,2015/1/13~2015/1/27,709台南市安南區     
【區域1】新竹縣新埔鎮五埔里;四座里;田新里;新竹縣關西鎮東平里,2015/01/22 9:0至2015/01/30 17:0【每日上午9點至下午5點】,2015/1/22至2015/1/30每日下午 05:00以後,03-5516814,2015/1/13~2015/1/31,305新竹縣新埔鎮     306新竹縣關西鎮     
【區域1】屏東縣車城鄉射寮村、後灣村、海生館,2015/01/19 9:0至2015/01/19 16:0【上午09點至下午16點】,2015/01/19 16:0以後,1910,2015/1/13~2015/1/20,944屏東縣車城鄉     
【區域1】雲林縣四湖鄉四湖村;施湖村;湖西村;中山西路;中山路;金山街;美山街;瑞山街;環湖西路;中正路;中湖街;中湖街;中湖路;泰山街;新市街;市場巷,2015/01/14 8:0至2015/01/16 19:0【每日上午8點至下午7點】,2015/01/16 19:0以後,05-6982250,2015/1/13~2015/1/17,654雲林縣四湖鄉     
【區域1】彰化縣鹿港鎮中山路25號至193號單號用戶，新舊斷管改接，每日約15至20戶用戶外線改接，1月13日為25號至55號，1月14日為57號87號，1月15日為89號至119號，1月16日為121號至151號，1月17日為153號至183號，1月19日為183號至193號，每戶影響用水為1月13日至1月16日早上9:00至下午4:00，共4天，請民眾提早蓄水備用。,2015/01/13 9:0至2015/01/20 16:30【每日上午9點至下午4點30分】,2015/1/13至2015/1/20每日下午 04:30以後,04-7772127、04-7772609,2015/1/13~2015/1/21,505彰化縣鹿港鎮     
【區域1】桃園市桃園區武陵里、萬壽里、南門里;桃園市龜山區山頂里、山德里,2015/01/27 22:0至2015/01/28 9:0 ,2015/01/28 9:0以後,免付費服務電話：1910    桃園服務所:03-3346128,2015/1/13~2015/1/29,330桃園市桃園區     333桃園市龜山區     
【區域1】台東縣太麻里鄉美和村;台東縣台東市知本里,2015/01/15 8:0至2015/01/15 18:0 ,2015/01/15 18:0以後,322-138,2015/1/14~2015/1/16,963台東縣太麻里鄉   950台東縣台東市     
【區域1】雲林縣西螺鎮大園里、大新里等部分用戶。光復東路部分用戶。埤頭里、埤頭里(四塊厝)、埤頭里(柑桔);雲林縣莿桐鄉義合村(三和)部分零星用戶,2015/01/05 8:0至2015/01/16 18:30 ,2015/1/5至2015/1/16每日下午 06:30以後,05-5862163,2015/1/14~2015/1/17,648雲林縣西螺鎮     647雲林縣莿桐鄉     
【區域1】新北市中和區德光路全部民生街35巷85巷民德路2-80號1-27號(包括巷弄),2015/01/15 8:30至2015/01/15 17:30 ,2015/01/15 17:30以後,02-29612196,2015/1/14~2015/1/16,235新北市中和區     
【區域1】台中市大肚區中和里;王田里;社腳里;營埔里;福山里,2015/01/14 12:0至2015/01/16 12:0 ,2015/01/16 12:0以後,04-26312127,2015/1/14~2015/1/17,432台中市大肚區     
【區域1】宜蘭縣員山鄉賢德路二段,2015/01/15 13:0至2015/01/15 17:0 ,2015/01/15 17:0以後,,2015/1/14~2015/1/16,264宜蘭縣員山鄉     
【區域1】高雄市杉林區杉林里合森巷,2015/01/14 9:45至2015/01/15 18:0 ,2015/01/15 18:0以後,07-6613807,2015/1/14~2015/1/16,846高雄市杉林區     
【區域1】宜蘭縣礁溪鄉宜51線 柴圍路,2015/01/14 22:0至2015/01/15 2:0 ,2015/01/15 2:0以後,039323255#26 0937513425,2015/1/14~2015/1/16,262宜蘭縣礁溪鄉     
【區域1】宜蘭縣礁溪鄉龍泉路到四結路,2015/01/15 13:0至2015/01/15 17:0 ,2015/01/15 17:0以後,039323255#26 09375134258,2015/1/14~2015/1/16,262宜蘭縣礁溪鄉     
【區域1】新竹市東區明湖路;水壓略低地區：草湖街;南大路;新香街,2015/01/14 12:0至2015/01/15 0:0 ,2015/01/15 0:0以後,1910、新竹服務所 03-5714321,2015/1/14~2015/1/16,300新竹市東區       
【區域1】新竹市東區明湖路;水壓略低地區：草湖街;南大路;新香街,2015/01/14 12:0至2015/01/15 8:0 ,2015/01/15 8:0以後,1910、新竹服務所 03-5714321,2015/1/15~2015/1/16,300新竹市東區       
【區域1】花蓮縣壽豐鄉豐山村;中興街;中興路;豐山村中山路;豐山村仁愛街;豐山村和平街;豐山村忠孝街;豐山街;豐裡一街;豐裡村中山路,2015/01/15 7:0至2015/01/15 15:0 ,2015/01/15 15:0以後,8325304,2015/1/15~2015/1/16,974花蓮縣壽豐鄉     
【區域1】台東縣台東市知本里;華源;美和;新吉,2015/01/15 9:0至2015/01/15 17:30 ,2015/01/15 17:30以後,089-322138,2015/1/15~2015/1/16,950台東縣台東市     
【區域1】南投縣南投市仁義南路仁義路.等處,2015/01/15 9:0至2015/01/15 13:0 ,2015/01/15 13:0以後,0492563505,2015/1/15~2015/1/16,540南投縣南投市     
【區域1】雲林縣林內鄉坪頂村  林北村  林中村  坪頂,2015/01/15 8:0至2015/01/15 17:0 ,2015/01/15 17:0以後,05-5322362,2015/1/15~2015/1/16,643雲林縣林內鄉     
【區域1】桃園市觀音區觀音里;中正路,2015/01/15 8:30至2015/01/15 15:30 ,2015/01/15 15:30以後,03-3862156,2015/1/15~2015/1/16,328桃園市觀音區     
【區域1】台南市善化區小新里;坐駕里;大成路;四維路;成功路;光文里,2015/01/15 9:0至2015/01/15 12:0 ,2015/01/15 12:0以後,065974290,2015/1/15~2015/1/16,741台南市善化區     
【區域1】高雄市仁武區鳳仁路與仁平巷路口至鳳仁路與新鳳街口;新鴻街;文學路;中華路,2015/01/15 9:0至2015/01/15 17:30 ,2015/01/15 17:30以後,07-3513332,2015/1/15~2015/1/16,814高雄市仁武區     
【區域1】宜蘭縣壯圍鄉大福路三段;美功路一段;美功路二段,2015/01/16 8:30至2015/01/16 16:0 ,2015/01/16 16:0以後,0919-934-411,2015/1/15~2015/1/17,263宜蘭縣壯圍鄉     
【區域1】桃園市龍潭區東龍路279號以後及東龍276號以後及北龍路;龍華路一段,2015/01/15 10:0至2015/01/15 16:0 ,2015/01/15 16:0以後,03-3883760,2015/1/15~2015/1/16,325桃園市龍潭區     
【區域1】台南市安南區長和路二段,2015/01/15 8:0至2015/01/15 17:0 ,2015/01/15 17:0以後,06-3036097,2015/1/15~2015/1/16,709台南市安南區     
【區域1】嘉義縣民雄鄉劉竹仔腳,2015/01/15 9:0至2015/01/15 18:0 ,2015/01/15 18:0以後,0929026338,2015/1/15~2015/1/16,621嘉義縣民雄鄉     
【區域1】新竹縣新豐鄉新興路35號至173號;松林重劃區(全)文林街;松林街;康泰路; 博學街;潤泰街;道化街;泰安街;民安街,2015/01/15 8:0至2015/01/15 16:0 ,2015/01/15 16:0以後,03-5981603  1910,2015/1/15~2015/1/16,304新竹縣新豐鄉     
【區域1】高雄市鳳山區澄清路以東、鳳松路以西、大埤路以南、建國路二段以北,2015/01/15 9:0至2015/01/15 18:0 ,2015/01/15 18:0以後,7883714,2015/1/15~2015/1/16,830高雄市鳳山區     
【區域1】南投縣南投市彰南路二段,2015/01/15 9:0至2015/01/15 13:0 ,2015/01/15 13:0以後,0492222635;1910,2015/1/15~2015/1/16,540南投縣南投市     
【區域1】嘉義縣竹崎鄉竹崎村;和平村,2015/01/15 9:8至2015/01/15 13:0 ,2015/01/15 13:0以後,05-2611075,2015/1/15~2015/1/16,604嘉義縣竹崎鄉     
【區域1】高雄市林園區中芸三路以東、工業三路以西、沿海路一段以南、北汕二路以北,2015/01/15 9:0至2015/01/15 18:0 ,2015/01/15 18:0以後,7883714,2015/1/15~2015/1/16,832高雄市林園區     
【區域1】台中市西屯區何厝街/何厝街112巷/何厝街67巷/何厝東二街/何厝東一街/何厝東二街/四川路/重慶路/青海路一段/,2015/01/15 9:30至2015/01/15 17:30 ,2015/01/15 17:30以後,,2015/1/15~2015/1/16,407台中市西屯區     
【區域1】南投縣埔里鎮蜈蚣里,2015/01/15 9:30至2015/01/15 14:0 ,2015/01/15 14:0以後,0492915176,2015/1/15~2015/1/16,545南投縣埔里鎮     
【區域1】高雄市鼓山區龍子里大順一路(由博愛一路西側至龍德路)、龍德路(由博愛一路西側至大順一路)一帶,2015/01/15 11:0至2015/01/15 17:0【每日上午11點至下午5點】,2015/01/15 17:0以後,07-3312292轉237,2015/1/15~2015/1/16,804高雄市鼓山區     
【區域1】新北市蘆洲區蘆洲區長安街246巷全部,2015/01/15 10:0至2015/01/15 14:0 ,2015/01/15 14:0以後,2282-1817,2015/1/15~2015/1/16,247新北市蘆洲區     
【區域1】桃園市桃園區福林里、南門里、豐林里、福安里、大豐里、建國里、雲林里、大林里、東山里。(含:聖保祿醫院、住都飯店)桃園區其餘地區水壓降低。龜山工業區：縱貫鐵路以西(桃園後站方向)。;桃園市龜山區山德村。,2015/01/16 8:0至2015/01/16 19:0 ,2015/01/16 19:0以後,免付費服務電話：1910   桃園服務所:03-3346128~9,2015/1/15~2015/1/17,330桃園縣桃園市     333桃園縣龜山鄉     
【區域1】高雄市三民區德智、德仁、達明、達德、達仁里瀋陽街(由十全一路南側至九如二路北側)、瀋陽街(由大連街東側至山東街西側)一帶,2015/01/15 10:0至2015/01/15 19:0【每日上午10點至下午7點】,2015/1/15至2015/1/15每日下午 07:00以後,07-3312292轉237,2015/1/15~2015/1/16,807高雄市三民區     
【區域1】台南市南區新興路,2015/01/15 10:0至2015/01/15 17:0 ,2015/01/15 17:0以後,06-3036097,2015/1/15~2015/1/16,702台南市南區       
【區域1】高雄市大寮區溪寮路83號附近,2015/01/16 10:0至2015/01/16 14:0 ,2015/01/16 14:0以後,07-7424163,2015/1/15~2015/1/17,831高雄市大寮區     
【區域1】高雄市六龜區裕濃路一帶皆受影響。,2015/01/15 10:13至2015/01/15 18:0 ,2015/01/15 18:0以後,0978156660,2015/1/15~2015/1/16,844高雄市六龜區     
【區域1】台南市白河區南89線(蓮茵加油站至大排竹),2015/01/15 10:10至2015/01/15 17:0 ,2015/01/15 17:0以後,06-6852135,2015/1/15~2015/1/16,732台南市白河區     
【區域1】基隆市安樂區樂一路;崇德路;安一路,2015/01/15 10:15至2015/01/15 17:0【於1月15日早上10點15分至下午5點】,2015/01/15 17:0以後,24252103-59,2015/1/15~2015/1/16,204基隆市安樂區     
【區域1】苗栗縣通霄鎮通灣里;通西里,2015/01/15 10:29至2015/01/15 12:0 ,2015/01/15 12:0以後,037986206    037986218,2015/1/15~2015/1/16,357苗栗縣通霄鎮     
【區域1】高雄市鳥松區華美路.華山街.華山一街.美山路.附近,2015/01/16 10:0至2015/01/16 14:0 ,2015/01/16 14:0以後,07-7424163,2015/1/15~2015/1/17,833高雄市鳥松區     
【區域1】桃園市八德區大明里、大發里、大安里、大仁里;桃園市龜山區山頂里;新北市樹林區柑園地區;新北市鶯歌區鶯歌區全區,2015/01/16 8:0至2015/01/16 20:0 ,2015/01/16 20:0以後,02-26792527,2015/1/15~2015/1/17,334桃園市八德區     333桃園市龜山區     238新北市樹林區     239新北市鶯歌區     
【區域3】新北市三峽區北大社區;新北市樹林區北大社區,2015/01/16 8:0至2015/01/16 20:0 ,2015/01/16 20:0以後,02-26792527,2015/1/15~2015/1/17,237新北市三峽區     238新北市樹林區     
【區域1】桃園市楊梅區自立街;新農街,2015/01/15 10:30至2015/01/15 18:0 ,2015/01/15 18:0以後,4789261,2015/1/15~2015/1/16,326桃園縣楊梅市     
【區域1】桃園市大園區果林里,2015/01/15 10:57至2015/01/15 17:0 ,2015/01/15 17:0以後,3862156,2015/1/15~2015/1/16,337桃園市大園區     337桃園縣大園鄉     
【區域1】新北市鶯歌區國際新城(國際一路.香賓街、國際二路、欣欣街、晨曦街、明圓街、朝陽街)、湖山路54巷以後巷道。,2015/01/15 10:30至2015/01/15 17:30 ,2015/01/15 17:30以後,26792527.26792224,2015/1/15~2015/1/16,239新北市鶯歌區     
【區域1】台中市西屯區天水中街;天水東街;天水西街;天水西一街;天水西二街;天水西五街;天水東二街;甘肅路一段;重慶路;西屯路二段 等附近,2015/01/15 11:0至2015/01/15 15:0 ,2015/01/15 15:0以後,22442469.1910,2015/1/15~2015/1/16,407台中市西屯區     
【區域1】新北市三峽區三樹路,2015/01/15 12:0至2015/01/15 18:0 ,2015/01/15 18:0以後,26792527.26792224,2015/1/15~2015/1/16,237新北市三峽區     
【區域1】屏東縣恆春鎮恆公路一帶,2015/01/15 11:0至2015/01/15 15:0 ,2015/01/15 15:0以後,088892256,2015/1/15~2015/1/16,946屏東縣恆春鎮     
【區域1】台中市西屯區何厝街/何厝街112巷/何厝街67巷/何厝東一街/何厝東二街/四川路/重慶路/青海路一段/甘州街/一帶,2015/01/15 9:30至2015/01/15 17:30 ,2015/01/15 17:30以後,1910;04-22442469;0939-867798,2015/1/15~2015/1/16,407台中市西屯區     
【區域1】高雄市三民區南台路182-1號附近一帶,2015/01/15 11:5至2015/01/15 15:0 ,2015/01/15 15:0以後,07-7321319,2015/1/15~2015/1/16,807高雄市三民區     
【區域1】嘉義縣民雄鄉陳厝寮,2015/01/15 11:0至2015/01/15 14:0 ,2015/01/15 14:0以後,0932978332,2015/1/15~2015/1/16,621嘉義縣民雄鄉     
【區域1】台中市大里區美群路(全部)，塗城路(全部)，三民一街(全部)，三民二街(全部)，美村街(全部)，瑞城一街(全部)，瑞和街(全部)，成功路(全部)等附近一帶,2015/01/15 11:15至2015/01/15 16:0 ,2015/01/15 16:0以後,22442469、1910,2015/1/15~2015/1/16,412台中市大里區     
【區域1】台中市大里區中興路二段(全部)，大明路(全部)，日新路(全部)，日新街(全部)，鐵路街(全部)，德芳路一段(全部)，新仁路二段(全部)，新仁路三段(全部)，東明路(全部)，西榮路(全部)，東榮路(全部)，益民路三段(全部)等附近一帶,2015/01/15 11:35至2015/01/15 18:0 ,2015/01/15 18:0以後,22442469、1910,2015/1/15~2015/1/16,412台中市大里區     
【區域1】台中市西屯區福中一街;福中二街;福中三街;福中四街;福中五街;福中六街;中工二路;天佑街;工業區一路 附近一帶,2015/01/15 10:34至2015/01/15 14:10 ,2015/01/15 14:10以後,1910.22442469,2015/1/15~2015/1/16,407台中市西屯區     
【區域1】台南市南區喜樹路灣裡路明興路興南街,2015/01/15 8:0至2015/01/15 23:0 ,2015/01/15 23:0以後,06-3036097,2015/1/15~2015/1/16,702台南市南區       
【區域1】新竹市東區公園路;東光路;東明街;東勢街;東園街;東勝路;東進路;新光路;東前街;忠孝路;光復路二段,2015/01/15 12:40至2015/01/15 17:0 ,2015/01/15 17:0以後,5712141-5733523    監工人員0928578810,2015/1/15~2015/1/16,300新竹市東區       
【區域1】嘉義縣竹崎鄉復金村;白樹腳,2015/01/15 13:0至2015/01/15 18:30 ,2015/01/15 18:30以後,2611075,2015/1/15~2015/1/16,604嘉義縣竹崎鄉     
【區域1】台中市北屯區松竹路三段 等附近,2015/01/15 13:20至2015/01/15 17:20 ,2015/01/15 17:20以後,22442469.1910,2015/1/15~2015/1/16,406台中市北屯區     
【區域1】彰化縣二林鎮長青路;長安路,2015/01/15 13:30至2015/01/15 17:30 ,2015/01/15 17:30以後,88960240,2015/1/15~2015/1/16,526彰化縣二林鎮     
【區域1】台中市南區文心南路;大忠南街;建國北路一段 等附近,2015/01/15 13:30至2015/01/15 18:30 ,2015/01/15 18:30以後,22442469.1910,2015/1/15~2015/1/16,402台中市南區       
【區域1】新竹市東區東明街;東勢街;東勝街;忠孝路;東光路;新光路;光復路二段,2015/01/15 13:30至2015/01/15 16:30 ,2015/01/15 16:30以後,1910、新竹給水廠 03-5733523,2015/1/15~2015/1/16,300新竹市東區       
【區域1】台南市下營區下營區往?頭港路附近,2015/01/15 14:0至2015/01/15 15:0【14.00-15.00】,2015/01/15 15:0以後,5721165,2015/1/15~2015/1/16,735台南市下營區     
【區域1】彰化縣大村鄉福興村;黃厝村,2015/01/15 12:0至2015/01/15 18:0 ,2015/01/15 18:0以後,,2015/1/15~2015/1/16,515彰化縣大村鄉     
【區域1】台中市豐原區豐東路;向陽路;圓環東路;中陽路,2015/01/15 14:10至2015/01/15 18:10 ,2015/01/15 18:10以後,25722643,2015/1/15~2015/1/16,420台中市豐原區     
【區域1】雲林縣斗六市鎮北里 明德里 鎮北路,2015/01/15 14:12至2015/01/15 17:0 ,2015/01/15 17:0以後,0912129526,2015/1/15~2015/1/16,640雲林縣斗六市     
【區域1】台南市安南區北安路二段單號(北安橋至安南橋含巷弄),2015/01/15 13:30至2015/01/15 17:0 ,2015/01/15 17:0以後,06-3036097,2015/1/15~2015/1/16,709台南市安南區     
【區域1】桃園市大園區沙崙里,2015/01/15 14:28至2015/01/15 18:0 ,2015/01/15 18:0以後,3862156,2015/1/15~2015/1/16,337桃園市大園區     337桃園縣大園鄉     
【區域1】桃園市中壢區民溪三路、洽溪子4鄰,2015/01/15 14:50至2015/01/15 17:50 ,2015/01/15 17:50以後,4251506,2015/1/15~2015/1/16,320桃園市中壢區     320桃園縣中壢市     
【區域1】嘉義縣民雄鄉東榮村文化路   中樂村文化路全部,2015/01/15 14:48至2015/01/15 17:30 ,2015/01/15 17:30以後,0932978332,2015/1/15~2015/1/16,621嘉義縣民雄鄉     
【區域1】台南市安南區安和路四段,2015/01/15 15:0至2015/01/15 18:0 ,2015/01/15 18:0以後,06-2138101*308,2015/1/15~2015/1/16,709台南市安南區     
【區域1】基隆市信義區東信路;培德路,2015/01/15 15:0至2015/01/15 20:0【於1月15日下午3點至晚上8點】,2015/01/15 20:0以後,24252103-59,2015/1/15~2015/1/16,201基隆市信義區     
【區域1】南投縣竹山鎮桶頭里,2015/01/15 15:0至2015/01/15 20:0 ,2015/01/15 20:0以後,0492642074,2015/1/15~2015/1/16,557南投縣竹山鎮     
【區域1】南投縣竹山鎮桶頭里,2015/01/15 15:0至2015/01/15 20:0 ,2015/01/15 20:0以後,0492642074,2015/1/15~2015/1/16,557南投縣竹山鎮     
【區域1】台南市安南區公學路四段,2015/01/15 15:0至2015/01/15 19:0 ,2015/01/15 19:0以後,06-3036097,2015/1/15~2015/1/16,709台南市安南區     
【區域1】花蓮縣壽豐鄉豐裡一街;中正一村,2015/01/15 15:20至2015/01/15 18:20 ,2015/01/15 18:20以後,8325304,2015/1/15~2015/1/16,974花蓮縣壽豐鄉     
【區域1】新北市板橋區東門街、南門街、北門街、西門街、後菜園街、宮口街、文昌街、府中路、府後街、明德街、大東街、福德街、倉後街、文化路1段、館前西路 全部(含巷弄),2015/01/15 14:30至2015/01/15 19:0 ,2015/01/15 19:0以後,29612196.29612197,2015/1/15~2015/1/16,220新北市板橋區     
【區域1】台中市霧峰區民權路全部及中正路912號至1086號,2015/01/15 15:35至2015/01/15 18:35 ,2015/01/15 18:35以後,23393138,2015/1/15~2015/1/16,413台中市霧峰區     
【區域1】屏東縣林邊鄉中林村,2015/01/15 16:0至2015/01/15 20:0 ,2015/01/15 20:0以後,08-8325550,2015/1/15~2015/1/16,927屏東縣林邊鄉     
【區域1】台中市梧棲區星美路;星美七街全部,2015/01/15 15:50至2015/01/15 17:50 ,2015/01/15 17:50以後,04-26222614,2015/1/15~2015/1/16,435台中市梧棲區     
【區域1】苗栗縣苗栗市水源里，恭敬里，勝利里停水,2015/01/15 16:0至2015/01/15 20:0 ,2015/01/15 20:0以後,1910，苗栗營運所037320334,2015/1/15~2015/1/16,360苗栗縣苗栗市     
【區域1】屏東縣屏東市大洲里用戶,2015/01/15 16:0至2015/01/15 18:0 ,2015/01/15 18:0以後,08-7226170、7220040,2015/1/15~2015/1/16,900屏東縣屏東市     
【區域1】宜蘭縣宜蘭市宜蘭市環河北路195號及慈航路8號之1,2015/01/16 13:0至2015/01/16 17:0 ,2015/01/16 17:0以後,0912225487,2015/1/15~2015/1/17,260宜蘭縣宜蘭市     
【區域1】雲林縣虎尾鎮北溪里,2015/01/15 16:25至2015/01/15 18:30 ,2015/01/15 18:30以後,05-6322047,2015/1/15~2015/1/16,632雲林縣虎尾鎮     
【區域1】台中市大里區樹王路(全部)，萬安路(全部)，福德路(全部)，東興路(全部)，文心南路(全部)等附近一帶,2015/01/15 16:33至2015/01/15 20:0 ,2015/01/15 20:0以後,22442469、1910,2015/1/15~2015/1/16,412台中市大里區     
【區域1】桃園市龜山區長庚醫護社區.文明路.文德路.文明一街.文明三街.文善街.文光街.文安街.文德二路.文化一路.文化二路.振興路.樂善街.復興街.文武街等(含巷弄),2015/01/16 10:30至2015/01/16 16:0 ,2015/01/16 16:0以後,0939349453,2015/1/15~2015/1/17,333桃園市龜山區     333桃園縣龜山鄉     
【區域1】桃園市龜山區大同路356巷.綠野山莊.湖山街.海萍路等(含巷弄),2015/01/16 10:0至2015/01/16 16:0 ,2015/01/16 16:0以後, 0939349453,2015/1/15~2015/1/17,333桃園縣龜山鄉     
【區域1】新竹縣新豐鄉新興路35號至173號,2015/01/15 14:0至2015/01/15 18:0 ,2015/01/15 18:0以後,03-5981603  1910,2015/1/15~2015/1/16,304新竹縣新豐鄉     
【區域1】台南市南區1.南區明興路1181巷2號 2.南區明興路1183號~1283號(含巷弄),2015/01/19 8:0至2015/01/31 18:0【預計每日上午8點至下午18點 停水至18點以後恢復供水，遇雨順延】,2015/1/19至2015/1/31每日下午 06:00以後,06-3036097,2015/1/15~2015/2/1,702台南市南區       
【區域1】苗栗縣竹南鎮竹南里.正南里.大厝里,2015/01/15 14:0至2015/01/15 18:30 ,2015/01/15 18:30以後,623500  628000,2015/1/15~2015/1/16,350苗栗縣竹南鎮     
【區域1】南投縣名間鄉大庄村、太平巷、大庄路(嶺頂嘉和里大庄路)赤水村、?下村、名松路二段,2015/01/15 17:30至2015/01/15 19:30 ,2015/01/15 19:30以後,2222635,2015/1/15~2015/1/16,551南投縣名間鄉     
【區域1】南投縣信義鄉地利村;民和村,2015/01/16 9:30至2015/01/16 17:0 ,2015/01/16 17:0以後,049-2762076,2015/1/15~2015/1/17,556南投縣信義鄉     
【區域1】台中市南區建成路以東；永東街以西；五權南路以北；復興園路以南﹝含永和街一帶等﹞,2015/01/15 17:45至2015/01/15 23:59 ,2015/01/15 23:59以後,22442469   1910,2015/1/15~2015/1/16,402台中市南區       
【區域1】雲林縣斗南鎮化日路,2015/01/15 18:50至2015/01/15 23:0 ,2015/01/15 23:0以後,05-5972144,2015/1/15~2015/1/16,630雲林縣斗南鎮     
【區域1】雲林縣斗南鎮化日路,2015/01/15 18:50至2015/01/15 23:0 ,2015/01/15 23:0以後,05-5972144,2015/1/15~2015/1/16,630雲林縣斗南鎮     
【區域1】新竹縣新豐鄉松林村.松林街.文林街.博學街.文愛街.保康街.康泰路.潤泰街.上仁街.新興路37號~173號,2015/01/15 19:57至2015/01/15 22:0 ,2015/01/15 22:0以後,,2015/1/15~2015/1/16,304新竹縣新豐鄉     
【區域1】嘉義縣朴子市開元路;南通路三段,2015/01/15 16:0至2015/01/15 21:0 ,2015/01/15 21:0以後,05-3792117,2015/1/15~2015/1/16,613嘉義縣朴子市     
【區域1】台東縣台東市卑南里;上下賓朗;彩虹山莊;卑南棒球場等,2015/01/16 8:0至2015/01/16 17:30 ,2015/01/16 17:30以後,089-322138,2015/1/16~2015/1/17,950台東縣台東市     
【區域1】高雄市仁武區鳳仁路與仁平巷路口至鳳仁路與新鳳街口;新鴻街;文學路;中華路,2015/01/16 8:30至2015/01/16 17:30 ,2015/01/16 17:30以後,07-3513332,2015/1/16~2015/1/17,814高雄市仁武區     
【區域1】新北市新莊區中正路1至53號,2015/01/19 9:0至2015/01/19 16:0 ,2015/01/19 16:0以後,29966681轉208,2015/1/16~2015/1/20,242新北市新莊區     
【區域1】嘉義縣中埔鄉三層村;深坑村,2015/01/16 8:0至2015/01/16 17:30 ,2015/01/16 17:30以後,05-2611075,2015/1/16~2015/1/17,606嘉義縣中埔鄉     
【區域1】高雄市小港區高坪五路與高坪六街路口附近一帶,2015/01/16 8:10至2015/01/16 12:10 ,2015/01/16 12:10以後,07-7321319,2015/1/16~2015/1/17,812高雄市小港區     
【區域1】宜蘭縣蘇澳鎮永光里;永春里;永榮里;永樂里;新城里;聖湖里;隘丁里;港邊里;朝陽里,2015/01/16 9:0至2015/01/16 12:0 ,2015/01/16 12:0以後,0937849881  0937162295,2015/1/16~2015/1/17,270宜蘭縣蘇澳鎮     
【區域3】宜蘭縣蘇澳鎮永光里;永春里;永榮里;永樂里;港邊里;新城里;聖湖里;蘇北里;蘇西里;蘇東里;蘇南里,2015/01/16 9:0至2015/01/16 12:0 ,2015/01/16 12:0以後,0937849881  0937162295,2015/1/16~2015/1/17,270宜蘭縣蘇澳鎮     
【區域1】雲林縣莿桐鄉全部村里;義和村,2015/01/16 9:0至2015/01/16 16:0 ,2015/01/16 16:0以後,055862163,2015/1/16~2015/1/17,647雲林縣莿桐鄉     
【區域1】台南市北區文成路文成1.2.3路文賢1.2.3街和緯路二段海安路三段,2015/01/16 8:30至2015/01/16 17:0 ,2015/01/16 17:0以後,06-3036097,2015/1/16~2015/1/17,704台南市北區       
【區域1】桃園市楊梅區新農街、自立街、楊新北路,2015/01/16 8:0至2015/01/16 18:0 ,2015/01/16 18:0以後,4789261,2015/1/16~2015/1/17,326桃園市楊梅區     
【區域1】高雄市三民區德智、德仁、達明、達德、達仁里瀋陽街東側及西側(由十全一路南側至九如二路北側)、瀋陽街(自由一路西側至吉林街東側)一帶,2015/01/16 9:0至2015/01/18 19:0【每日上午9點至下午7點】,2015/1/16至2015/1/18每日下午 07:00以後,07-3312292轉237,2015/1/16~2015/1/19,807高雄市三民區     
【區域1】苗栗縣通霄鎮平安里;圳頭里,2015/01/16 8:51至2015/01/16 14:0 ,2015/01/16 14:0以後,免費客服專線1910；通霄銅鑼營運所037-986206,2015/1/16~2015/1/17,357苗栗縣通霄鎮     
【區域1】雲林縣水林鄉水林鄉.萬興村.車港村.蘇秦.內湖.水林路.水南村.水北村.部分區域水壓降低,2015/01/12 9:0至2015/01/18 18:0【上午9點~下午6點】,2015/01/18 18:0以後,05-7832040,2015/1/16~2015/1/19,652雲林縣水林鄉     
【區域1】高雄市林園區沿海三路以東、工業二路以西、會結路以南、西汕路以北，沿海路二段與林園南路口一帶。,2015/01/16 9:29至2015/01/16 18:0 ,2015/01/16 18:0以後,7882410,2015/1/16~2015/1/17,832高雄市林園區     
【區域1】桃園市大園區竹圍里,2015/01/16 8:55至2015/01/16 19:0 ,2015/01/16 19:0以後,3862156,2015/1/16~2015/1/17,337桃園市大園區     
【區域1】桃園市觀音區樹林里,2015/01/16 9:0至2015/01/16 18:0 ,2015/01/16 18:0以後,3862156,2015/1/16~2015/1/17,328桃園市觀音區     
【區域1】苗栗縣竹南鎮新南里;苗栗縣頭份鎮田寮里.蘆竹里,2015/01/16 9:0至2015/01/16 12:0 ,2015/01/16 12:0以後,623500,2015/1/16~2015/1/17,350苗栗縣竹南鎮     351苗栗縣頭份鎮     
【區域1】嘉義縣民雄鄉劉竹仔腳,2015/01/16 9:0至2015/01/16 12:0 ,2015/01/16 12:0以後,0932978332,2015/1/16~2015/1/17,621嘉義縣民雄鄉     
【區域1】南投縣南投市南新路81巷內.,2015/01/16 9:30至2015/01/16 14:0 ,2015/01/16 14:0以後,049-2563505,2015/1/16~2015/1/17,540南投縣南投市     
【區域1】南投縣南投市南投市中正路(雙號)南側(由中興圓環至向上路),2015/01/16 8:0至2015/01/23 17:0【每日上午8點至下午5點】,2015/1/16至2015/1/23每日下午 05:00以後,049-2563505,2015/1/16~2015/1/24,540南投縣南投市     
【區域1】桃園市觀音區觀音里,2015/01/16 9:18至2015/01/16 17:0 ,2015/01/16 17:0以後,3862156,2015/1/16~2015/1/17,328桃園市觀音區     
【區域1】台中市豐原區南陽路;東陽路,2015/01/16 9:30至2015/01/16 12:30 ,2015/01/16 12:30以後,25722643,2015/1/16~2015/1/17,420台中市豐原區     
【區域1】新北市板橋區漢生東路;板新路;陽明街;富山街;永豐街;太和街;懷仁街;民生路2段,2015/01/16 9:30至2015/01/16 12:0 ,2015/01/16 12:0以後,02-29612196,2015/1/16~2015/1/17,220新北市板橋區     
【區域1】高雄市林園區西溪路以東、北汕路以西、石化三路以南、中芸路以北,2015/01/16 9:0至2015/01/16 18:0 ,2015/01/16 18:0以後,7883714,2015/1/16~2015/1/17,832高雄市林園區     
【區域1】台南市仁德區保安里.文賢路二段等含巷弄.,2015/01/16 9:40至2015/01/16 14:40 ,2015/01/16 14:40以後,06-2303756,2015/1/16~2015/1/17,717台南市仁德區     
【區域1】彰化縣員林鎮湖水里、振興里、(湖水巷、出水巷、泉洲巷)全部,2015/01/16 11:0至2015/01/16 17:0 ,2015/01/16 17:0以後,1910   員林營運所04-8320083   04-8321341,2015/1/16~2015/1/17,510彰化縣員林鎮     
【區域1】台南市安南區安和路四段533,2015/01/16 10:0至2015/01/16 13:0 ,2015/01/16 13:0以後,2138101*308,2015/1/16~2015/1/17,709台南市安南區     
【區域1】屏東縣高樹鄉泰山村;南華村;廣福村,2015/01/16 10:20至2015/01/16 12:0 ,2015/01/16 12:0以後,087962041,2015/1/16~2015/1/17,906屏東縣高樹鄉     
【區域1】台南市南區金華路二段新興路新孝路,2015/01/16 10:0至2015/01/16 17:0 ,2015/01/16 17:0以後,06-3036097,2015/1/16~2015/1/17,702台南市南區       
【區域1】基隆市中正區八斗街,2015/01/16 10:25至2015/01/16 13:30【於1月16日早上10點25分至下午1點30分】,2015/01/16 13:30以後,24252103-59,2015/1/16~2015/1/17,202基隆市中正區     
【區域1】屏東縣琉球鄉全部村里,2015/01/19 9:0至2015/01/19 20:0 ,2015/01/19 20:0以後,08-8325550,2015/1/16~2015/1/20,929屏東縣琉球鄉     
【區域1】苗栗縣三義鄉廣盛村;雙湖村,2015/01/16 10:30至2015/01/16 12:30 ,2015/01/16 12:30以後,037-986206,2015/1/16~2015/1/17,367苗栗縣三義鄉     
【區域1】新竹市北區水田街;東大路二段;經國路二段;演藝路;北大路;中正路;,2015/01/16 10:20至2015/01/16 14:0 ,2015/01/16 14:0以後,1910、新竹服務所 03-5714321,2015/1/16~2015/1/17,300新竹市北區       
【區域1】基隆市中正區中正路580巷、605、613、620、621、634、640、656等巷一帶,2015/01/16 10:30至2015/01/16 15:30【於1月16日早上10點30分至下午3點30分】,2015/01/16 15:30以後,24252103-59,2015/1/16~2015/1/17,202基隆市中正區     
【區域1】桃園市中壢區龍岡路三段、龍門街、游泳路,2015/01/16 10:0至2015/01/16 14:0 ,2015/01/16 14:0以後,4251506,2015/1/16~2015/1/17,320桃園市中壢區     
【區域1】南投縣名間鄉新丹巷,2015/01/16 10:50至2015/01/16 14:30 ,2015/01/16 14:30以後,0492222635;1910,2015/1/16~2015/1/17,551南投縣名間鄉     
【區域1】台中市南屯區培德路;永春南路 等附近,2015/01/16 10:56至2015/01/16 15:55 ,2015/01/16 15:55以後,22442469-1910,2015/1/16~2015/1/17,408台中市南屯區     
【區域1】屏東縣屏東市建華一街257號至303號<單號用戶>,2015/01/19 11:0至2015/01/19 15:0 ,2015/01/19 15:0以後,08-7226170、7220040,2015/1/16~2015/1/20,900屏東縣屏東市     
【區域1】新竹市東區民有二街;民有一街;科學園路;民享街;民有街;惠民街;民享一街;民治街;裕民街;愛民街;育民街;水壓略低地區：竹村一路～七路,2015/01/16 11:0至2015/01/16 16:0 ,2015/01/16 16:0以後,1910、新竹服務所 03-5714321,2015/1/16~2015/1/17,300新竹市東區       
【區域1】花蓮縣吉安鄉慶豐村;福興村,2015/01/16 11:0至2015/01/16 15:0 ,2015/01/16 15:0以後,03-9351141,2015/1/16~2015/1/17,973花蓮縣吉安鄉     
【區域1】花蓮縣花蓮市博愛街171一帶,2015/01/16 8:20至2015/01/16 12:0 ,2015/01/16 12:0以後,8325304,2015/1/16~2015/1/17,970花蓮縣花蓮市     
【區域1】桃園市中壢區健行路(新興路~中北路二段)、新興路(健行路~東明街)、東興街,2015/01/16 13:0至2015/01/16 15:0 ,2015/01/16 15:0以後,4251506,2015/1/16~2015/1/17,320桃園市中壢區     
【區域1】台南市安南區淵西里、淵中里;1.本淵路東側全部(含巷弄)  2.安中路四段98巷口至324號(含巷弄)  3.海佃路四段,2015/01/17 8:30至2015/01/17 18:30 ,2015/1/17至2015/1/17每日下午 06:30以後,06-3036097,2015/1/16~2015/1/18,709台南市安南區     
【區域1】屏東縣高樹鄉鹽樹村;南麂新村,2015/01/16 14:0至2015/01/16 16:0 ,2015/01/16 16:0以後,087963973,2015/1/16~2015/1/17,906屏東縣高樹鄉     
【區域1】嘉義縣朴子市南通路三段,2015/01/16 11:45至2015/01/16 14:0 ,2015/01/16 14:0以後,05-3792117,2015/1/16~2015/1/17,613嘉義縣朴子市     
【區域1】台南市北區北成路、中華北路二段、海安路三段,2015/01/16 11:0至2015/01/16 17:0 ,2015/01/16 17:0以後,06-3036097,2015/1/16~2015/1/17,704台南市北區       
【區域1】新北市三峽區三樹路,2015/01/16 12:0至2015/01/16 18:0 ,2015/01/16 18:0以後,26792527.26792224,2015/1/16~2015/1/17,237新北市三峽區     
【區域1】桃園市龜山區龍校街121號至133號之間{單號},2015/01/16 13:0至2015/01/16 18:0 ,2015/01/16 18:0以後,329-4999,2015/1/16~2015/1/17,333桃園市龜山區     
