停水範圍,停水期間,恢復供水時間,查詢電話,發佈期間,發佈區域
瑞芳區（水湳洞、瑞濱、深澳、九份金瓜石地區）<BR>基隆區（中正區、信義區）<BR>,104年04月28日9時,104年04月29日03時,(02)24245200基隆所;02-24972006瑞芳所,2015/4/20~2015/4/29,201基隆市信義區     202基隆市中正區     224新北市瑞芳區     
鼻頭里、濂新里、濂洞里、南雅里、海濱里、瑞濱里、深澳里、福住里、崇文里、基山里、頌德里、永慶里、新山里、銅山里、石山里、瓜山里。,自104年4月28日0900時至29日0300時止（共18小時）,自104年4月29日0300時緩慢恢復正常,02-24972006;02-24972411,2015/4/23~2015/4/29,224新北市瑞芳區     
【區域1】台南市新市區大社里;潭頂里,2014/12/11 10:0至2015/05/31 23:0 ,2015/05/31 23:0以後,06-5973437,2014/12/11~2015/6/1,744台南市新市區     
【區域1】彰化縣伸港鄉全部;彰化縣和美鎮全部;彰化縣彰化市全部;彰化縣線西鄉全部,2015/02/01 0:0至2015/04/30 23:0 ,2015/04/30 23:0以後,04-7353883,2015/2/2~2015/5/1,509彰化縣伸港鄉     508彰化縣和美鎮     500彰化縣彰化市     507彰化縣線西鄉     
【區域1】嘉義縣太保市北新里;過溝里;麻寮里;南新里;嘉太工業區中興路;嘉太工業區光復路;嘉太工業區和順路;嘉太工業區建工路;嘉太工業區嘉太路;嘉太工業區興業路,2015/03/10 10:0至2015/05/10 10:0 ,2015/05/10 10:0以後,053742044,2015/3/10~2015/5/11,612嘉義縣太保市     
【區域3】嘉義縣太保市過溝里;麻寮里;南新里;北新里;嘉太工業區中興路;嘉太工業區光復路;嘉太工業區和順路;嘉太工業區建工路;嘉太工業區嘉太路;嘉太工業區興業路,2015/03/10 10:0至2015/05/10 10:0 ,2015/05/10 10:0以後,053742044,2015/3/10~2015/5/11,612嘉義縣太保市     
【區域1】桃園市大溪區員林路一段、員林路二段【雙號】,2015/03/13 9:0至2015/04/30 17:0【3/13起至4/30止(3/14、3/15、3/21、3/22、3/28、3/29、4/3、4/4、4/5、4/6、4/11、4/12、4/18、4/19、4/25、4/26除外)】,2015/3/13至2015/4/30每日下午 05:00以後,4712002#305,2015/3/16~2015/5/1,335桃園市大溪區     
【區域1】新竹縣湖口鄉和興村、東興村、德盛村、愛勢村、仁勢村、孝勢村、信勢村、中勢村、中正村、信義村、長嶺村、長安村、湖口村、湖鏡村;新竹縣新豐鄉瑞興村、福興村、後湖村,2015/04/01 0:0至2015/06/30 0:0 ,2015/06/30 0:0以後,03-5981603  1910,2015/3/23~2015/7/1,303新竹縣湖口鄉     304新竹縣新豐鄉     
【區域1】新竹縣湖口鄉和興村、東興村、德盛村、愛勢村、仁勢村、孝勢村、信勢村、中勢村、中正村、信義村、長嶺村、長安村、湖口村、湖鏡村;新竹縣新豐鄉瑞興村、福興村、後湖村,2015/04/01 0:0至2015/06/30 0:0【每星期三;四;零晨0時起】,2015/06/30 0:0以後,03-5981603  1910,2015/3/23~2015/7/1,303新竹縣湖口鄉     304新竹縣新豐鄉     
【區域1】新北市五股區104年4月1日起 新北市泰山區大科里、黎明里、五股區福德里，每星期之星期三及星期四停水。;泰山區(大科里、黎明里除外)、五股區成泰路一、二段以西區域及中興路四段；每星期之星期五及星期六停水，;新北市泰山區104年4月1日起 新北市泰山區大科里、黎明里、五股區福德里，每星期之星期三及星期四停水。;泰山區(大科里、黎明里除外)、五股區成泰路一、二段以西區域及中興路四段；每星期之星期五及星期六停水，;新北市新莊區壽山路,2015/04/03 0:0至2015/04/26 0:0【供5天停2天】,2015/04/26 0:0以後,1910,2015/3/24~2015/4/27,248新北市五股區     243新北市泰山區     242新北市新莊區     
【區域1】屏東縣高樹鄉南華村;泰山村三民路1號至10號之間,2015/03/27 8:0至2015/06/23 18:0【每日上午8點至下午6點】,2015/06/23 18:0以後,087962041,2015/3/27~2015/6/24,906屏東縣高樹鄉     
【區域1】屏東縣琉球鄉杉福村;上福村,2015/04/01 8:0至2015/04/30 17:30 ,2015/04/30 17:30以後,08-8325550,2015/3/31~2015/5/1,929屏東縣琉球鄉     
【區域1】台中市霧峰區錦州路328號至449號(沿路含巷弄),2015/04/01 8:30至2015/04/30 18:0【每日上午8點30分至下午6點(晚上恢復供水)】,2015/04/30 18:0以後,04-23393138,2015/4/1~2015/5/1,413台中市霧峰區     
【區域1】桃園市中壢區新興里(全) 志航街 黃興街 自忠街~二街 逢甲一~三街 天祥一~三街 少康一~三街 執信一~二街 林森路10巷16巷等 以上含所有巷道(施工沿線時停水),2015/04/03 8:0至2015/04/30 18:0【每日上午8點至下午6點】,2015/4/3至2015/4/30每日下午 06:00以後,03-4259492,2015/4/3~2015/5/1,320桃園市中壢區     
【區域1】嘉義縣竹崎鄉獅埜村;沙坑村,2015/03/09 8:0至2015/04/30 19:30【每日上午8點至下午6點】,2015/04/30 19:30以後,05-2611075,2015/4/7~2015/5/1,604嘉義縣竹崎鄉     
【區域1】新北市鶯歌區中山路,2015/04/08 9:0至2015/05/31 18:0【訂於104年04月08日至104年05月31日每日施工自上午9時至18時停水.當日施工自18時恢復供水】,2015/05/31 18:0以後,26792527.26792224,2015/4/7~2015/6/1,239新北市鶯歌區     
【區域1】屏東縣琉球鄉上福村;杉福村,2015/04/09 8:0至2015/04/30 20:0 ,2015/04/30 20:0以後,08-8325550,2015/4/9~2015/5/1,929屏東縣琉球鄉     
【區域1】嘉義縣太保市北新里;過溝里;麻寮里;南新里;嘉太工業區中興路;嘉太工業區光復路;嘉太工業區和順路;嘉太工業區建工路;嘉太工業區嘉太路;嘉太工業區興業路,2015/03/10 10:0至2015/05/10 10:0 ,2015/05/10 10:0以後,053742044,2015/4/13~2015/5/11,612嘉義縣太保市     
【區域3】嘉義縣太保市過溝里;麻寮里;南新里;北新里;嘉太工業區中興路;嘉太工業區光復路;嘉太工業區和順路;嘉太工業區建工路;嘉太工業區嘉太路;嘉太工業區興業路,2015/3/10 10:0至2015/5/10 10:0 ,2015/5/10 10:0以後,053742044,2015/4/13~2015/5/11,612嘉義縣太保市     
【區域1】彰化縣員林鎮育英路160巷47弄全部、育英路160巷49~117號等全部範圍。,2015/04/07 8:0至2015/04/25 18:0【每日上午8點至下午6點】,2015/04/25 18:0以後,1910   員林營運所04-8320083   04-8321341,2015/4/14~2015/4/26,510彰化縣員林鎮     
【區域1】南投縣草屯鎮草溪路碧洲里(由阿發橋至草溪路底)  例假日不施工,2015/04/20 8:0至2015/04/30 18:0【:每日上午8點00分至下午6點00分】,2015/4/20至2015/4/30每日下午 06:00以後,049-2563505,2015/4/16~2015/5/1,542南投縣草屯鎮     
【區域1】南投縣草屯鎮草溪路(碧洲里 阿發橋至碧興路) 及碧興路一段    例假日不施工停水,2015/04/28 8:0至2015/05/08 18:0【每日上午8點至下午6點】,2015/4/28至2015/5/8每日下午 06:00以後,049-2563505,2015/4/16~2015/5/9,542南投縣草屯鎮     
【區域1】南投縣埔里鎮南投縣/埔里鎮/枇杷里、蜈蚣里、泰安里、北安里、北梅里、大湳里、牛眠里、福興里、史港里、西門里、大城里、桃米里、水頭里、溪南里、珠格里,2015/04/20 23:0至2015/04/27 23:0 ,2015/04/27 23:0以後,049-2915176,2015/4/17~2015/4/28,545南投縣埔里鎮     
【區域1】新竹縣竹東鎮 新竹市東區竹美路一段.竹美路二段.員山路.下員山路.光復路一段.竹中路,2015/04/20 8:0至2015/04/25 18:0 ,2015/04/25 18:0以後,5712141-5733523    監工人員0928578810,2015/4/20~2015/4/26,310新竹縣竹東鎮     
【區域1】彰化縣員林鎮仁美里和平東街2號~22號;三和里信義巷7弄1號~35號,2015/04/22 8:0至2015/05/08 17:30【每日上午8點至下午17點30分】,2015/05/08 17:30以後,1910   員林營運所04-8320083   04-8321341,2015/4/20~2015/5/9,510彰化縣員林鎮     
【區域1】彰化縣田尾鄉新生村、南鎮村、光復路一段、平和路、新民路、富農路、地政路、裕民路等一帶,2015/04/21 8:0至2015/05/05 18:0【管線末端及高地區將延後至23點前復水】,2015/4/21至2015/5/5每日下午 06:00以後,04-7245031-301監工人員楊凱鈞、0933-561826承包商沅盛工程有限公司,2015/4/21~2015/5/6,522彰化縣田尾鄉     
【區域1】嘉義縣大林鎮三和里;林子頭;林子前,2015/04/28 8:0至2015/05/22 18:0【每日上午8點至下午6點】,2015/05/22 18:0以後,05-2262806,2015/4/21~2015/5/23,622嘉義縣大林鎮     
【區域1】高雄市阿蓮區大崗山頂用戶及超峰寺,2015/05/04 8:0至2015/05/05 21:0 ,2015/05/05 21:0以後,,2015/4/21~2015/5/6,822高雄市阿蓮區     
【區域1】高雄市田寮區僅提供全選功能(若為全部村里;本功能請勿勾選;請勾選下一層的全部村里);高雄市阿蓮區（峰山里中正路16巷）;高雄市燕巢區僅提供全選功能(若為全部村里;本功能請勿勾選;請勾選下一層的全部村里),2015/05/04 9:0至2015/05/04 12:0 ,2015/05/04 12:0以後,,2015/4/21~2015/5/5,823高雄市田寮區     822高雄市阿蓮區     824高雄市燕巢區     
【區域1】高雄市田寮區僅提供全選功能(若為全部村里;本功能請勿勾選;請勾選下一層的全部村里);高雄市阿蓮區（峰山里中正路16巷）;高雄市燕巢區僅提供全選功能(若為全部村里;本功能請勿勾選;請勾選下一層的全部村里),2015/05/04 9:0至2015/05/04 12:0 ,2015/05/04 12:0以後,,2015/4/21~2015/5/5,823高雄市田寮區     822高雄市阿蓮區     824高雄市燕巢區     
【區域1】高雄市田寮區僅提供全選功能(若為全部村里;本功能請勿勾選;請勾選下一層的全部村里);田寮里;高雄市阿蓮區（峰山里;中正路16巷);高雄市燕巢區僅提供全選功能(若為全部村里;本功能請勿勾選;請勾選下一層的全部村里),2015/05/11 9:0至2015/05/11 21:0 ,2015/05/11 21:0以後,,2015/4/27~2015/5/12,823高雄市田寮區     822高雄市阿蓮區     824高雄市燕巢區     
【區域1】高雄市田寮區田寮區（鹿埔里、古亭里除外）;高雄市阿蓮區（峰山里中正路16巷）;高雄市燕巢區燕巢區全區,2015/05/04 9:0至2015/05/04 12:0 ,2015/05/04 12:0以後,,2015/4/21~2015/5/5,823高雄市田寮區     822高雄市阿蓮區     824高雄市燕巢區     
【區域1】高雄市田寮區田寮區（鹿埔里、古亭里除外）;高雄市阿蓮區（峰山里中正路16巷）;高雄市燕巢區燕巢區全區,2015/05/04 9:0至2015/05/04 12:0 ,2015/05/04 12:0以後,,2015/4/21~2015/5/5,823高雄市田寮區     822高雄市阿蓮區     824高雄市燕巢區     
【區域1】高雄市田寮區全區（鹿埔里、古亭里除外）;高雄市阿蓮區（峰山里中正路16巷）;高雄市燕巢區全區,2015/05/04 9:0至2015/05/04 12:0 ,2015/05/04 12:0以後,,2015/4/21~2015/5/5,823高雄市田寮區     822高雄市阿蓮區     824高雄市燕巢區     
【區域1】高雄市大寮區大發工業區、萬大工業區;高雄市小港區臨海工業區;高雄市林園區林園工業區,2015/04/30 8:0至2015/04/30 23:0 ,2015/04/30 23:0以後,1910,2015/4/21~2015/5/1,831高雄市大寮區     812高雄市小港區     832高雄市林園區     
【區域1】高雄市田寮區全區（鹿埔里、古亭里除外）;高雄市阿蓮區（峰山里;中正路16巷);高雄市燕巢區全區,2015/05/11 9:0至2015/05/11 21:0 ,2015/05/11 21:0以後,,2015/4/27~2015/5/12,823高雄市田寮區     822高雄市阿蓮區     824高雄市燕巢區     
【區域1】新北市五股區五股區;1、二區支援：每星期三、四停水：福德里（登林路91號及114-1號以後）。;2、本處第一供水區:每星期五、六停水：新五路一段二段以西（不含成泰路三段及御史路92號及77號前）、德音里、貿商里、陸一里、成泰里、五龍里、五福里、五股里、德泰里、水碓里、民義里、六福里、福德里（登林路91號及114-1號以前）（不含福德里登林路91號及114-1號以後）。;3、不停水里別:觀音里、集賢里、集福里、成德里、成州里、成功里、更寮里、興珍里。;新北市泰山區泰山區;泰山區全區停水;1、二區支援：每星期三、四停水：大科里、黎明里（黎明路9號以後、自強路、泰林路三段、同榮里犁頭窠）。;2、本處第一供水區:每星期五、六停水：山腳里、同榮里、明志里、同興里、泰友里、貴子里、貴和里、貴賢里、新明里、楓樹里、義仁里、義學里、福泰里、黎明里、全興里、福興里。,2015/04/24 0:0至2015/04/26 0:0 ,2015/04/26 0:0以後,1910,2015/4/22~2015/4/27,248新北市五股區     243新北市泰山區     
【區域1】新北市五股區新北市/五股區/登林路、登林路貿商巷、中直路、中直路崩山巷、凌雲路3段、田埔巷、民義路一段及二段、壟鉤路、御史路。,2015/04/26 0:0至2015/04/26 8:0 ,2015/04/26 8:0以後,1910,2015/4/22~2015/4/27,248新北市五股區     
【區域1】新北市五股區五股區全部    五股工業區(新北產業園區);新北市泰山區泰山區全部;新北市新莊區壽山路   新莊區福興里部份    新北產業園區,2015/03/10 22:0至2015/05/31 6:0【22:00--06:00】,2015/05/31 6:0以後,1910,2015/4/22~2015/6/1,248新北市五股區     243新北市泰山區     242新北市新莊區     
【區域1】基隆市中正區八斗街;中正路;中船路;北寧路;平一路;平二路;平三路;正義路;正榮街;正濱路;正豐街;立德路;和一路;和二路;和平街;東海街;武昌街;信一路;信七路;信二路;信三路;信五路;信六路;信四路;祥豐街;新豐街;義一路;義二路;義三路;漁港一街;漁港二街;漁港三街;調和街;環港街;豐稔街;觀海街含各巷、弄等一帶。仁愛區水壓降低;基隆市信義區中興路;仁一路;六和街;月眉路;正信路;孝東路;東光路;東明路;東信路;東美一街;東美二街;東峰街;花源一街;花源七街;花源九街;花源二街;花源三街;花源五街;信一路;信二路;培德路;崇法街;教孝街;教忠街;深美街;深溪路;深澳坑路;義七路;義九路;義三路;義五路;義六路;義四路;壽山路;福民街含各巷、弄等一帶。仁愛區水壓降低,2015/04/28 9:0至2015/04/29 3:0【於4月28日早上9點至4月29日零晨3時】,2015/04/29 3:0以後,24252103-59,2015/4/22~2015/4/30,202基隆市中正區     201基隆市信義區     
【區域1】高雄市仁武區文武里中華路附近,2015/05/04 9:0至2015/05/04 18:0 ,2015/05/04 18:0以後,,2015/4/22~2015/5/5,814高雄市仁武區     
【區域1】彰化縣彰化市卦山里;華陽里;桃源里等,2015/04/25 12:0至2015/04/25 16:0 ,2015/04/25 16:0以後,04-7353883,2015/4/22~2015/4/26,500彰化縣彰化市     
【區域1】彰化縣彰化市竹中、香山、牛埔、台鳳、田中、快官、安溪、福山、三村、福田、竹巷、大竹等里,2015/04/30 12:0至2015/04/30 16:0 ,2015/04/30 16:0以後,04-7353883,2015/4/22~2015/5/1,500彰化縣彰化市     
【區域1】彰化縣彰化市台鳳;牛埔等里,2015/04/25 8:0至2015/04/25 12:0 ,2015/04/25 12:0以後,04-7353883,2015/4/22~2015/4/26,500彰化縣彰化市     
【區域1】台中市北屯區長生一街以東.長生一街130巷以南.崇德路三段以西.崇德十六路以北(仁美里),2015/05/05 8:30至2015/05/05 16:0 ,2015/05/05 16:0以後,04-22210169,2015/4/22~2015/5/6,406台中市北屯區     
【區域1】彰化縣員林鎮員南路、坡姜巷、山腳路1段等,2015/04/23 8:0至2015/05/07 18:0【每日上午8點至下午6點】,2015/4/23至2015/5/7每日下午 06:00以後,承包商-雅喬工程有限公司蕭博鴻0984-459881，監工人員-梁福智04-7245031*302,2015/4/23~2015/5/8,510彰化縣員林鎮     
【區域1】台中市潭子區大成街120巷 中興路32巷,2015/04/24 8:0至2015/04/30 17:30【每日早上八點至下午五點半】,2015/04/30 17:30以後,(04)25722643  (04)25262721,2015/4/23~2015/5/1,427台中市潭子區     
【區域1】嘉義縣大林鎮三和里,2015/04/28 8:0至2015/05/22 18:0【上午8時至下午6時】,2015/05/22 18:0以後,0937355685,2015/4/23~2015/5/23,622嘉義縣大林鎮     
【區域1】彰化縣員林鎮光明里、三義里、三條里、東和里、新興里、和平里、仁美里、三信里、三愛里、新生里、中山里、三多里、三橋里、南平里、南興里、大埔里、源潭里、中正里、仁愛里、三和里全部。,2015/04/23 8:0至2015/05/15 18:0【每日上午8點至下午6點】,2015/05/15 18:0以後,1910   員林營運所04-8320083   04-8321341,2015/4/23~2015/5/16,510彰化縣員林鎮     
【區域3】彰化縣員林鎮光明里、三義里、三條里、東和里、新興里、和平里、仁美里、三信里、三愛里、新生里、中山里、三多里、三橋里、南平里、南興里、大埔里、源潭里、中正里、仁愛里、三和里全部。,2015/04/23 8:0至2015/05/15 18:0【每日上午8點至下午6點】,2015/05/15 18:0以後,1910   員林營運所04-8320083   04-8321341,2015/4/23~2015/5/16,510彰化縣員林鎮     
【區域1】雲林縣台西鄉永豐村;和豐村;五港路;五港村;海南村;海北村;牛厝村;台西村;民生路;民族路;民權路;成功;忠孝路;信義路;崙豐路;新興;公館,2015/04/24 9:0至2015/04/27 18:0【上午9時00分至下午18時00分】,2015/04/27 18:0以後,05-6982250,2015/4/23~2015/4/28,636雲林縣台西鄉     
【區域1】嘉義市東區興南里吳鳳南路17巷、25巷、37巷、49巷及垂楊路211巷,2015/04/27 8:0至2015/05/15 18:0【每日上午8點至下午6點(管線末端用戶至下午8點)】,2015/05/15 18:0以後,05-2252670轉252,2015/4/24~2015/5/16,600嘉義市東區       
【區域1】高雄市新興區復興一路以北六合一路以南中正二路,2015/04/25 14:0至2015/04/25 17:0 ,2015/04/25 17:0以後,07-3312292-237,2015/4/24~2015/4/26,800高雄市新興區     
【區域1】雲林縣崙背鄉草湖村,2015/04/25 13:0至2015/04/25 18:0【下午1點至下午6點】,2015/04/25 18:0以後,05-6962070,2015/4/24~2015/4/26,637雲林縣崙背鄉     
【區域1】台中市大肚區社腳里;王田里;中和里;福山里;營埔里,2015/04/24 8:0至2015/04/30 18:0【每日上午8點至下午6點】,2015/04/30 18:0以後,04-26312127,2015/4/24~2015/5/1,432台中市大肚區     
【區域1】新北市土城區青仁路雙號12號後,2015/04/24 10:0至2015/04/26 17:0【上午10點至下午5點】,2015/04/26 17:0以後,02-22655172,2015/4/24~2015/4/27,236新北市土城區     
【區域1】台東縣台東市第三階段:台東市富岡街及松江路一段、;第四階段:台東市富岡街275巷及松江路一段等巷道(大陳新村),2015/04/27 8:0至2015/04/30 18:0【每日上午8點至下午6點】,2015/04/30 18:0以後,工地主任：許瀛豪0920-616378、 監造人員：謝仲科：0932-559811,2015/4/24~2015/5/1,950台東縣台東市     
【區域1】台中市南屯區春社里;文山里;寶山里;文山一街;文山七街;文山九街;文山二街;文山八街;文山十一街;文山十街;文山三街;文山六街;文山五街;永春南路;永春路;精科路;寶山一街;寶山二街;寶山五街;寶山三街;寶山六街;寶山東二街;工業區十八路;忠勇路;嶺東路;五權西路三段，培德路;精科東路;保安一街;保安七街;保安九街;保安二街;保安八街;保安十街;保安三街;保安五街;保安六街;永春北路;文山路，向上路五段，七星北街，七星南街,2015/04/27 8:30至2015/05/08 17:30【每日上午8時30分至下午5時30分】,2015/05/08 17:30以後,1910，04-22442469,2015/4/24~2015/5/9,408台中市南屯區     
【區域1】宜蘭縣宜蘭市健康路一段151巷;自強路72巷與中山路一段路口;自強路與嵐峰路一段路口;擺厘路與嵐峰路一段路口,2015/04/27 13:0至2015/04/28 17:0【下午1點至下午5點】,2015/04/28 17:0以後,03-9233017,2015/4/24~2015/4/29,260宜蘭縣宜蘭市     
【區域1】台南市仁德區全部,2015/04/24 0:0至2015/05/15 0:0 ,2015/05/15 0:0以後,,2015/4/24~2015/5/16,717台南市仁德區     
【區域1】台南市仁德區全部,2015/04/24 0:0至2015/05/15 0:0 ,2015/05/15 0:0以後,,2015/4/24~2015/5/16,717台南市仁德區     
【區域1】台南市仁德區全部,2015/04/24 0:0至2015/05/15 0:0 ,2015/05/15 0:0以後,,2015/4/24~2015/5/16,717台南市仁德區     
【區域1】台南市仁德區全部,2015/04/24 0:0至2015/05/15 0:0 ,2015/05/15 0:0以後,,2015/4/24~2015/5/16,717台南市仁德區     
【區域1】桃園市龜山區優美街大景小城社區,2015/04/24 14:30至2015/04/25 0:0 ,2015/04/25 0:0以後,03-3294999,2015/4/24~2015/4/26,333桃園市龜山區     
【區域1】新北市五股區孝義路,2015/04/28 9:0至2015/05/10 18:0【每日早上九時停水，晚間六時恢復供水。】,2015/05/10 18:0以後,29097480,2015/4/24~2015/5/11,248新北市五股區     
【區域1】宜蘭縣宜蘭市新興路121號至133號,2015/04/27 9:0至2015/04/27 12:0 ,2015/04/27 12:0以後,0912225487,2015/4/24~2015/4/28,260宜蘭縣宜蘭市     
【區域1】高雄市前鎮區明孝里;漁港東二路;漁港東三路;新生路329;429巷,2015/04/25 9:0至2015/04/25 17:0【每日上午9點至下午17點】,2015/04/25 17:0以後,0933321079  078912618,2015/4/24~2015/4/26,806高雄市前鎮區     
【區域1】高雄市前鎮區明孝里，漁港東三路;漁港東二路;新生路429巷;新生路329巷,2015/04/26 9:0至2015/04/26 17:0【每日上午9點至下午17點】,2015/04/26 17:0以後,0933321079  078912618,2015/4/24~2015/4/27,806高雄市前鎮區     
【區域1】高雄市前鎮區68.69.70.71.72.73號碼頭,2015/04/27 9:0至2015/04/27 17:0【每日上午9點至下午17點】,2015/04/27 17:0以後,0933321079  078912618,2015/4/24~2015/4/28,806高雄市前鎮區     
【區域1】桃園市大溪區仁和二街、三街、八街及仁和東街、西街等，仁和街全區。,2015/04/27 8:0至2015/05/01 19:0【每日上午8點至晚上7點】,2015/4/27至2015/5/1每日下午 07:00以後,03-4712002,2015/4/24~2015/5/2,335桃園市大溪區     
【區域1】新竹縣竹東鎮民族路;光明路;民族路;光明路,2015/04/25 8:0至2015/04/25 18:0【每日上午8點至下午6點】,2015/4/25至2015/4/25每日下午 06:00以後,03-5963356,2015/4/24~2015/4/26,310新竹縣竹東鎮     
【區域1】嘉義市西區福全里博愛路二段及北港路全部含沿線巷弄;西平里信義路全部,2015/04/25 8:0至2015/04/25 17:0 ,2015/04/25 17:0以後,05-2779117,2015/4/24~2015/4/26,600嘉義市西區       
【區域1】宜蘭縣羅東鎮長春路,2015/04/27 14:0至2015/04/27 17:0 ,2015/04/27 17:0以後,039553098 ; 0932087863,2015/4/24~2015/4/28,265宜蘭縣羅東鎮     
【區域1】高雄市前鎮區68號碼頭-74號碼頭,2015/04/25 9:0至2015/04/26 17:0【每日上午9:00至下午17:00】,2015/04/26 17:0以後,,2015/4/24~2015/4/27,806高雄市前鎮區     
【區域1】新竹市東區八德路;公園路;忠孝路;光復路二段;學府路;食品路;南大路;園後街;東園街;東光路;東明街;東山街;東勢街;東進路;東勝路;新光路,2015/04/24 19:30至2015/04/25 1:0 ,2015/04/25 1:0以後,,2015/4/24~2015/4/26,300新竹市東區       
【區域1】台中市中區自由路一段.自由路二段.精武路.中華路二段.中華路一段.民權路.民族路.中山路.光復路.公園路.大誠街.太平路.育才街.一中街.成功路.市府路.三民路二段.三民路三段.篤行路,2015/04/24 19:40至2015/04/25 3:10 ,2015/04/25 3:10以後,1910.(04)22442469,2015/4/25~2015/4/26,400台中市中區       
【區域1】新北市鶯歌區中正三路,2015/04/25 9:30至2015/04/25 15:0 ,2015/04/25 15:0以後,26792527.26792224,2015/4/25~2015/4/26,239新北市鶯歌區     
【區域1】宜蘭縣礁溪鄉德陽路,2015/04/25 9:15至2015/04/25 15:30 ,2015/04/25 15:30以後,,2015/4/25~2015/4/26,262宜蘭縣礁溪鄉     
【區域1】南投縣南投市嶺興路,2015/04/25 9:0至2015/04/25 13:0 ,2015/04/25 13:0以後,0492222635,2015/4/25~2015/4/26,540南投縣南投市     
【區域1】嘉義縣朴子市新寮里;新寮,2015/04/25 9:30至2015/04/25 18:0 ,2015/04/25 18:0以後,05-3700625,2015/4/25~2015/4/26,613嘉義縣朴子市     
【區域1】桃園市龜山區長峰路.光峰路.長壽路等,2015/04/25 9:0至2015/04/25 10:0 ,2015/04/25 10:0以後,0918-937834,2015/4/25~2015/4/26,333桃園市龜山區     
【區域1】南投縣南投市南崗二路,2015/04/25 11:0至2015/04/25 15:0 ,2015/04/25 15:0以後,0492222635,2015/4/25~2015/4/26,540南投縣南投市     
【區域1】南投縣埔里鎮同聲里,2015/04/25 9:26至2015/04/25 13:0 ,2015/04/25 13:0以後,,2015/4/25~2015/4/26,545南投縣埔里鎮     
【區域1】桃園市中壢區萬能路;中原路;中園路二段,2015/04/25 9:40至2015/04/25 12:0 ,2015/04/25 12:0以後,,2015/4/25~2015/4/26,320桃園市中壢區     
【區域1】台中市大里區立仁路.公教街.立新街.立仁人1路.立仁2路.立仁3路,2015/04/25 9:45至2015/04/25 14:0 ,2015/04/25 14:0以後,1910.22442469,2015/4/25~2015/4/26,412台中市大里區     
【區域1】新北市板橋區懷仁街,2015/04/25 10:15至2015/04/25 13:0 ,2015/04/25 13:0以後,,2015/4/25~2015/4/26,220新北市板橋區     
【區域1】桃園市龍潭區民豐一街;民豐六街;民主街;自由街;中興路18巷全部,2015/04/25 10:30至2015/04/25 14:0 ,2015/04/25 14:0以後,03-3883760,2015/4/25~2015/4/26,325桃園市龍潭區     
【區域1】桃園市楊梅區永寧里,2015/04/25 10:30至2015/04/25 15:0 ,2015/04/25 15:0以後,,2015/4/25~2015/4/26,326桃園市楊梅區     
【區域1】台中市太平區長億1街至6街.太平路.長億路,2015/04/25 10:0至2015/04/25 14:0 ,2015/04/25 14:0以後,1910.22442469,2015/4/25~2015/4/26,411台中市太平區     
【區域1】苗栗縣通霄鎮烏眉里18鄰,2015/04/25 11:0至2015/04/25 13:0 ,2015/04/25 13:0以後,,2015/4/25~2015/4/26,357苗栗縣通霄鎮     
【區域1】台中市北屯區環中路.松竹路.,2015/04/25 11:0至2015/04/25 15:0 ,2015/04/25 15:0以後,1910.22442469,2015/4/25~2015/4/26,406台中市北屯區     
【區域1】高雄市苓雅區民權一路;青年一路;苓雅一路,2015/04/25 11:10至2015/04/25 15:10 ,2015/04/25 15:10以後,07-7321319,2015/4/25~2015/4/26,802高雄市苓雅區     
【區域1】宜蘭縣礁溪鄉德陽路;礁溪路七段;礁溪路六段,2015/04/25 9:15至2015/04/25 15:30 ,2015/04/25 15:30以後,,2015/4/25~2015/4/26,262宜蘭縣礁溪鄉     
【區域1】宜蘭縣礁溪鄉礁溪鄉全區,2015/04/25 9:15至2015/04/25 15:30 ,2015/04/25 15:30以後,,2015/4/25~2015/4/26,262宜蘭縣礁溪鄉     
【區域1】新北市板橋區懷仁街、富山街,2015/04/25 10:15至2015/04/25 13:0 ,2015/04/25 13:0以後,,2015/4/25~2015/4/26,220新北市板橋區     
【區域1】台中市東區泉源街;樂業路;復興東路;建成路336巷全部{全部};建成路328巷全部{全部};旱溪街,2015/04/25 12:40至2015/04/25 16:40 ,2015/04/25 16:40以後,22442469.1910,2015/4/25~2015/4/26,401台中市東區       
【區域1】彰化縣二林鎮北平里,2015/04/25 13:0至2015/04/25 16:30 ,2015/04/25 16:30以後,,2015/4/25~2015/4/26,526彰化縣二林鎮     
【區域1】基隆市安樂區武訓街1-43號  2-56號  基金二路一巷,2015/04/25 12:30至2015/04/25 16:30 ,2015/04/25 16:30以後,,2015/4/25~2015/4/26,204基隆市安樂區     
【區域1】新北市土城區中華路2段92號~208號，慶祥街全部、慶樂街,2015/04/25 12:30至2015/04/25 17:30 ,2015/04/25 17:30以後,,2015/4/25~2015/4/26,236新北市土城區     
【區域1】台中市太平區長龍路三段,2015/04/25 9:10至2015/04/25 16:0 ,2015/04/25 16:0以後,22442469.1910,2015/4/25~2015/4/26,411台中市太平區     
【區域1】台中市大里區健民路.校前路.仁化路.銀聯2路.銀聯3路.健行路.,2015/04/25 14:0至2015/04/25 19:0 ,2015/04/25 19:0以後,1910.22442469,2015/4/25~2015/4/26,412台中市大里區     
【區域1】新竹市東區田美二街，田美一街 光華東街 光華街  光華南街 光華北街  國華街,2015/04/25 14:0至2015/04/25 17:0 ,2015/04/25 17:0以後,,2015/4/25~2015/4/26,300新竹市東區       
【區域1】新竹縣竹北市大眉里;大義里;尚義里;崇義里;新竹工業區西區;新竹縣湖口鄉鳳凰村;鳳山村;新竹縣新豐鄉全部村里,2015/04/25 14:0至2015/04/25 16:0 ,2015/04/25 16:0以後,,2015/4/25~2015/4/26,302新竹縣竹北市     303新竹縣湖口鄉     304新竹縣新豐鄉     
【區域1】桃園市中壢區新中北路二段、華美一路、晉元路、幸福新村、榮民新村、華愛里、仁和里、仁德里、仁祥里等區域,2015/04/25 14:45至2015/04/25 17:30 ,2015/04/25 17:30以後,03-4251506,2015/4/25~2015/4/26,320桃園市中壢區     
【區域1】台中市南區福新街.福東街.福平街.福南街.高苑路.,2015/04/25 15:0至2015/04/25 17:30 ,2015/04/25 17:30以後,1910.22442469,2015/4/25~2015/4/26,402台中市南區       
【區域1】台中市北屯區環中路一段;松竹路三段,2015/04/25 15:40至2015/04/25 18:40 ,2015/04/25 18:40以後,22442469.1910,2015/4/25~2015/4/26,406台中市北屯區     
【區域1】高雄市前鎮區忠誠路;凱旋四路;凱旋市場巷及附近一帶,2015/04/25 15:30至2015/04/25 18:30 ,2015/04/25 18:30以後,07-7321319,2015/4/25~2015/4/26,806高雄市前鎮區     
【區域1】宜蘭縣宜蘭市東港路延平路口,2015/04/28 13:0至2015/04/28 17:0【下午1點至下午5點】,2015/04/28 17:0以後,039223847轉350,2015/4/25~2015/4/29,260宜蘭縣宜蘭市     
【區域1】桃園市新屋區赤欄里;中山西路三段,2015/04/25 16:30至2015/04/25 19:0 ,2015/04/25 19:0以後,,2015/4/25~2015/4/26,327桃園市新屋區     
【區域1】桃園市桃園區東埔里,2015/04/25 16:20至2015/04/26 0:0 ,2015/04/26 0:0以後,,2015/4/25~2015/4/27,330桃園市桃園區     
【區域1】雲林縣斗六市梅林里 湖山里,2015/04/25 16:30至2015/04/25 19:30 ,2015/04/25 19:30以後,05-5322844,2015/4/25~2015/4/26,640雲林縣斗六市     
【區域1】台東縣台東市富岡里一帶,2015/04/25 16:30至2015/04/25 18:30 ,2015/04/25 18:30以後,,2015/4/25~2015/4/26,950台東縣台東市     
【區域1】台南市新營區護鎮里.菜寮;台南市鹽水區水秀里;土庫,2015/04/25 16:40至2015/04/25 20:0 ,2015/04/25 20:0以後,,2015/4/25~2015/4/26,730台南市新營區     737台南市鹽水區     
【區域1】新竹市東區延平路二.三段.牛埔北路.華江街.虎林街 附近一帶,2015/04/25 17:0至2015/04/25 20:0 ,2015/04/25 20:0以後,,2015/4/25~2015/4/26,300新竹市東區       
【區域1】嘉義縣中埔鄉和興村,2015/04/25 17:0至2015/04/25 17:30 ,2015/04/25 17:30以後,,2015/4/25~2015/4/26,606嘉義縣中埔鄉     
【區域1】台中市東勢區新盛里;新盛街,2015/04/25 17:13至2015/04/25 21:0 ,2015/04/25 21:0以後,,2015/4/25~2015/4/26,423台中市東勢區     
【區域1】高雄市仁武區赤貴街.赤吉街.赤祥街.仁孝街.赤富街.赤和街,2015/04/25 8:11至2015/04/25 19:0 ,2015/04/25 19:0以後,07-3513332,2015/4/25~2015/4/26,814高雄市仁武區     
【區域1】台南市南區金華路一段352巷,2015/04/25 18:0至2015/04/25 21:0 ,2015/04/25 21:0以後,,2015/4/25~2015/4/26,702台南市南區       
【區域1】台南市南區金華路一段352巷,2015/04/25 18:0至2015/04/25 21:0 ,2015/04/25 21:0以後,,2015/4/25~2015/4/26,702台南市南區       
【區域1】台南市南區金華路一段352巷,2015/04/25 18:0至2015/04/25 21:0 ,2015/04/25 21:0以後,,2015/4/25~2015/4/26,702台南市南區       
【區域1】新北市三峽區紫新路,2015/04/25 15:0至2015/04/26 0:0 ,2015/04/26 0:0以後,26792527.26792224,2015/4/25~2015/4/27,237新北市三峽區     
【區域1】台中市大里區上田街;三興街愛心路1-3街-新興路-德芳路二段-長興街-樹王路-愛新路,2015/04/25 19:30至2015/04/25 22:0 ,2015/04/25 22:0以後,22442469.1910,2015/4/25~2015/4/26,412台中市大里區     
【區域1】台中市西屯區福強街-福聯街附近一帶,2015/04/25 20:0至2015/04/25 23:0 ,2015/04/25 23:0以後,22442469-1910,2015/4/25~2015/4/26,407台中市西屯區     
【區域1】新竹市東區延平路二.三段.牛埔北路.華江街.虎林街 附近一帶,2015/04/25 17:0至2015/04/25 21:0 ,2015/04/25 21:0以後,,2015/4/25~2015/4/26,300新竹市東區       
【區域1】新竹市東區延平路二.三段.牛埔北路.華江街.虎林街 附近一帶,2015/04/25 17:0至2015/04/26 0:0 ,2015/04/26 0:0以後,,2015/4/25~2015/4/27,300新竹市東區       
【區域1】高雄市仁武區赤貴街.赤吉街.赤祥街.仁孝街.赤富街.赤和街,2015/04/26 8:8至2015/04/26 17:30 ,2015/04/26 17:30以後,(07)3513332,2015/4/26~2015/4/27,814高雄市仁武區     
【區域1】桃園市大溪區大鶯路,2015/04/26 8:0至2015/04/26 15:0 ,2015/04/26 15:0以後,,2015/4/26~2015/4/27,335桃園市大溪區     
【區域1】台南市安南區郡安路五段31巷(全),2015/04/26 8:33至2015/04/26 17:0 ,2015/04/26 17:0以後,,2015/4/26~2015/4/27,709台南市安南區     
【區域1】新北市三峽區溪東路,2015/04/26 9:0至2015/04/26 14:0 ,2015/04/26 14:0以後,26792527.26792224,2015/4/26~2015/4/27,237新北市三峽區     
【區域1】彰化縣伸港鄉全興工業區 、 東全路、西全路     附近週邊,2015/04/26 8:33至2015/04/26 20:0 ,2015/04/26 20:0以後,047353883,2015/4/26~2015/4/27,509彰化縣伸港鄉     
【區域1】彰化縣伸港鄉全部村里,2015/04/26 7:33至2015/04/26 10:30 ,2015/04/26 10:30以後,047353883,2015/4/26~2015/4/27,509彰化縣伸港鄉     
【區域1】台中市北屯區環中路一段.松竹路三段等附近一帶,2015/04/26 9:30至2015/04/26 16:0 ,2015/04/26 16:0以後,22442469.1910,2015/4/26~2015/4/27,406台中市北屯區     
【區域1】台中市北屯區松竹路2段.興安路2段.北屯路.崇德2路一段.松安街.遼寧路一段.崇德6路一段.僑校街.北新路.松義街等附近一帶,2015/04/26 10:0至2015/04/26 15:0 ,2015/04/26 15:0以後,22442469.1910,2015/4/26~2015/4/27,406台中市北屯區     
【區域1】新北市三峽區成福路.西東路.紫新路.紫微路,2015/04/26 12:0至2015/04/26 20:0 ,2015/04/26 20:0以後,,2015/4/26~2015/4/27,237新北市三峽區     
