停水範圍,停水期間,恢復供水時間,查詢電話,發佈期間,發佈區域
【區域1】彰化縣伸港鄉全部;彰化縣和美鎮全部;彰化縣彰化市全部;彰化縣線西鄉全部,2015/05/04 12:0至2015/07/31 23:0【每日上午0點至上午7點 及每日中午12點至下午6點 及每日晚間10點至晚間12點】,2015/07/31 23:0以後,04-7353883,2015/5/4~2015/8/1,509彰化縣伸港鄉     508彰化縣和美鎮     500彰化縣彰化市     507彰化縣線西鄉     
【區域1】新北市蘆洲區信義里 信義路280巷、292巷、302巷;鷺江里 信義路351巷、361巷,2015/05/05 9:0至2015/09/30 16:0【每日上午9點至下午4點】,2015/09/30 16:0以後,(02)22821817,2015/5/11~2015/10/1,247新北市蘆洲區     
【區域1】新北市蘆洲區信義里 信義路280巷、292巷、302巷;鷺江里 信義路351巷、361巷,2015/05/05 9:0至2015/09/30 16:0【每日上午9點至下午4點】,2015/09/30 16:0以後,(02)22821817,2015/5/11~2015/10/1,247新北市蘆洲區     
【區域1】新北市蘆洲區信義里 信義路280巷、292巷、302巷;鷺江里 信義路351巷、361巷,2015/05/05 9:0至2015/09/30 16:0【每日上午9點至下午4點】,2015/09/30 16:0以後,(02)22821817,2015/5/11~2015/10/1,247新北市蘆洲區     
【區域1】新北市蘆洲區信義里 信義路280巷、292巷、302巷;鷺江里 信義路351巷、361巷,2015/05/05 9:0至2015/09/30 16:0【每日上午9點至下午4點】,2015/09/30 16:0以後,(02)22821817,2015/5/11~2015/10/1,247新北市蘆洲區     
【區域1】新北市蘆洲區信義里 信義路280巷、292巷、302巷;鷺江里 信義路351巷、361巷,2015/05/05 9:0至2015/09/30 16:0【每日上午9點至下午4點】,2015/09/30 16:0以後,(02)22821817,2015/5/11~2015/10/1,247新北市蘆洲區     
【停水區域一】桃園市中壢區新興里(全) 志航街 黃興街 自忠街~二街 逢甲一~三街 天祥一~三街 少康一~三街 執信一~二街 林森路10巷16巷等 以上含所有巷道(施工沿線時停水),2015/05/01 8:0至2015/08/31 18:0,2015/08/31 18:0以後,03-4259492,2015/5/19~2015/9/1,320桃園市中壢區     
【停水區域一】彰化縣伸港鄉伸港鄉全部;彰化縣和美鎮和美鎮全部;彰化縣彰化市彰化市全部;彰化縣線西鄉線西鄉全部,2015/06/12 18:0至2015/08/31 23:59,2015/08/31 23:59以後,04-7353883,2015/6/12~2015/9/1,509彰化縣伸港鄉     508彰化縣和美鎮     500彰化縣彰化市     507彰化縣線西鄉     
【停水區域一】新北市新莊區忠孝街及其周邊巷道;忠孝街29巷及其周邊巷道;公園一路70巷及其周邊巷道(每日上午9點至下午6點(若遇大雨未施工則延期)),2015/07/01 9:0至2015/07/31 18:0,2015/07/31 18:0以後,29966681,2015/6/22~2015/8/1,242新北市新莊區     
【停水區域一】台中市豐原區豐南街(含巷弄) 育仁路(含巷弄),2015/06/26 8:30至2015/07/31 18:30,2015/07/31 18:30以後,(04)25722643  (04)25262721,2015/6/23~2015/8/1,420台中市豐原區     
【停水區域一】雲林縣虎尾鎮西安里;穎川里,2015/07/01 8:0至2015/07/31 18:0,2015/07/31 18:0以後,05-6322047,2015/6/26~2015/8/1,632雲林縣虎尾鎮     
【停水區域一】屏東縣琉球鄉全部村里,2015/07/01 8:0至2015/07/31 20:0,2015/07/31 20:0以後,08-8325550,2015/6/29~2015/8/1,929屏東縣琉球鄉     
【區域1】新北市樹林區八德街202巷全部;東豐街全部,2015/07/01 9:0至2015/09/30 19:0【每日上午9點至下午7點】,2015/09/30 19:0以後,,2015/6/30~2015/10/1,238新北市樹林區     
【區域1】新北市樹林區八德街212巷全部;東豐街全部,2015/07/01 9:0至2015/09/30 19:0【每日上午9點至下午7點】,2015/09/30 19:0以後,,2015/6/30~2015/10/1,238新北市樹林區     
【區域1】新北市鶯歌區西湖街曾厝巷全部;西湖街53巷全部,2015/07/01 8:0至2015/08/31 19:0【每日上午8點至下午7點】,2015/08/31 19:0以後,,2015/6/30~2015/9/1,239新北市鶯歌區     
【區域1】新北市樹林區八德街212巷全部;東豐街全部;太平路203~228號全部;味王街38號至53號之間{全部},2015/07/01 9:0至2015/09/30 19:0【每日上午9點至下午7點】,2015/09/30 19:0以後,,2015/7/1~2015/10/1,238新北市樹林區     
【停水區域一】新北市新莊區新莊區公園一路(中正路-新泰路)含 75 巷、中正路 376 巷;每日上午9點至下午6點(若遇大雨未施工則順延),2015/07/13 9:0至2015/09/01 18:0,2015/09/01 18:0以後,29968961#306,2015/7/8~2015/9/2,242新北市新莊區     
【停水區域一】台中市西屯區玉門路以東.國安二路以南.福林路以西.國安一路以北(永安里),2015/08/04 8:30至2015/08/04 16:0,2015/08/04 16:0以後,22210169,2015/7/9~2015/8/5,407台中市西屯區     
【停水區域一】台中市西屯區上石北二巷以東.河南路2段301巷以南.弘孝路以西.寶慶街以北(逢甲里),2015/08/11 8:30至2015/08/11 16:0,2015/08/11 16:0以後,22210169,2015/7/13~2015/8/12,407台中市西屯區     
【停水區域一】雲林縣虎尾鎮中溪里;下溪里,2015/07/15 8:0至2015/08/15 18:0,2015/08/15 18:0以後,05-6322047,2015/7/14~2015/8/16,632雲林縣虎尾鎮     
【停水區域一】雲林縣虎尾鎮中溪里;下溪里,2015/07/15 8:0至2015/08/15 18:0,2015/08/15 18:0以後,05-6322047,2015/7/14~2015/8/16,632雲林縣虎尾鎮     
【停水區域一】高雄市田寮區興東路,2015/07/10 8:0至2015/07/31 18:0,2015/07/31 18:0以後,07-6934819,2015/7/14~2015/8/1,823高雄市田寮區     
【停水區域一】台南市楠西區東勢里;楠西里;中興南路;中興路;民族路;中華路,2015/07/20 8:0至2015/08/31 18:0,2015/08/31 18:0以後,06-5742323,2015/7/15~2015/9/1,715台南市楠西區     
【停水區域一】台中市烏日區烏日里大同路、大同二街、大同三街、大同五街、大同六街、大同七街、大同八街、大同十街、民族街、民權街、民生街、永春東三路、光日路（建國路以北）。（以上分段施工）,2015/08/10 8:30至2015/12/30 17:30,2015/12/30 17:30以後,04-23381614,2015/7/15~2015/12/31,414台中市烏日區     
【停水區域一】台中市南屯區楓樹西街以東.楓樹南街以南.永春東三路以西.黎明路一段32巷以北(楓樹里),2015/08/14 8:30至2015/08/14 16:0,2015/08/14 16:0以後,22210169,2015/7/17~2015/8/15,408台中市南屯區     
【停水區域一】台中市西屯區中清路三段以東.中清路三段501號以南.中清路三段以西.中清路199巷12弄以北(廣福里),2015/08/18 8:30至2015/08/18 16:0,2015/08/18 16:0以後,22210169,2015/7/17~2015/8/19,407台中市西屯區     
【停水區域一】新北市泰山區民生路(明志路起至中港西路止)(含民生路14巷),2015/07/21 9:0至2015/08/02 18:0,2015/08/02 18:0以後,29097480,2015/7/17~2015/8/3,243新北市泰山區     
【停水區域一】新北市泰山區民生路(明志路起至中港西路止)(含民生路14巷),2015/07/21 9:0至2015/08/02 18:0,2015/08/02 18:0以後,29097480,2015/7/17~2015/8/3,243新北市泰山區     
【停水區域一】新北市泰山區民生路(明志路起至中港西路止含周邊巷弄),2015/07/21 9:0至2015/08/02 18:0,2015/08/02 18:0以後,29097480,2015/7/17~2015/8/3,243新北市泰山區     
【區域1】新北市蘆洲區信義路(復興路口到民族路口單號側含巷弄),2015/07/20 21:0至2015/08/02 8:0【(每日21點~上午8點)】,2015/08/02 8:0以後,,2015/7/19~2015/8/3,247新北市蘆洲區     
【停水區域一】台中市豐原區育德街(含巷弄);育英路單號(含巷弄);圓環東路114巷,2015/07/16 8:30至2015/08/16 18:30,2015/08/16 18:30以後,04-25722643,2015/7/20~2015/8/17,420台中市豐原區     
【停水區域一】彰化縣社頭鄉員集路四段;崙饒路;崙雅巷;新興巷,2015/07/21 8:0至2015/08/11 18:0,2015/08/11 18:0以後,04-8793211,2015/7/20~2015/8/12,511彰化縣社頭鄉     
【停水區域一】新北市樹林區東順街60巷1號~18號,2015/07/27 9:0至2015/07/31 6:0,2015/07/31 6:0以後,2681-2254,2015/7/21~2015/8/1,238新北市樹林區     
【停水區域一】桃園市觀音區觀音工業區﹕成功路一段、成功路二段、工業二路、工業三路、工業四路、工業五路、工業七路、工業九路、經建一路、經建二路、經建三路、經建四路、經建五路、經建六路、經建七路、國建一路、國建二路、國建三路、國瑞路、國光路、國華路。,2015/08/02 8:0至2015/08/02 18:0,2015/08/02 18:0以後,免付費服務電話：1910    大園服務所:03-3862156,2015/7/21~2015/8/3,328桃園市觀音區     
【停水區域一】南投縣國姓鄉大旗村,2015/07/22 8:0至2015/08/07 18:0,2015/08/07 18:0以後,049-2915176,2015/7/22~2015/8/8,544南投縣國姓鄉     
【停水區域一】高雄市岡山區嘉興里;嘉峰里;潭底里;一帶,2015/07/27 9:0至2015/08/31 18:0,2015/08/31 18:0以後,07-6222814,2015/7/23~2015/9/1,820高雄市岡山區     
【停水區域一】台中市霧峰區育群路、育成路(含巷弄),2015/07/23 8:30至2015/08/07 18:0,2015/08/07 18:0以後,04-23393138,2015/7/23~2015/8/8,413台中市霧峰區     
【區域1】新北市新莊區中平路110巷1號~19號單號側、中平路110巷2號~36號雙號側、中平路108號、中平路92巷2號~8號雙號側;民安西路257~301號單號側;中港路434~596號雙號側、中港路548巷1~10號;中華路二段187~245號單號側,2015/07/31 9:0至2015/08/01 18:0【每日上午9點至下午6點】,2015/08/01 18:0以後,1910,2015/7/23~2015/8/2,242新北市新莊區     
【停水區域一】彰化縣埔鹽鄉西湖村;永平村;永樂村,2015/07/22 9:0至2015/07/31 18:0,2015/07/31 18:0以後,8851778,2015/7/24~2015/8/1,516彰化縣埔鹽鄉     
【停水區域一】嘉義縣水上鄉嘉義縣水上鄉義興村-番仔寮.義興村北半邊,2015/07/24 8:0至2015/08/02 18:0,2015/08/02 18:0以後,2252670*302,2015/7/24~2015/8/3,608嘉義縣水上鄉     
【停水區域一】嘉義縣水上鄉嘉義縣水上鄉義興村-番仔寮.義興村北半邊,2015/07/24 8:0至2015/08/02 18:0,2015/08/02 18:0以後,2252670*302,2015/7/24~2015/8/3,608嘉義縣水上鄉     
【停水區域一】台中市豐原區豐南街(含巷弄) 育仁路(含巷弄);豐原大道二段(原豐南街巷道整編後),2015/06/26 8:30至2015/07/31 18:30,2015/07/31 18:30以後,(04)25722643  (04)25262721,2015/7/24~2015/8/1,420台中市豐原區     
【停水區域一】南投縣南投市軍功里;東山路;軍功路(含巷弄);軍功路140巷(下雨天不施工順延),2015/07/27 8:30至2015/08/14 18:0,2015/08/14 18:0以後,049-2563505,2015/7/24~2015/8/15,540南投縣南投市     
【停水區域一】桃園市楊梅區永寧里、梅新里(校前路、環東路、老坑路、環南路、民族路、民權路)。,2015/08/05 8:0至2015/08/05 18:0,2015/08/05 18:0以後,免付費服務電話：1910    楊梅服務所:03-4789261,2015/7/24~2015/8/6,326桃園市楊梅區     
【區域1】台東縣台東市正氣路(中山路~中華路)區間,2015/07/27 8:0至2015/08/10 17:30【每日上午8點至下午5點30分】,2015/08/10 17:30以後,承包商電話:0920-616378(許瀛豪)    監造人員電話:0912-198885(謝明達),2015/7/24~2015/8/11,950台東縣台東市     
【停水區域一】台中市南區文林街以東.建國南路二段以南.建國南路二段150巷以西.復興路二段以北.(福平里),2015/08/13 8:30至2015/08/13 16:0,2015/08/13 16:0以後,22210169,2015/7/24~2015/8/14,402台中市南區       
【停水區域一】台中市北屯區和順路以東.東山路1段以南.建和路以西.軍福十三路以北.(和平里),2015/08/19 8:30至2015/08/19 16:0,2015/08/19 16:0以後,22210169,2015/7/24~2015/8/20,406台中市北屯區     
【停水區域一】台南市玉井區望明里;層林里;台南市楠西區密枝里;龜丹里;照興里;灣丘里,2015/07/27 8:0至2015/07/31 17:0,2015/07/31 17:0以後,065742323,2015/7/24~2015/8/1,714台南市玉井區     715台南市楠西區     
【停水區域一】彰化縣永靖鄉瑚璉路、中山路一段、中山路一段779巷、永久路、八德巷;四維巷、永坡路、西門路、育才路、王厝路、仁一路、西南巷、文建街、水尾路、水尾路50巷72巷100巷148巷160巷186巷202巷230巷280巷291巷等,2015/07/27 8:0至2015/08/10 18:0,2015/08/10 18:0以後,承包商-沅盛工程有限公司陳耀煌0933561826、監工人員-楊凱鈞047245031*301,2015/7/27~2015/8/11,512彰化縣永靖鄉     
【停水區域一】彰化縣秀水鄉陜西村番花路一帶;彰化縣花壇鄉番花路一帶,2015/07/27 8:0至2015/08/10 18:0,2015/08/10 18:0以後,承包商-上校水管工程行張圳益0920-900823、監工人員-梁福智04-7245031*302,2015/7/27~2015/8/11,504彰化縣秀水鄉     503彰化縣花壇鄉     
【停水區域一】彰化縣員林鎮崙雅巷一帶,2015/07/27 8:0至2015/08/10 18:0,2015/08/10 18:0以後,承包商-雅喬工程有限公司蕭博鴻0984-459881，監工人員-梁福智04-7245031*302,2015/7/27~2015/8/11,510彰化縣員林鎮     
【停水區域一】南投縣集集鎮北勢巷,2015/07/27 8:30至2015/08/27 18:30,2015/08/27 18:30以後,049-2762076,2015/7/27~2015/8/28,552南投縣集集鎮     
【區域1】台東縣台東市豐樂里之大業路(漢陽北路)西側至大勇路,2015/07/31 8:0至2015/08/14 17:0【每日上午8點至下午5點】,2015/08/14 17:0以後,承包商電話:0933-371275(彭智輝)    監造人員電話:0912-058502(謝文清),2015/7/27~2015/8/15,950台東縣台東市     
【停水區域一】雲林縣莿桐鄉埔子村、埔子村(榮村)、台一丁莿桐國中對面、台一丁莿桐國中段(東側)、埔子村榮村巷道等。大美村、莿桐村、埔尾村等部分零星用戶。,2015/07/29 8:0至2015/08/14 19:0,2015/08/14 19:0以後,05-5862163,2015/7/27~2015/8/15,647雲林縣莿桐鄉     
【停水區域一】雲林縣斗六市三平里全區、公誠里明德北路二段,2015/07/30 8:0至2015/08/01 18:0,2015/08/01 18:0以後,0912312835,2015/7/27~2015/8/2,640雲林縣斗六市     
【停水區域一】台南市楠西區全部村里,2015/07/28 9:0至2015/07/31 18:0,2015/07/31 18:0以後,065742323,2015/7/28~2015/8/1,715台南市楠西區     
【停水區域一】宜蘭縣羅東鎮中山路四段;中山路三段;西寧路;維揚路;敬業路,2015/07/30 21:0至2015/07/31 6:0,2015/07/31 6:0以後,039553098,2015/7/28~2015/8/1,265宜蘭縣羅東鎮     
【停水區域一】宜蘭縣羅東鎮中山路三段;中山路四段;敬業路,2015/08/03 21:0至2015/08/04 6:0,2015/08/04 6:0以後,039553098,2015/7/28~2015/8/5,265宜蘭縣羅東鎮     
【停水區域一】新北市蘆洲區信義路306號至230號-----雙號側(含內側信義路302.292.266巷弄與民族路85巷弄),2015/07/30 21:0至2015/08/09 8:0,2015/08/09 8:0以後,02-29968961-311,2015/7/28~2015/8/10,247新北市蘆洲區     
【停水區域一】新北市蘆洲區信義路306號至230號-----雙號側(含內側信義路302.292.266巷弄與民族路85巷弄),2015/07/30 21:0至2015/08/09 8:0,2015/08/09 8:0以後,02-29968961-311,2015/7/28~2015/8/10,247新北市蘆洲區     
【停水區域一】雲林縣二崙鄉義庄村;大華村;楊賢村,2015/07/29 8:0至2015/08/03 18:0,2015/08/03 18:0以後,05-6962070,2015/7/28~2015/8/4,649雲林縣二崙鄉     
【區域1】台東縣卑南鄉卑南鄉利嘉部落、東興村、蘇巴陽地區之施工區域範圍內用戶,2015/07/31 22:0至2015/08/01 6:0【每日晚上10點至上午6點】,2015/08/01 6:0以後,承包商電話:0937-390925(陳連文)    監造人員電話:0928-306122(李高伯),2015/7/28~2015/8/2,954台東縣卑南鄉     
【停水區域一】屏東縣琉球鄉全部村里,2015/08/01 8:0至2015/08/31 20:0,2015/08/31 20:0以後,08-8325550,2015/7/28~2015/9/1,929屏東縣琉球鄉     
【停水區域一】台南市安南區海佃一.二段、大安街、郡安路五段、安富街,2015/07/29 14:0至2015/07/31 18:0,2015/07/31 18:0以後,06-3036097,2015/7/28~2015/8/1,709台南市安南區     
【區域1】宜蘭縣宜蘭市健康路一段;嵐峰路一段,2015/08/03 13:0至2015/08/03 17:0 ,2015/08/03 17:0以後,0919-934-411,2015/7/28~2015/8/4,260宜蘭縣宜蘭市     
【停水區域一】屏東縣屏東市公正一街、公正街、公裕街、公裕街353巷,2015/07/29 8:0至2015/08/08 18:0,2015/08/08 18:0以後,08-7226170、7220040,2015/7/29~2015/8/9,900屏東縣屏東市     
【區域1】宜蘭縣宜蘭市健康路一段;嵐峰路一段;進士路,2015/08/03 13:0至2015/08/03 17:0 ,2015/08/03 17:0以後,0919-934-411,2015/7/29~2015/8/4,260宜蘭縣宜蘭市     
【停水區域一】彰化縣北斗鎮全部村里;彰化縣永靖鄉五福村;湳港村;港西村;彰化縣田尾鄉全部村里;彰化縣埤頭鄉元埔村;平原村;永豐村;合興村;和豐村;芙朝村;埤頭村;崙子村;崙腳村;陸嘉村;新庄村;興農村;豐崙村;彰化縣溪州鄉瓦厝村;坑厝村;尾厝村;東州村;溪州村;溪厝村;舊眉村,2015/07/30 8:0至2015/07/31 18:0,2015/07/31 18:0以後,04-8882073  04-8889072,2015/7/29~2015/8/1,521彰化縣北斗鎮     512彰化縣永靖鄉     522彰化縣田尾鄉     523彰化縣埤頭鄉     524彰化縣溪州鄉     
【停水區域一】嘉義縣民雄鄉建國路三段57號至57-37號及15號至51號;;嘉義縣溪口鄉疊溪村;坪頂村;柳溝村;妙崙村;本厝村,2015/08/01 9:0至2015/08/01 21:0,2015/08/01 21:0以後,05-2262806,2015/7/29~2015/8/2,621嘉義縣民雄鄉     623嘉義縣溪口鄉     
【停水區域一】台中市神岡區豐洲路135巷五權路88巷,2015/07/30 8:0至2015/08/12 17:30,2015/08/12 17:30以後,豐原服務所25269895豐原給水廠25722643,2015/7/29~2015/8/13,429台中市神岡區     
【停水區域一】屏東縣春日鄉力里村,2015/07/29 14:30至2015/08/01 17:30,2015/08/01 17:30以後,08-8325550,2015/7/29~2015/8/2,942屏東縣春日鄉     
【停水區域一】高雄市美濃區獅山街一帶皆受影響（因施工時僅部分路段施工）。,2015/07/17 17:30至2015/08/05 17:0,2015/08/05 17:0以後,0928741027,2015/7/29~2015/8/6,843高雄市美濃區     
【停水區域一】台中市大雅區橫山里上山路;秀山里;雅秀路,2015/07/29 9:0至2015/08/14 18:0,2015/08/14 18:0以後,25661234,2015/7/29~2015/8/15,428台中市大雅區     
【停水區域一】桃園市龜山區忠義路一段,2015/07/31 8:0至2015/07/31 18:0,2015/07/31 18:0以後,033294999,2015/7/29~2015/8/1,333桃園市龜山區     
【區域1】台東縣台東市建和社區(建和一~四街)等巷道,2015/07/29 8:0至2015/08/07 18:0【每日上午8點至下午6點】,2015/08/07 18:0以後,承包商電話:0919-322763(翁一正)    監造人員電話:0932-559811(謝仲科),2015/7/29~2015/8/8,950台東縣台東市     
【停水區域一】桃園市龜山區東萬壽路309巷、311巷等,2015/07/31 9:0至2015/07/31 17:0,2015/07/31 17:0以後,033294999*305,2015/7/29~2015/8/1,333桃園市龜山區     
【區域1】高雄市岡山區新庄里(全里)、嘉新東路,2015/07/29 14:0至2015/07/31 22:0 ,2015/07/31 22:0以後,,2015/7/29~2015/8/1,820高雄市岡山區     
【停水區域一】台南市七股區頂山里144~167號,2015/07/31 9:0至2015/07/31 18:0,2015/07/31 18:0以後,06-7222477,2015/7/30~2015/8/1,724台南市七股區     
【停水區域一】桃園市龜山區東萬壽路309巷、311巷等,2015/08/01 9:0至2015/08/01 17:0,2015/08/01 17:0以後,033294999*305,2015/7/30~2015/8/2,333桃園市龜山區     
【停水區域一】南投縣中寮鄉龍岩村;龍安村;龍草路;龍南路含巷弄(遇雨取消),2015/07/31 9:0至2015/07/31 17:30,2015/07/31 17:30以後,049-2563505,2015/7/30~2015/8/1,541南投縣中寮鄉     
【停水區域一】台中市潭子區圓通南路(鐵路以東)含巷道;復興路一、二段,2015/08/03 8:0至2015/09/30 17:0,2015/09/30 17:0以後,04-25722643豐原給水廠,2015/7/30~2015/10/1,427台中市潭子區     
【停水區域一】南投縣南投市東閔路610巷;營北路73.95.111巷;向上路143巷;營北路227.295巷,2015/08/03 8:0至2015/08/14 17:30,2015/08/14 17:30以後,049-2563505;2566689,2015/7/30~2015/8/15,540南投縣南投市     
【停水區域一】嘉義市東區嘉市林森東路(忠孝至新生)128至170號,2015/07/31 8:0至2015/08/05 18:0,2015/08/05 18:0以後,097521066,2015/7/30~2015/8/6,600嘉義市東區       
【停水區域一】嘉義市東區嘉市林森東路(忠孝至新生)128至170號,2015/07/31 8:0至2015/08/05 18:0,2015/08/05 18:0以後,097521066,2015/7/30~2015/8/6,600嘉義市東區       
【停水區域一】台南市南區興南街5~63號、灣裡路405號,2015/08/03 8:0至2015/08/08 18:0,2015/08/08 18:0以後,06-2138101*301,2015/7/30~2015/8/9,702台南市南區       
【停水區域一】新北市三芝區興華里;店子里;新北市淡水區中和里;水源里;北投里;忠寮里;蕃薯里;八里堆;水挸頭;北新路一段;北新路二段;北新路二段;北新路三段;桂花樹;破瓦厝子;破布子腳;番子田,2015/07/30 18:0至2015/07/31 2:0,2015/07/31 2:0以後,02-26213170.    02-26212267.,2015/7/30~2015/8/1,252新北市三芝區     251新北市淡水區     
【停水區域一】嘉義縣水上鄉回歸村北回60、60-1、60-5、61、63、65、65-2、66、66-5、67、70、80、85、90、90-5號，粗溪村粗溪89-33、89-35、89-38號，柳鄉村柳子林185-20、186、187、188、189、190-1、190-2、192-37、192-38、192-39、192-40、192-41、192-42、192-43、192-48、192-56、199、199-1、199-9、199-10、199-15、199-20、199-25、199-28、200、200-1、200-3、200-5、200-6、200-7、200-8、200-10、200-16、200-35號，寬士村崎仔頭49-16、49-20、49-50號等所有住戶。,2015/08/05 8:0至2015/08/06 18:0,2015/08/06 18:0以後,05-2779117,2015/7/30~2015/8/7,608嘉義縣水上鄉     
【停水區域一】新北市鶯歌區德昌街.德昌二街.福昌街,2015/07/30 20:0至2015/07/31 2:0,2015/07/31 2:0以後,26792527.26792224,2015/7/30~2015/8/1,239新北市鶯歌區     
【停水區域一】台中市西屯區工業35路,2015/07/31 7:38至2015/07/31 12:0,2015/07/31 12:0以後,1910;0422442469,2015/7/31~2015/8/1,407台中市西屯區     
【停水區域一】嘉義縣中埔鄉社口村;隆興村,2015/07/31 8:30至2015/07/31 13:30,2015/07/31 13:30以後,05-2611075,2015/7/31~2015/8/1,606嘉義縣中埔鄉     
【停水區域一】桃園市楊梅區裕成路;裕成南路;光裕北街一帶,2015/07/31 7:0至2015/07/31 11:0,2015/07/31 11:0以後,03-4789261,2015/7/31~2015/8/1,326桃園市楊梅區     
【停水區域一】嘉義縣竹崎鄉和平村,2015/07/31 12:0至2015/07/31 19:0,2015/07/31 19:0以後,05-2611075,2015/7/31~2015/8/1,604嘉義縣竹崎鄉     
【停水區域一】嘉義縣竹崎鄉和平村,2015/07/31 15:0至2015/07/31 21:0,2015/07/31 21:0以後,05-2611075,2015/7/31~2015/8/1,604嘉義縣竹崎鄉     
【停水區域一】苗栗縣頭份鎮合興.後庄.文化里全部.  山下里一小部份,2015/07/31 7:50至2015/07/31 11:50,2015/07/31 11:50以後,623500,2015/7/31~2015/8/1,351苗栗縣頭份鎮     
【停水區域一】高雄市美濃區東門 瀰濃、泰安及合和里四里皆受影響。,2015/07/31 8:0至2015/07/31 12:0,2015/07/31 12:0以後,0933376319,2015/7/31~2015/8/1,843高雄市美濃區     
【停水區域一】新竹縣竹東鎮公園路,2015/07/31 9:0至2015/07/31 15:0,2015/07/31 15:0以後,5963356,2015/7/31~2015/8/1,310新竹縣竹東鎮     
【停水區域一】新竹縣竹東鎮公園路,2015/07/31 9:0至2015/07/31 15:0,2015/07/31 15:0以後,5963356,2015/7/31~2015/8/1,310新竹縣竹東鎮     
【停水區域一】高雄市鳳山區瑞隆東路以北、武營路以東、中崙一路以西、輜汽路以南、南京路整條路、五甲二路、五甲一路整條路,2015/07/31 9:0至2015/07/31 22:0,2015/07/31 22:0以後,7883714,2015/7/31~2015/8/1,830高雄市鳳山區     
【停水區域一】台中市豐原區田心路二段(含巷弄);田心路二段272巷;豐田路(含巷弄);市政路;豐南街,2015/08/03 8:30至2015/08/31 18:30,2015/08/31 18:30以後,04-25722643,2015/7/31~2015/9/1,420台中市豐原區     
【停水區域一】高雄市鳳山區光復路以南、武慶路以東、鳳頂路以西、瑞隆東路以北、新富路整條路,2015/07/31 9:0至2015/07/31 22:0,2015/07/31 22:0以後,7883714,2015/7/31~2015/8/1,830高雄市鳳山區     
【停水區域一】桃園市平鎮區南平路,2015/07/31 8:0至2015/07/31 11:0,2015/07/31 11:0以後,4789261,2015/7/31~2015/8/1,324桃園市平鎮區     
【停水區域一】台中市豐原區豐南街118號以上至豐南街196巷口（含156巷）,2015/08/03 8:30至2015/08/21 18:30,2015/08/21 18:30以後,04-25722643,2015/7/31~2015/8/22,420台中市豐原區     
【停水區域一】台南市七股區七股,2015/07/31 8:40至2015/07/31 15:0,2015/07/31 15:0以後,7222477,2015/7/31~2015/8/1,724台南市七股區     
【停水區域一】高雄市大寮區新厝路以北、鳳屏二路以南、鳳頂路以東、西寮路以西，水壓下降或停水,2015/07/31 9:0至2015/07/31 22:0,2015/07/31 22:0以後,7883714,2015/7/31~2015/8/1,831高雄市大寮區     
【停水區域一】南投縣國姓鄉大石村;北山村;柑林村,2015/07/31 8:0至2015/07/31 14:0,2015/07/31 14:0以後,049-2915176,2015/7/31~2015/8/1,544南投縣國姓鄉     
【停水區域一】雲林縣東勢鄉龍潭村;和平路;安西路,2015/07/31 9:0至2015/07/31 11:0,2015/07/31 11:0以後,05-6622545     0912-129532,2015/7/31~2015/8/1,635雲林縣東勢鄉     
【停水區域一】桃園市中壢區龍岡路一段(龍岡路新興路口至金陵路口);桃園市平鎮區停水:金陵路(金陵路振興路口至金陵路環南路口) 和平路(金陵路和平路口至振興路和平路口) 水壓降低：振平路、振昌路、振興路、德育路二段、狀元路,2015/07/31 10:0至2015/07/31 18:0,2015/07/31 18:0以後,03-4259492,2015/7/31~2015/8/1,320桃園市中壢區     324桃園市平鎮區     
【停水區域一】台中市西屯區安林路,2015/07/31 9:0至2015/07/31 13:0,2015/07/31 13:0以後,1910，04-22442469,2015/7/31~2015/8/1,407台中市西屯區     
【停水區域一】彰化縣和美鎮新興路;福北路等一帶.,2015/08/02 8:0至2015/08/02 16:0,2015/08/02 16:0以後,04-7353883,2015/7/31~2015/8/3,508彰化縣和美鎮     
【停水區域一】彰化縣和美鎮彰美路6段、和港路,2015/07/31 10:0至2015/07/31 18:0,2015/07/31 18:0以後,04-7353883,2015/7/31~2015/8/1,508彰化縣和美鎮     
【停水區域一】高雄市三民區光武路;淵明街.覺民路;褒忠街;大昌二路.附近(全部}無水,2015/07/31 8:45至2015/07/31 18:45,2015/07/31 18:45以後,7311111轉258,2015/7/31~2015/8/1,807高雄市三民區     
【停水區域一】宜蘭縣三星鄉尾塹村;上將路一段;尾塹路(免費客務專線1910廣興給水廠服務電話039553098),2015/07/31 9:0至2015/07/31 10:30,2015/07/31 10:30以後,0937849881(免費客務專線1910廣興給水廠服務電話039553098),2015/7/31~2015/8/1,266宜蘭縣三星鄉     
【區域1】桃園市蘆竹區中山路(沿線)、長春路(沿線)、長壽二街(沿線)、長壽三街(沿線),2015/07/31 9:0至2015/07/31 17:0 ,2015/07/31 17:0以後,033346127,2015/7/31~2015/8/1,338桃園市蘆竹區     
【停水區域一】彰化縣和美鎮糖友里,2015/07/31 10:0至2015/07/31 12:0,2015/07/31 12:0以後,04-7353883,2015/7/31~2015/8/1,508彰化縣和美鎮     
【區域1】桃園市蘆竹區中山路(沿線)、長春路(沿線包含巷弄)、長壽二街(沿線)、長壽三街(沿線),2015/07/31 9:0至2015/07/31 17:0 ,2015/07/31 17:0以後,033346127,2015/7/31~2015/8/1,338桃園市蘆竹區     
【停水區域一】嘉義縣水上鄉義興村-番仔寮、義興村北半邊。,2015/08/03 8:0至2015/08/16 18:0,2015/08/16 18:0以後,工地負責人-吳志宏0937894388，監造單位現場人員-張家瑋0982650809,2015/7/31~2015/8/17,608嘉義縣水上鄉     
【停水區域一】嘉義市西區林森西路以西、鐵路以東、文化路以南、中山路以北 區域範圍(含所有巷弄),2015/07/31 9:9至2015/07/31 12:5,2015/07/31 12:5以後,05-2779117,2015/7/31~2015/8/1,600嘉義市西區       
【停水區域一】台中市梧棲區光復路6號~330號雙號全部;博愛路全部;忠信路全部,2015/07/31 13:0至2015/07/31 17:0,2015/07/31 17:0以後,04-26222614,2015/7/31~2015/8/1,435台中市梧棲區     
【停水區域一】苗栗縣三義鄉廣盛村,2015/07/31 9:21至2015/07/31 11:50,2015/07/31 11:50以後,免費客服專線1910；通霄銅鑼營運所037-986206,2015/7/31~2015/8/1,367苗栗縣三義鄉     
【停水區域一】台中市霧峰區成功路;樟公巷;樟公北巷;萊園路部分,2015/07/31 11:0至2015/07/31 17:30,2015/07/31 17:30以後,23300525,2015/7/31~2015/8/1,413台中市霧峰區     
【停水區域一】花蓮縣光復鄉大華村,2015/07/31 10:30至2015/07/31 14:30,2015/07/31 14:30以後,038-762058,2015/7/31~2015/8/1,976花蓮縣光復鄉     
【停水區域一】桃園市中壢區中山東路三段、429巷,2015/07/31 9:50至2015/07/31 12:0,2015/07/31 12:0以後,4251506,2015/7/31~2015/8/1,320桃園市中壢區     
【停水區域一】南投縣水里鄉新興村,2015/07/31 9:0至2015/07/31 12:0,2015/07/31 12:0以後,0492915176,2015/7/31~2015/8/1,553南投縣水里鄉     
【停水區域一】新北市三峽區三峽區大仁路18巷至66巷,2015/08/03 9:0至2015/08/31 17:0,2015/08/31 17:0以後,(02)26792224,2015/7/31~2015/9/1,237新北市三峽區     
【停水區域一】桃園市龍潭區富華街176巷及346巷全巷內停水。,2015/07/31 10:0至2015/07/31 12:0,2015/07/31 12:0以後,03-4712002,2015/7/31~2015/8/1,325桃園市龍潭區     
【停水區域一】台南市新營區太子路,2015/07/31 10:30至2015/07/31 16:0,2015/07/31 16:0以後,06-6322240,2015/7/31~2015/8/1,730台南市新營區     
【停水區域一】台南市安平區建平11.12.13街、永華三街、建平路,2015/08/01 8:0至2015/08/01 18:0,2015/08/01 18:0以後,06-3036097,2015/7/31~2015/8/2,708台南市安平區     
【停水區域一】彰化縣員林鎮員鹿路1~53號門牌單號數等附近範圍。,2015/07/31 10:0至2015/07/31 12:0,2015/07/31 12:0以後,1910   員林營運所04-8320083   04-8321341,2015/7/31~2015/8/1,510彰化縣員林鎮     
【停水區域一】桃園市平鎮區金陵路三段147巷(全),2015/07/31 11:0至2015/07/31 15:0,2015/07/31 15:0以後,4251506,2015/7/31~2015/8/1,324桃園市平鎮區     
【區域1】苗栗縣卓蘭鎮豐田里;西坪里,2015/07/31 10:32至2015/07/31 14:0 ,2015/07/31 14:0以後,,2015/7/31~2015/8/1,369苗栗縣卓蘭鎮     
【區域1】苗栗縣卓蘭鎮豐田里;西坪里,2015/07/31 10:32至2015/07/31 14:0 ,2015/07/31 14:0以後,,2015/7/31~2015/8/1,369苗栗縣卓蘭鎮     
【停水區域一】台中市西區博館二街 等附近,2015/07/31 10:45至2015/07/31 13:45,2015/07/31 13:45以後,22442469-1910,2015/7/31~2015/8/1,403台中市西區       
【停水區域一】台南市永康區新中街,2015/07/31 10:47至2015/07/31 14:0,2015/07/31 14:0以後,1910   06-2325714,2015/7/31~2015/8/1,710台南市永康區     
【停水區域一】台南市南區德興路、新都路、永成路三段、金華路一段、永興1.2.3.4街,2015/07/31 10:0至2015/07/31 14:0,2015/07/31 14:0以後,06-3036097,2015/7/31~2015/8/1,702台南市南區       
【停水區域一】南投縣草屯鎮中正路(御富路至烏溪橋).溪南路~例假日不施工,2015/07/10 8:0至2015/07/31 18:0,2015/07/31 18:0以後,049-2563505,2015/7/31~2015/8/1,542南投縣草屯鎮     
【停水區域一】嘉義縣中埔鄉三層村;深坑村,2015/07/31 11:0至2015/07/31 18:0,2015/07/31 18:0以後,2611075,2015/7/31~2015/8/1,606嘉義縣中埔鄉     
【停水區域一】宜蘭縣冬山鄉德興一路(免費客務專線1910廣興給水廠服務電話039553098),2015/07/31 10:0至2015/07/31 13:0,2015/07/31 13:0以後,0937849881(免費客務專線1910廣興給水廠服務電話039553098),2015/7/31~2015/8/1,269宜蘭縣冬山鄉     
【停水區域一】嘉義縣中埔鄉深坑村,2015/07/31 11:43至2015/07/31 18:0,2015/07/31 18:0以後,05-261175,2015/7/31~2015/8/1,606嘉義縣中埔鄉     
【停水區域一】台中市沙鹿區沙鹿區竹林里.鹿寮里.光華路.賢正路.賢義路.福田北街.福田南街.賢忠街含巷弄,2015/07/31 8:30至2015/07/31 16:30,2015/07/31 16:30以後,26312127,2015/7/31~2015/8/1,433台中市沙鹿區     
【停水區域一】台中市龍井區龍井區龍泉里沙田路5段112號至282號與龍新路含巷弄,2015/07/31 8:0至2015/07/31 16:0,2015/07/31 16:0以後,26312127,2015/7/31~2015/8/1,434台中市龍井區     
【停水區域一】桃園市中壢區榮民南路(中山東路四段至華勛街)、同慶路等沿線區域。,2015/07/31 12:0至2015/07/31 17:30,2015/07/31 17:30以後,4251506,2015/7/31~2015/8/1,320桃園市中壢區     
【停水區域一】高雄市前鎮區漁港中一路與漁港東三路交叉口附近一帶,2015/07/31 12:0至2015/07/31 17:0,2015/07/31 17:0以後,07-7321319,2015/7/31~2015/8/1,806高雄市前鎮區     
【停水區域一】南投縣南投市光明路.光明一路.光明二路.光明三路.光明四路.光明五路.光明南路等(含巷弄),2015/07/31 9:0至2015/07/31 13:0,2015/07/31 13:0以後,0492563505,2015/7/31~2015/8/1,540南投縣南投市     
【區域1】苗栗縣頭份鎮忠孝里,2015/07/31 12:0至2015/07/31 14:0 ,2015/07/31 14:0以後,,2015/7/31~2015/8/1,351苗栗縣頭份鎮     
【停水區域一】高雄市大寮區鳳林路以東、大寮路以北、光明路二段以西、萬丹路以南、三隆路、興隆路整條路,2015/07/31 9:0至2015/07/31 23:0,2015/07/31 23:0以後,7883714,2015/7/31~2015/8/1,831高雄市大寮區     
【停水區域一】嘉義縣中埔鄉三層村,2015/07/31 12:30至2015/07/31 19:0,2015/07/31 19:0以後,05-2611075,2015/7/31~2015/8/1,606嘉義縣中埔鄉     
【停水區域一】台中市北屯區昌平路二段;昌平路二段金寶巷;崇德十二路;崇德十路一段;崇德路三段;水湳路;四平路;文昌四巷 等附近,2015/07/31 12:30至2015/07/31 17:30,2015/07/31 17:30以後,22442469-1910,2015/7/31~2015/8/1,406台中市北屯區     
【停水區域一】嘉義市東區北榮里文化路與簡易法庭附近一帶全部,2015/07/31 12:28至2015/07/31 14:28,2015/07/31 14:28以後,2772904,2015/7/31~2015/8/1,600嘉義市東區       
【停水區域一】台南市六甲區六甲區珊瑚路南二高下,2015/07/31 13:0至2015/07/31 17:0,2015/07/31 17:0以後,5721165,2015/7/31~2015/8/1,734台南市六甲區     
【停水區域一】雲林縣林內鄉坪頂村,2015/07/31 12:50至2015/07/31 15:0,2015/07/31 15:0以後,05-5322362,2015/7/31~2015/8/1,643雲林縣林內鄉     
【停水區域一】基隆市暖暖區東勢街;暖暖街含各巷、弄等一帶。,2015/07/31 13:0至2015/07/31 20:0,2015/07/31 20:0以後,24252103-59,2015/7/31~2015/8/1,205基隆市暖暖區     
【停水區域一】南投縣埔里鎮大湳里、牛眠里,2015/07/31 13:0至2015/07/31 18:0,2015/07/31 18:0以後,0492915176,2015/7/31~2015/8/1,545南投縣埔里鎮     
【停水區域一】花蓮縣新城鄉新城村;新興路,2015/07/31 13:50至2015/07/31 17:0,2015/07/31 17:0以後,8325304,2015/7/31~2015/8/1,971花蓮縣新城鄉     
【停水區域一】新北市土城區明德祿2段單號1-131號(金城路2段口至學府路2段口,2015/08/03 9:0至2015/08/10 17:0,2015/08/10 17:0以後,02-22655172,2015/7/31~2015/8/11,236新北市土城區     
【停水區域一】高雄市三民區河北二路22號前附近一帶,2015/07/31 13:55至2015/07/31 15:55,2015/07/31 15:55以後,07-7321319,2015/7/31~2015/8/1,807高雄市三民區     
【停水區域一】新北市鶯歌區大湖路、中湖路、東湖路含周邊巷道,2015/07/31 15:0至2015/07/31 21:0,2015/07/31 21:0以後,02-26792224,2015/7/31~2015/8/1,239新北市鶯歌區     
【停水區域一】台中市豐原區成功路.;中興路.;西勢路.;協力街.;社興路.;社興一街~社興五街.一;心路.西勢一街~西勢六街.,2015/08/01 8:0至2015/08/14 17:30,2015/08/14 17:30以後,豐原服務所25269895豐原給水廠25722643,2015/7/31~2015/8/15,420台中市豐原區     
【停水區域一】新北市樹林區中華路215~219-2號(單號側)及太平路103~111號(單號側),2015/07/31 14:0至2015/07/31 18:0,2015/07/31 18:0以後,02-26812526,2015/7/31~2015/8/1,238新北市樹林區     
【區域1】台南市南區大同路482巷含弄,2015/07/31 14:30至2015/07/31 18:0【當日下午2點30分至下午6點】,2015/07/31 18:0以後,蔡先生     06-2370021#228   0981937221,2015/7/31~2015/8/1,702台南市南區       
【停水區域一】台中市東區旱溪一街;旱溪二街;旱溪三街;旱溪四街;旱溪五街;旱溪六街;旱溪西路一段;旱溪街;旱溪街22巷;東光園路,2015/07/31 14:15至2015/07/31 17:30,2015/07/31 17:30以後,22442469.1910,2015/7/31~2015/8/1,401台中市東區       
【區域1】新竹縣湖口鄉中正路一段、民生街、民權街、民族街一帶停水。,2015/07/31 21:0至2015/08/01 6:0 ,2015/08/01 6:0以後,湖口營運所03-5981603  客服專線1910,2015/7/31~2015/8/2,303新竹縣湖口鄉     
【區域1】新竹縣湖口鄉中正路一段、民生街、民權街、民族街一帶停水。,2015/08/01 21:0至2015/08/02 6:0 ,2015/08/02 6:0以後,湖口營運所03-5981603  客服專線1910,2015/7/31~2015/8/3,303新竹縣湖口鄉     
【停水區域一】南投縣南投市營北里;仁愛路;仁德路(含巷弄),2015/07/31 14:30至2015/07/31 19:0,2015/07/31 19:0以後,049-2563505,2015/7/31~2015/8/1,540南投縣南投市     
【停水區域一】台中市東區振興路;東光園路,2015/07/31 16:0至2015/07/31 19:0,2015/07/31 19:0以後,1910;04-22442469,2015/7/31~2015/8/1,401台中市東區       
【區域1】高雄市梓官區全部村里,2015/07/31 14:0至2015/07/31 18:0 ,2015/07/31 18:0以後,07-6955225,2015/7/31~2015/8/1,826高雄市梓官區     
【區域3】高雄市梓官區僅提供全選功能(若為全部村里;本功能請勿勾選;請勾選下一層的全部村里);全部村里,2015/07/31 14:0至2015/07/31 18:0 ,2015/07/31 18:0以後,07-6955225,2015/7/31~2015/8/1,826高雄市梓官區     
【停水區域一】台東縣台東市富岡里等全部,2015/07/31 14:30至2015/07/31 16:0,2015/07/31 16:0以後,0955-089300,2015/7/31~2015/8/1,950台東縣台東市     
【停水區域一】苗栗縣頭份鎮下興.上興里,2015/07/31 14:50至2015/07/31 17:30,2015/07/31 17:30以後,623500      628000,2015/7/31~2015/8/1,351苗栗縣頭份鎮     
【區域1】新竹縣湖口鄉中正路一段、民生街、民權街、民族街、忠孝路一帶停水。,2015/07/31 21:0至2015/08/01 6:0 ,2015/08/01 6:0以後,湖口營運所03-5981603  客服專線1910,2015/7/31~2015/8/2,303新竹縣湖口鄉     
【停水區域一】高雄市三民區覺民路與光武路口;大昌二路.水源路.九如一路,2015/07/31 14:55至2015/07/31 18:0,2015/07/31 18:0以後,07-7321319,2015/7/31~2015/8/1,807高雄市三民區     
【停水區域一】花蓮縣玉里鎮城西一街～城西六街,2015/07/31 14:55至2015/07/31 17:25,2015/07/31 17:25以後,(03)8882403,2015/7/31~2015/8/1,981花蓮縣玉里鎮     
【停水區域一】嘉義縣竹崎鄉紫雲村,2015/07/31 10:0至2015/07/31 21:0,2015/07/31 21:0以後,05-2611075,2015/7/31~2015/8/1,604嘉義縣竹崎鄉     
【停水區域一】高雄市旗山區大德里旗山轉運站周邊街道,2015/07/31 15:30至2015/07/31 21:0,2015/07/31 21:0以後,076613807,2015/7/31~2015/8/1,842高雄市旗山區     
【停水區域一】南投縣名間鄉大車路、松山村、松柏村、埔中村,2015/07/31 15:30至2015/07/31 19:30,2015/07/31 19:30以後,2222635,2015/7/31~2015/8/1,551南投縣名間鄉     
【停水區域一】高雄市前鎮區漁港中一路與漁港東三路交叉口附近一帶;豐漁一路;豐漁二路;豐漁三路;漁港中一路;漁港中二路;漁港北一路;漁港北二路;漁港東一路;漁港東二路;漁港南一路;漁港南二路;漁港南三路及附近一帶,2015/07/31 12:0至2015/07/31 17:0,2015/07/31 17:0以後,07-7321319,2015/7/31~2015/8/1,806高雄市前鎮區     
【停水區域一】花蓮縣花蓮市南京街213號至316號之間{全部};博愛街145號至號之間{全部};南京街306巷{全部};南京街312巷{全部};,2015/07/31 16:0至2015/07/31 18:0,2015/07/31 18:0以後,8325304,2015/7/31~2015/8/1,970花蓮縣花蓮市     
【停水區域一】台中市西屯區上安路;上仁街;至善路;青海路二段;河南路二段;上明一街;上明三街;台中港路三段;黎明路二段;逢甲路 等附近,2015/07/31 16:0至2015/07/31 21:0,2015/07/31 21:0以後,22442469-1910,2015/7/31~2015/8/1,407台中市西屯區     
【停水區域一】嘉義縣義竹鄉上溪洲,2015/08/01 8:0至2015/08/01 16:0,2015/08/01 16:0以後,05-3412045,2015/7/31~2015/8/2,624嘉義縣義竹鄉     
【停水區域一】桃園市平鎮區停水:北勢里 北華里 金陵路2段含沿線巷道(金陵路振興路口至金陵路環南路口)、環南路3段含沿線巷道(德育路環南路口至金陵路環南路口)、振平路、振昌路、振興路、德育路二段、狀元路,2015/08/01 10:0至2015/08/01 18:0,2015/08/01 18:0以後,03-4259492,2015/7/31~2015/8/2,324桃園市平鎮區     
【停水區域一】桃園市平鎮區停水:金陵路2段含沿線巷道(金陵路振興路口至金陵路環南路口)、環南路3段含沿線巷道(德育路環南路口至金陵路環南路口)、振平路、振昌路、振興路、德育路二段、狀元路,2015/08/02 10:0至2015/08/02 18:0,2015/08/02 18:0以後,4251506,2015/7/31~2015/8/3,324桃園市平鎮區     
【停水區域一】台中市太平區精美一街;精美路;建和街;建成街;建功街;建興路,2015/07/31 16:15至2015/07/31 19:30,2015/07/31 19:30以後,22442469.1910,2015/7/31~2015/8/1,411台中市太平區     
【停水區域一】嘉義市東區博東路、維新路,2015/07/31 16:30至2015/07/31 18:0,2015/07/31 18:0以後,0978060560,2015/7/31~2015/8/1,600嘉義市東區       
【停水區域一】新北市五股區壟鉤路   民義路一段 二段   含全部巷弄,2015/07/31 16:30至2015/08/01 9:0,2015/08/01 9:0以後,1910,2015/7/31~2015/8/2,248新北市五股區     
【停水區域一】台中市大里區上興街一段;中興路一段大明巷;金城街;長城街;塗城路;萬壽街,2015/07/31 17:0至2015/07/31 22:0,2015/07/31 22:0以後,04-22442469.1910,2015/7/31~2015/8/1,412台中市大里區     
【停水區域一】台中市龍井區龍井區龍泉里沙田路5段龍目井巷1至126巷口含水裡社巷,2015/07/31 17:0至2015/07/31 21:0,2015/07/31 21:0以後,26312127,2015/7/31~2015/8/1,434台中市龍井區     
【停水區域一】台中市烏日區溪南路一段63號至353號之間{單號};溪南路一段195巷;197巷;263巷;271巷;277巷;福泰街,2015/08/01 9:0至2015/08/02 18:0,2015/08/02 18:0以後,04-23381614,2015/7/31~2015/8/3,414台中市烏日區     
【停水區域一】台南市新營區民生路,2015/08/01 9:0至2015/08/01 17:0,2015/08/01 17:0以後,06-6322240,2015/7/31~2015/8/2,730台南市新營區     
【停水區域一】彰化縣埔鹽鄉永平村;永樂村;西湖村,2015/08/01 9:0至2015/08/07 18:0,2015/08/07 18:0以後,8851778,2015/7/31~2015/8/8,516彰化縣埔鹽鄉     
【停水區域一】南投縣水里鄉新興村,2015/07/31 17:20至2015/07/31 22:0,2015/07/31 22:0以後,049-2915176,2015/7/31~2015/8/1,553南投縣水里鄉     
【停水區域一】台南市南區鹽埕路、新都路、利南街,2015/07/31 13:30至2015/07/31 21:0,2015/07/31 21:0以後,06-3036097,2015/7/31~2015/8/1,702台南市南區       
【區域1】台東縣太麻里鄉站前路,2015/08/01 8:0至2015/08/03 17:30【8月1日至8月3日，每日上午8點至下午5點30分】,2015/08/03 17:30以後,0912198885,2015/7/31~2015/8/4,963台東縣太麻里鄉   
【停水區域一】桃園市觀音區金橋路育仁段,2015/07/31 17:0至2015/07/31 22:0,2015/07/31 22:0以後,03-3862156,2015/7/31~2015/8/1,328桃園市觀音區     
【停水區域一】新竹市北區西大路、民富街、愛文街、長和街、城北街,2015/07/31 18:0至2015/07/31 23:0,2015/07/31 23:0以後,1910、新竹服務所 03-5714321、區管理處03-5712141～3,2015/7/31~2015/8/1,300新竹市北區       
【停水區域一】雲林縣北港鎮雲縣北港鎮大北里1.2.3鄰巷弄;大北里5.6 鄰,2015/07/30 9:0至2015/08/02 17:0,2015/08/02 17:0以後,0972991588,2015/7/31~2015/8/3,651雲林縣北港鎮     
【停水區域一】苗栗縣頭份鎮信東路11巷內用戶  及   信東路13號,2015/07/31 18:0至2015/08/01 10:0,2015/08/01 10:0以後,623500,2015/7/31~2015/8/2,351苗栗縣頭份鎮     
【區域1】新北市樹林區中華路213號~341之4號單號側含巷弄,2015/07/31 19:10至2015/07/31 22:10 ,2015/07/31 22:10以後,,2015/7/31~2015/8/1,238新北市樹林區     
【區域1】桃園市中壢區榮民南路延線、同慶路、仁福二、三街、華勛街,2015/07/31 20:15至2015/07/31 23:0 ,2015/07/31 23:0以後,,2015/7/31~2015/8/1,320桃園市中壢區     
【停水區域一】台中市西屯區福林路;福科路;西屯路三段;福康路;福安路;福雅路;福順路;台灣大道四段;玉門路;國安一路;永福路;宏安巷;永康街;永安三巷;安林路等附近,2015/07/31 20:20至2015/07/31 23:20,2015/07/31 23:20以後,1910  22442469,2015/7/31~2015/8/1,407台中市西屯區     
【區域1】台東縣卑南鄉卑南鄉利嘉部落、東興村、蘇巴陽、上下賓郎、太平村地區之施工區域範圍內用戶,2015/07/31 22:0至2015/08/01 6:0【每日晚上10點至上午6點】,2015/08/01 6:0以後,承包商電話:0937-390925(陳連文)    監造人員電話:0928-306122(李高伯),2015/7/31~2015/8/2,954台東縣卑南鄉     
【區域1】台東縣卑南鄉卑南鄉利嘉部落、東興村、蘇巴陽、上下賓郎、太平村地區之施工區域範圍內用戶,2015/07/31 22:0至2015/08/01 8:0【每日晚上10點至上午6點】,2015/08/01 8:0以後,承包商電話:0937-390925(陳連文)    監造人員電話:0928-306122(李高伯),2015/8/1~2015/8/2,954台東縣卑南鄉     
【區域1】台南市永康區復興路;大灣路,2015/08/01 7:49至2015/08/01 12:0 ,2015/08/01 12:0以後,,2015/8/1~2015/8/2,710台南市永康區     
【停水區域一】彰化縣田中鎮大社路二段;大社路三段,2015/08/01 8:0至2015/08/01 17:0,2015/08/01 17:0以後,04-8793211,2015/8/1~2015/8/2,520彰化縣田中鎮     
【區域1】嘉義縣中埔鄉隆興村,2015/08/01 8:30至2015/08/01 12:0 ,2015/08/01 12:0以後,,2015/8/1~2015/8/2,606嘉義縣中埔鄉     
【區域1】嘉義縣竹崎鄉沙坑村,2015/08/01 10:0至2015/08/01 16:0 ,2015/08/01 16:0以後,,2015/8/1~2015/8/2,604嘉義縣竹崎鄉     
【區域1】嘉義縣竹崎鄉和平村,2015/08/01 12:0至2015/08/01 19:0 ,2015/08/01 19:0以後,,2015/8/1~2015/8/2,604嘉義縣竹崎鄉     
【區域1】嘉義縣竹崎鄉盧厝挖,2015/08/01 15:0至2015/08/01 20:0 ,2015/08/01 20:0以後,,2015/8/1~2015/8/2,604嘉義縣竹崎鄉     
【停水區域一】高雄市鳳山區瑞隆東路以北、武營路以東、中崙一路以西、輜汽路以南、南京路整條路、五甲二路、五甲一路整條路,2015/08/01 9:0至2015/08/01 23:0,2015/08/01 23:0以後,7883714,2015/8/1~2015/8/2,830高雄市鳳山區     
【區域1】桃園市大溪區勝利街(包含巷弄),2015/08/01 8:49至2015/08/01 12:0 ,2015/08/01 12:0以後,,2015/8/1~2015/8/2,335桃園市大溪區     
【停水區域一】高雄市鳳山區輜汽路以南、瑞隆東路以北、凱旋三路以東、誠義路以西、新富路整條路,2015/08/01 9:0至2015/08/01 23:0,2015/08/01 23:0以後,7883714,2015/8/1~2015/8/2,830高雄市鳳山區     
【區域1】台南市安南區安清路1段、 北汕尾3段、安明路4段、安中路6段,2015/08/01 9:0至2015/08/01 16:0 ,2015/08/01 16:0以後,,2015/8/1~2015/8/2,709台南市安南區     
【停水區域一】高雄市鳳山區中安路以北、頂明路以東、高鳳一路以西、保生路以南、過雄街整條路,2015/08/01 9:0至2015/08/01 23:0,2015/08/01 23:0以後,7883714,2015/8/1~2015/8/2,830高雄市鳳山區     
【區域1】台南市安平區建平11街~15街一帶,2015/08/01 9:8至2015/08/01 17:0 ,2015/08/01 17:0以後,,2015/8/1~2015/8/2,708台南市安平區     
【停水區域一】新竹市東區千甲路、水利路、原興路、太原路、水源街、中華路一段、仰德路、公道五路二段,2015/08/01 9:5至2015/08/01 14:0,2015/08/01 14:0以後,1910、新竹服務所 03-5714321、區管理處03-5712141～3,2015/8/1~2015/8/2,300新竹市東區       
【停水區域一】新北市鶯歌區德昌街、德昌二街、鶯桃路、永吉街,2015/08/01 9:30至2015/08/01 17:30,2015/08/01 17:30以後,02-26792224,2015/8/1~2015/8/2,239新北市鶯歌區     
【停水區域一】台中市南區何厝街.愛國街.復興路3段.信義南街.正義街.忠孝路.民意街.濟世街.國光路.正氣街等附近一帶,2015/08/01 9:30至2015/08/01 14:0,2015/08/01 14:0以後,22442469.1910,2015/8/1~2015/8/2,402台中市南區       
【區域1】桃園市觀音區大崛里、大湖路1段、2段,2015/08/01 9:30至2015/08/01 15:0 ,2015/08/01 15:0以後,,2015/8/1~2015/8/2,328桃園市觀音區     
【區域1】南投縣埔里鎮西門里,2015/08/01 9:0至2015/08/01 14:0 ,2015/08/01 14:0以後,,2015/8/1~2015/8/2,545南投縣埔里鎮     
【停水區域一】台中市太平區民生街.民權街.立德街.立功路.廣三街.樹德路等附近一帶,2015/08/01 9:30至2015/08/01 13:30,2015/08/01 13:30以後,22442469.1910,2015/8/1~2015/8/2,411台中市太平區     
【區域1】苗栗縣通霄鎮梅南里、平元里,2015/08/01 9:40至2015/08/01 14:0 ,2015/08/01 14:0以後,,2015/8/1~2015/8/2,357苗栗縣通霄鎮     
【區域1】高雄市鼓山區西藏街,2015/08/01 10:0至2015/08/01 13:0 ,2015/08/01 13:0以後,,2015/8/1~2015/8/2,804高雄市鼓山區     
【停水區域一】台中市太平區新明街.新明街69巷.新明街59巷.新明街60巷.新和街21巷.新和街等附近一帶,2015/08/01 10:0至2015/08/01 14:0,2015/08/01 14:0以後,22442469.1910,2015/8/1~2015/8/2,411台中市太平區     
【區域1】桃園市龜山區民生北路1段,2015/08/01 10:30至2015/08/01 16:0 ,2015/08/01 16:0以後,,2015/8/1~2015/8/2,333桃園市龜山區     
【停水區域一】新北市樹林區太平路51-143號(單號側)與48-86號(雙號側)、中華路82-176號(雙號側)，以上均含巷弄。,2015/08/01 9:0至2015/08/01 12:0,2015/08/01 12:0以後,02-26812526,2015/8/1~2015/8/2,238新北市樹林區     
【停水區域一】雲林縣麥寮鄉橋頭村;新吉村;仁德路;新吉;橋頭,2015/08/01 13:0至2015/08/01 19:0,2015/08/01 19:0以後,05-6982250,2015/8/1~2015/8/2,638雲林縣麥寮鄉     
【停水區域一】桃園市楊梅區裕成里裕成路大台北社區,2015/08/01 7:0至2015/08/01 10:0,2015/08/01 10:0以後,03-4789261,2015/8/1~2015/8/2,326桃園市楊梅區     
【停水區域一】嘉義市西區福民里，徐州一街1號至54號、徐州六街12號及58號、徐州四街18號、徐州二街全部、徐州五街1號至67號,2015/08/03 8:30至2015/08/03 18:0,2015/08/03 18:0以後,(05)2779117,2015/8/1~2015/8/4,600嘉義市西區       
【停水區域一】嘉義市西區垂楊里，仁愛路229號、仁愛路227巷門牌雙數號、仁愛路261巷門牌單數33號至51號、仁愛路261巷40號及42號,2015/08/03 8:30至2015/08/03 18:0,2015/08/03 18:0以後,(05)2779117,2015/8/1~2015/8/4,600嘉義市西區       
【區域1】桃園市楊梅區裕榮路、新榮路,2015/08/01 11:0至2015/08/01 13:0 ,2015/08/01 13:0以後,,2015/8/1~2015/8/2,326桃園市楊梅區     
【停水區域一】台中市南屯區南屯路.柳川東路二段.五權路.林森路.樂群街.公館路等附近一帶,2015/08/01 11:0至2015/08/01 17:0,2015/08/01 17:0以後,22442469.1910,2015/8/1~2015/8/2,408台中市南屯區     
【停水區域一】台中市中區中正路.三民路2段.中華路一段.民權路.柳川西路三段.柳川東路三段.民族路.中山路.仁愛街等附近一帶,2015/08/01 11:0至2015/08/01 16:0,2015/08/01 16:0以後,22442469.1910,2015/8/1~2015/8/2,400台中市中區       
【區域1】高雄市梓官區全部村里,2015/08/01 13:0至2015/08/01 17:0 ,2015/08/01 17:0以後,07-6955225,2015/8/1~2015/8/2,826高雄市梓官區     
【區域3】高雄市梓官區全部村里,2015/08/01 13:0至2015/08/01 17:0 ,2015/08/01 17:0以後,07-6955225,2015/8/1~2015/8/2,826高雄市梓官區     
