停水範圍,停水期間,恢復供水時間,查詢電話,發佈期間,發佈區域
安一路、樂一路、西定路、新西街、成功二路、新民路、新生路、中山一、二、三、四路、光華路、太白街、健民街、通仁街、通明街、中華路等偏高地邊遠地區以上各區街路段含各巷弄等範圍。,104年9月23日9時,104年9月23日17時,(02)24245200基隆所,2015/9/15~2015/9/23,203基隆市中山區     204基隆市安樂區     
【區域1】新北市蘆洲區信義里 信義路280巷、292巷、302巷;鷺江里 信義路351巷、361巷,2015/05/05 9:0至2015/09/30 16:0【每日上午9點至下午4點】,2015/09/30 16:0以後,(02)22821817,2015/5/11~2015/10/1,247新北市蘆洲區     
【區域1】新北市蘆洲區信義里 信義路280巷、292巷、302巷;鷺江里 信義路351巷、361巷,2015/05/05 9:0至2015/09/30 16:0【每日上午9點至下午4點】,2015/09/30 16:0以後,(02)22821817,2015/5/11~2015/10/1,247新北市蘆洲區     
【區域1】新北市蘆洲區信義里 信義路280巷、292巷、302巷;鷺江里 信義路351巷、361巷,2015/05/05 9:0至2015/09/30 16:0【每日上午9點至下午4點】,2015/09/30 16:0以後,(02)22821817,2015/5/11~2015/10/1,247新北市蘆洲區     
【區域1】新北市蘆洲區信義里 信義路280巷、292巷、302巷;鷺江里 信義路351巷、361巷,2015/05/05 9:0至2015/09/30 16:0【每日上午9點至下午4點】,2015/09/30 16:0以後,(02)22821817,2015/5/11~2015/10/1,247新北市蘆洲區     
【區域1】新北市蘆洲區信義里 信義路280巷、292巷、302巷;鷺江里 信義路351巷、361巷,2015/05/05 9:0至2015/09/30 16:0【每日上午9點至下午4點】,2015/09/30 16:0以後,(02)22821817,2015/5/11~2015/10/1,247新北市蘆洲區     
【區域1】新北市樹林區八德街202巷全部;東豐街全部,2015/07/01 9:0至2015/09/30 19:0【每日上午9點至下午7點】,2015/09/30 19:0以後,,2015/6/30~2015/10/1,238新北市樹林區     
【區域1】新北市樹林區八德街212巷全部;東豐街全部,2015/07/01 9:0至2015/09/30 19:0【每日上午9點至下午7點】,2015/09/30 19:0以後,,2015/6/30~2015/10/1,238新北市樹林區     
【區域1】新北市樹林區八德街212巷全部;東豐街全部;太平路203~228號全部;味王街38號至53號之間{全部},2015/07/01 9:0至2015/09/30 19:0【每日上午9點至下午7點】,2015/09/30 19:0以後,,2015/7/1~2015/10/1,238新北市樹林區     
【停水區域一】台中市潭子區圓通南路(鐵路以東)含巷道;復興路一段,2015/08/17 8:0至2015/09/30 17:0,2015/09/30 17:0以後,04-25722643豐原給水廠,2015/8/6~2015/10/1,427台中市潭子區     
【停水區域一】南投縣國姓鄉長流村;長福村;長豐村;北港村;石門村;國姓村;柑林村;福龜村;乾溝村;北山村;南港村;大石村;大旗村,2015/08/05 9:0至2015/10/27 20:0,2015/10/27 20:0以後,049-2915176,2015/8/6~2015/10/28,544南投縣國姓鄉     
【停水區域一】高雄市岡山區華崗里;嘉興里一帶,2015/09/01 9:0至2015/10/28 18:0,2015/10/28 18:0以後,07-6222814,2015/8/24~2015/10/29,820高雄市岡山區     
【停水區域一】台中市豐原區向陽路惠陽街豐陽路,2015/09/01 8:30至2015/09/30 18:30,2015/09/30 18:30以後,04-25722643,2015/8/25~2015/10/1,420台中市豐原區     
【停水區域一】台中市烏日區溪壩里溪南路一段(分段施工）,2015/08/26 8:30至2015/09/30 17:30,2015/09/30 17:30以後,04-23381614,2015/8/25~2015/10/1,414台中市烏日區     
【停水區域一】台南市楠西區照興里;興北;興南,2015/08/27 8:0至2015/10/26 18:0,2015/10/26 18:0以後,065742323,2015/8/26~2015/10/27,715台南市楠西區     
【停水區域一】台中市豐原區陽明街（含巷弄）;南陽路488巷,2015/08/31 8:30至2015/09/30 18:30,2015/09/30 18:30以後,04-25722643,2015/8/28~2015/10/1,420台中市豐原區     
【停水區域一】台中市豐原區田心里 ;中興里;西勢里;西安里;社皮里;成功路;中興路;西勢路;協力街;社興路;社興1街~社興5街;一心路;西勢1街~西勢6街,2015/08/28 8:0至2015/09/25 17:0,2015/09/25 17:0以後,豐原給水廠 04-25722643,2015/8/28~2015/9/26,420台中市豐原區     
【停水區域一】屏東縣琉球鄉全部村里(因須配合鄉公所各村里活動及四案工程施工期程;供水受影響區域于施工前會先與各村里鄉親機動協調告知;非全面性停水),2015/09/01 8:0至2015/09/30 20:0,2015/09/30 20:0以後,08-8325550,2015/8/31~2015/10/1,929屏東縣琉球鄉     
【停水區域一】南投縣南投市軍功里;軍功路(含巷弄)下雨天不施工順延,2015/09/01 8:30至2015/09/26 18:0,2015/09/26 18:0以後,049-2563505,2015/9/1~2015/9/27,540南投縣南投市     
【停水區域一】台中市大雅區文雅里;中山北路{中山北路與永和路口至中山路口},2015/09/01 9:0至2015/09/30 18:0,2015/09/30 18:0以後,25661234,2015/9/1~2015/10/1,428台中市大雅區     
【區域1】台中市東勢區上城里;東關路,2015/09/01 11:20至2015/09/30 12:0【每日大量供水時間.水壓下降至無水】,2015/09/30 12:0以後,,2015/9/1~2015/10/1,423台中市東勢區     
【區域1】台中市東勢區上城里;東關路,2015/09/01 11:20至2015/09/30 12:0【每日大量供水時間.水壓下降至無水】,2015/09/30 12:0以後,,2015/9/1~2015/10/1,423台中市東勢區     
【停水區域一】台中市霧峰區育賢路.育智街.育群路,2015/09/02 8:30至2015/09/23 18:0,2015/09/23 18:0以後,23393138,2015/9/2~2015/9/24,413台中市霧峰區     
【停水區域一】彰化縣伸港鄉無;彰化縣和美鎮無;彰化縣彰化市無;彰化縣線西鄉無,2015/09/01 18:0至2015/12/31 23:59,2015/12/31 23:59以後,04-7353883,2015/9/2~2016/1/1,509彰化縣伸港鄉     508彰化縣和美鎮     500彰化縣彰化市     507彰化縣線西鄉     
【停水區域一】台中市烏日區溪南路一段(雙號).溪南路一段126巷.溪南路一段238巷.溪南路一段348巷.溪南路一段460巷.溪南路一段506巷.溪南路一段580巷.溪南路一段680巷.溪南路一段682巷.溪南路一段866巷.溪南路一段986巷.,2015/09/02 8:30至2015/09/30 17:30,2015/09/30 17:30以後,04-23381614,2015/9/2~2015/10/1,414台中市烏日區     
【停水區域一】新北市泰山區大科路、錢厝坑、自強路、黎明路、大科坑路、黎頭窠路以上均含周邊巷弄,2015/09/03 9:0至2015/09/20 17:0,2015/09/20 17:0以後,29097480,2015/9/3~2015/9/21,243新北市泰山區     
【停水區域一】桃園市觀音區觀音工業區全部、草漯里部分地區、樹林里部分地區(大同一、二路、榮工南、北路、源遠街、建國路、成功路一段、成功路二段、工業一、二、三、四、五、六、七、八、九路、經建一、二、三、四、五、六、七路、國建一、二、三路、國瑞路、國光路、國華路(住宅區)、民族路、民權路、民生路、吉祥街、樂群街、敬業街、福壽街、長春街、仁德街、安和街、永吉街、泰安街)。,2015/09/20 9:0至2015/09/20 20:0,2015/09/20 20:0以後,免付費服務電話：1910    大園服務所:03-3862156,2015/9/4~2015/9/21,328桃園市觀音區     
【停水區域一】台南市鹽水區尾寮及南6線,2015/09/07 8:0至2015/09/25 18:0,2015/09/25 18:0以後,6138101#315,2015/9/4~2015/9/26,737台南市鹽水區     
【區域1】新北市新莊區中興北街70號~134-1號雙側;153-4~157單側及巷弄,2015/09/08 9:0至2015/09/28 18:0【每日上午9點至下午6點】,2015/09/28 18:0以後,1910,2015/9/4~2015/9/29,242新北市新莊區     
【停水區域一】彰化縣永靖鄉彰化縣永靖鄉瑚璉路、中山路一段、中山路一段779巷、永久路、八德巷;四維巷、永坡路、西門路、育才路、王厝路、仁一路、西南巷、文建街、水尾路、水尾路50巷72巷100巷148巷160巷186巷202巷230巷280巷291巷等;彰化縣埔心鄉奉天路,2015/09/07 8:0至2015/09/21 18:0,2015/09/21 18:0以後,承包商-沅盛工程有限公司陳耀煌0933561826、監工人員-楊凱鈞047245031*301,2015/9/7~2015/9/22,512彰化縣永靖鄉     513彰化縣埔心鄉     
【停水區域一】彰化縣秀水鄉陜西村番花路一帶;彰化縣花壇鄉番花路一帶,2015/09/07 8:0至2015/09/21 18:0,2015/09/21 18:0以後,承包商-上校水管工程行張圳益0920-900823、監工人員-蘇健源04-7245031*302,2015/9/7~2015/9/22,504彰化縣秀水鄉     503彰化縣花壇鄉     
【停水區域一】台中市西屯區福康路以東.福順路以南.福雅路以西.臺灣大道四段以北(福林里),2015/09/24 8:30至2015/09/24 16:0,2015/09/24 16:0以後,22210169,2015/9/7~2015/9/25,407台中市西屯區     
【停水區域一】新北市泰山區明志路三段182巷   明志路三段雙號側168號至324巷  及週邊巷弄   工專路  及週邊巷弄,2015/09/07 15:0至2015/10/01 1:0,2015/10/01 1:0以後,1910,2015/9/7~2015/10/2,243新北市泰山區     
【停水區域一】雲林縣元長鄉山內村;後湖村;雲林縣台西鄉和豐村;富琦村;五榔村;雲林縣東勢鄉全部村里;雲林縣褒忠鄉全部村里,2015/09/20 8:0至2015/09/20 18:0,2015/09/20 18:0以後,05-6622545,2015/9/7~2015/9/21,655雲林縣元長鄉     636雲林縣台西鄉     635雲林縣東勢鄉     634雲林縣褒忠鄉     
【停水區域一】雲林縣虎尾鎮新興里;東仁里;平和里,2015/09/08 8:0至2015/10/07 18:0,2015/10/07 18:0以後,05-6322047,2015/9/7~2015/10/8,632雲林縣虎尾鎮     
【停水區域一】台中市大肚區王田里、福山里(含柏昇工業區),2015/09/08 8:0至2015/09/30 17:30,2015/09/30 17:30以後,26312127,2015/9/7~2015/10/1,432台中市大肚區     
【區域1】新竹縣竹東鎮頭重里;二重里;三重里;學府路;學府東路;放翁清境社區;鐘鼎山林社區;新竹縣寶山鄉山湖路;山湖一路;水仙路;寶山路一段;寶山路二段;大崎路;山湖一路;尖山路;洽水路;通學路;愛迪生路;新湖路一段;愛迪生社區;翰林苑社區;比佛利社區;寶山華城社區,2015/09/22 9:0至2015/09/22 15:0 ,2015/09/22 15:0以後,寶山廠 03-5820894,2015/9/8~2015/9/23,310新竹縣竹東鎮     308新竹縣寶山鄉     
【區域1】新竹縣竹東鎮頭重里;二重里;三重里;學府路(全部);學府東路(全部);放翁清境社區;鐘鼎山林社區;新竹縣寶山鄉山湖路;山湖一路;水仙路;寶山路一段;寶山路二段;大崎路;尖山路;洽水路;通學路;愛迪生路;新湖路一段;新湖路二段(以上皆全路段);愛迪生社區;翰林苑社區;比佛利社區;寶山華城社區,2015/09/22 9:0至2015/09/22 15:0 ,2015/09/22 15:0以後,寶山給水廠 03-5820894,2015/9/8~2015/9/23,310新竹縣竹東鎮     308新竹縣寶山鄉     
【停水區域一】台中市豐原區成功路.;大明路.;合作街.;三和路.;中興路.;西勢路.;協力街.;安和路.;社興路.;社興一街~社興五街.;一心路.;西勢一街~西勢六街.;豐原大道一段.;中正路;圓環南路,2015/09/09 8:30至2015/09/22 17:30,2015/09/22 17:30以後,豐原服務所25269895豐原給水廠25722643,2015/9/8~2015/9/23,420台中市豐原區     
【停水區域一】高雄市湖內區中山路;高雄市路竹區甲南里、甲北里、大仁路,2015/09/19 9:0至2015/09/19 18:30,2015/09/19 18:30以後,1910,2015/9/9~2015/9/20,829高雄市湖內區     821高雄市路竹區     
【停水區域一】南投縣國姓鄉國姓村、石門村(少部分),2015/09/10 8:0至2015/11/30 18:0,2015/11/30 18:0以後,049-2915176,2015/9/9~2015/12/1,544南投縣國姓鄉     
【停水區域一】台南市安南區1.安中路三段99號至373號單號側   2.海中街724號至740號   3.樂安二街62號至100號   4.安中路三段153巷36號等全部,2015/09/11 8:0至2015/09/19 18:0,2015/09/19 18:0以後,06-2138101-307吳斌鳴,2015/9/9~2015/9/20,709台南市安南區     
【停水區域一】台中市大甲區大甲區幸福里長安路安利巷,2015/09/11 8:30至2015/09/20 17:0,2015/09/20 17:0以後,26872777及免付費客服專線1910,2015/9/10~2015/9/21,437台中市大甲區     437台中市大甲區     
【停水區域一】台中市南屯區惠中路三段以東.大墩七街以南.文心路一段以西.大墩六街以北(田心里),2015/09/30 8:30至2015/09/30 16:0,2015/09/30 16:0以後,22210169,2015/9/10~2015/10/1,408台中市南屯區     
【停水區域一】高雄市旗津區全區,2015/09/21 21:0至2015/09/22 9:0,2015/09/22 9:0以後,1910,2015/9/10~2015/9/23,805高雄市旗津區     
【區域1】台東縣台東市台東市南王東街以北及更生北路576、596、616、634、654、692巷巷及564巷34弄單、雙號。,2015/09/14 8:0至2015/09/19 18:0【每日上午8點至下午6點】,2015/09/19 18:0以後,承包商電話:0937-390925(陳連文)    監造人員電話:0932-559811(謝仲科),2015/9/11~2015/9/20,950台東縣台東市     
【區域1】台東縣台東市蘭州街36號至122號(雙號)等巷道,2015/09/14 8:0至2015/09/19 18:0【每日上午8點至下午6點】,2015/09/19 18:0以後,承包商電話:0937-390925(陳連文)    監造人員電話:0932-559811(謝仲科),2015/9/11~2015/9/20,950台東縣台東市     
【停水區域一】雲林縣大埤鄉西鎮村,2015/09/14 8:0至2015/09/19 18:0,2015/09/19 18:0以後,05-5972682,2015/9/14~2015/9/20,631雲林縣大埤鄉     
【停水區域一】新北市板橋區實踐路單號側(館前東路-成都街口)(已上含巷弄)遇雨順延,2015/08/26 9:0至2015/09/18 16:0,2015/09/18 16:0以後,29612196.29612197,2015/9/14~2015/9/19,220新北市板橋區     
【停水區域一】新北市板橋區國慶路1~211號單號側(已上含巷弄)遇雨順延,2015/08/24 9:30至2015/09/21 16:0,2015/09/21 16:0以後,29612196.29612197,2015/9/14~2015/9/22,220新北市板橋區     
【停水區域一】台中市北區五權路以東.錦新街以南.三民路三段以西.錦平街以北(錦平里),2015/09/29 8:0至2015/09/29 16:0,2015/09/29 16:0以後,22210169,2015/9/14~2015/9/30,404台中市北區       
【停水區域一】新北市土城區金城路二段全部(含巷弄),2015/09/14 9:0至2015/09/18 18:0,2015/09/18 18:0以後,(02)29968961#308,2015/9/14~2015/9/19,236新北市土城區     
【停水區域一】台南市鹽水區中山路/康樂街,2015/09/15 8:0至2015/09/18 18:0,2015/09/18 18:0以後,066322240,2015/9/14~2015/9/19,737台南市鹽水區     
【停水區域一】台中市北屯區和祥路1段以東.東山路1段以南.祥順路2段以西.軍福九路以北(和平里),2015/09/22 8:30至2015/09/22 16:0,2015/09/22 16:0以後,22210169,2015/9/14~2015/9/23,406台中市北屯區     
【停水區域一】嘉義市東區王田里五福街20巷及82巷等所有住戶,2015/09/16 8:0至2015/09/30 18:0,2015/09/30 18:0以後,05-2252670轉252,2015/9/15~2015/10/1,600嘉義市東區       
【停水區域一】雲林縣台西鄉和豐村;雲林縣東勢鄉四美村;新坤村;同安村,2015/09/16 8:0至2015/09/19 19:0,2015/09/19 19:0以後,05-6622545,2015/9/15~2015/9/20,636雲林縣台西鄉     635雲林縣東勢鄉     
【停水區域一】新北市三峽區民權街、民族街等含周邊巷道,2015/09/16 9:0至2015/09/20 17:0,2015/09/20 17:0以後,02-26792224,2015/9/15~2015/9/21,237新北市三峽區     
【停水區域一】花蓮縣吉安鄉福興五街;福興六街;福興七街;福興八街;舊村一街;舊村四街;稻香三街;福昌路;華興一街;華興二街;南華一街;南華二街;中央路一段,2015/09/17 8:0至2015/09/18 16:0,2015/09/18 16:0以後,03-8351141,2015/9/15~2015/9/19,973花蓮縣吉安鄉     
【停水區域一】台南市鹽水區河南里/南港里,2015/09/21 9:0至2015/09/21 18:0,2015/09/21 18:0以後,06-6322240,2015/9/15~2015/9/22,737台南市鹽水區     
【停水區域一】雲林縣二崙鄉義庄村;大華村;楊賢村,2015/09/16 8:0至2015/09/23 18:0,2015/09/23 18:0以後,05-5862163,2015/9/16~2015/9/24,649雲林縣二崙鄉     
【停水區域一】彰化縣埔鹽鄉新水村、天盛村、石埤村,2015/09/17 10:0至2015/10/01 18:0,2015/10/01 18:0以後,監工人員-工務課朱延清(04-7245031*312)、承包商-振益水電工業股份有限公司許德偉(0910-537813),2015/9/16~2015/10/2,516彰化縣埔鹽鄉     
【停水區域一】屏東縣里港鄉土庫村信國路、高雄市美濃區吉洋里精忠新村等,2015/08/24 8:0至2015/09/25 18:0,2015/09/25 18:0以後,08-7226170、7220040,2015/9/16~2015/9/26,905屏東縣里港鄉     
【停水區域一】雲林縣褒忠鄉中勝村;埔姜村;有才村;田洋村;龍岩村;新湖村;中勝路;太湖路;北興;有才;新湖,2015/09/16 8:0至2015/09/30 18:0,2015/09/30 18:0以後,05-6622545,2015/9/16~2015/10/1,634雲林縣褒忠鄉     
【區域1】台中市東勢區上城里;上新里;中嵙里;福隆里,2015/10/06 9:0至2015/10/06 14:0 ,2015/10/06 14:0以後,04-25874315,2015/9/22~2015/10/7,423台中市東勢區     
【區域1】台中市東勢區上城里;上新里;中嵙里;福隆里,2015/10/06 9:0至2015/10/06 14:0 ,2015/10/06 14:0以後,04-25874315,2015/9/22~2015/10/7,423台中市東勢區     
【停水區域一】台南市北區1.育德二路756號至818號雙號側全部含巷弄   2.育德二路525號至819號單號側全部含巷弄,2015/09/18 8:0至2015/09/23 18:0,2015/09/23 18:0以後,06-3036097,2015/9/16~2015/9/24,704台南市北區       
【停水區域一】新北市五股區仁愛路雙號側、全興路214~228號、中港西路(泰林路至民權街41巷)、仁武街、仁武街139巷、仁愛路6巷(含四弄、五弄、七弄)、中港西路498巷、仁義路220巷、仁義路(仁愛路至中港西路)、仁愛路100巷、民生路31巷、民權街41巷、義學國小、義學國中,2015/09/17 9:0至2015/09/25 18:0,2015/09/25 18:0以後,29097480,2015/9/16~2015/9/26,248新北市五股區     
【停水區域一】高雄市小港區上林路一帶,2015/09/19 14:0至2015/09/19 17:0,2015/09/19 17:0以後,07-3312292-237,2015/9/17~2015/9/20,812高雄市小港區     
【停水區域一】彰化縣鹿港鎮復興路358號後,2015/09/14 9:0至2015/10/02 17:0,2015/10/02 17:0以後,04-7772127、04-7772609,2015/9/17~2015/10/3,505彰化縣鹿港鎮     
【停水區域一】新北市土城區中央路1段80號至252號;中華路1段43號至151號;中央路1段118巷(含單雙號及巷弄);中央路1段156巷(含單雙號及巷弄);中央路1段184巷(含單雙號及巷弄);中央路1段188巷(含單雙號及巷弄);日新街1號至9巷(含單雙號及巷弄),2015/09/17 9:0至2015/09/30 17:0,2015/09/30 17:0以後,02-22655172,2015/9/17~2015/10/1,236新北市土城區     236新北市土城區     
【停水區域一】雲林縣台西鄉五港村;永豐村;和豐村;富琦村;五港路;仁愛路;忠孝路;信義路;海產路;崙豐路,2015/09/18 8:0至2015/09/21 18:0,2015/09/21 18:0以後,05-6982250,2015/9/17~2015/9/22,636雲林縣台西鄉     
【停水區域一】台南市官田區三結義{全部無水},2015/09/21 8:0至2015/10/31 18:0,2015/10/31 18:0以後,(06)5721166,2015/9/17~2015/11/1,720台南市官田區     
【停水區域一】新北市樹林區保安街1段207號起至保安街2段25號止(含巷弄),2015/09/23 9:0至2015/09/30 18:0,2015/09/30 18:0以後,02-26812254,2015/9/17~2015/10/1,238新北市樹林區     
【停水區域一】雲林縣斗六市社口里-鎮南路、鎮南路220巷、鎮南路240巷、文敬路、文敬路40巷,2015/09/16 8:30至2015/09/20 18:30,2015/09/20 18:30以後,5322362,2015/9/17~2015/9/21,640雲林縣斗六市     
【停水區域一】雲林縣斗南鎮東明里-雲林路三段雙號,2015/09/20 8:0至2015/09/20 18:0,2015/09/20 18:0以後,5322362,2015/9/17~2015/9/21,630雲林縣斗南鎮     
【停水區域一】南投縣南投市向上路全部;營北路全部;(含巷弄)例假日及雨天不施工,2015/09/07 8:30至2015/10/30 17:30,2015/10/30 17:30以後,049-2563505,2015/9/17~2015/10/31,540南投縣南投市     540南投縣南投市     
【停水區域一】桃園市桃園區南京街;建明街;建成街,2015/09/23 9:0至2015/09/25 18:0,2015/09/25 18:0以後,3346128,2015/9/17~2015/9/26,330桃園市桃園區     
【停水區域一】桃園市八德區瑞發里,2015/09/22 12:0至2015/09/22 18:0,2015/09/22 18:0以後,03 3346128,2015/9/17~2015/9/23,334桃園市八德區     
【停水區域一】宜蘭縣五結鄉大吉二路338號至123號.大吉二路251巷,2015/09/21 13:0至2015/09/21 17:0,2015/09/21 17:0以後,03-9589177*31,2015/9/17~2015/9/22,268宜蘭縣五結鄉     
【停水區域一】台中市西屯區環中路三段以東.市政路以南.黎明路二段以西.市政南一路以北(三義里、龍潭里),2015/09/23 8:30至2015/09/23 16:0,2015/09/23 16:0以後,22210169,2015/9/17~2015/9/24,407台中市西屯區     
【區域1】台中市太平區太平路/太平六街/太平八街/中平九街/太平十街/永成北路/太平十二街/太平路286巷/及附近巷弄內。,2015/10/01 9:0至2015/12/31 18:30【每日上午9點至下午6點半(非整日停水，僅幹管改接及用戶施作需停水)】,2015/12/31 18:30以後,1910;04-22442469;04-24821831,2015/9/17~2016/1/1,411台中市太平區     
【區域1】宜蘭縣宜蘭市西安街3~11號{單號側};西安街1巷{全部};西安街7巷{全部};武營街72~74號{雙號側};文昌路75號{全部},2015/09/18 13:0至2015/09/18 17:0 ,2015/09/18 17:0以後,03-9323255#50,2015/9/17~2015/9/19,260宜蘭縣宜蘭市     
【停水區域一】嘉義縣竹崎鄉獅埜村,2015/09/18 8:30至2015/09/18 17:0,2015/09/18 17:0以後,05-2611075,2015/9/18~2015/9/19,604嘉義縣竹崎鄉     
【停水區域一】新竹市東區新竹市明湖路(柴橋路口至明湖路1200號)用戶。;花園新城街;明湖路,2015/09/18 9:0至2015/09/18 18:0,2015/09/18 18:0以後,5712141-5733523    監工人員0928578810,2015/9/18~2015/9/19,300新竹市東區       300新竹市東區       
【停水區域一】雲林縣土庫鎮石廟里;中興路;復興路{全部},2015/09/18 8:30至2015/09/18 12:0,2015/09/18 12:0以後,0,2015/9/18~2015/9/19,633雲林縣土庫鎮     
【停水區域一】高雄市大社區嘉誠里柑宅巷,2015/09/18 8:30至2015/09/18 18:0,2015/09/18 18:0以後,(07)3513332,2015/9/18~2015/9/19,815高雄市大社區     
【停水區域一】新北市林口區粉寮路二段全部(含周邊巷弄)、宏昌街、五股區外寮路,2015/09/18 10:0至2015/09/18 15:0,2015/09/18 15:0以後,02-26031880,2015/9/18~2015/9/19,244新北市林口區     
【停水區域一】高雄市大寮區前庄路、中正路、萬丹路、鳳林四路、捷西路、自由路、平等路、莊敬路、明德路等附近地區,2015/09/18 9:0至2015/09/18 18:0,2015/09/18 18:0以後,7883714,2015/9/18~2015/9/19,831高雄市大寮區     
【停水區域一】高雄市小港區中利路與中林路(包括臨海工業區全部)附近一帶,2015/09/18 8:30至2015/09/18 18:0,2015/09/18 18:0以後,07-7321319,2015/9/18~2015/9/19,812高雄市小港區     
【停水區域一】高雄市鳥松區文前路116-1號附近,2015/09/18 10:0至2015/09/18 14:0,2015/09/18 14:0以後,07-7424163,2015/9/18~2015/9/19,833高雄市鳥松區     
【停水區域一】高雄市鳳山區田衙路、保生路、過勇路、鳳頂路、田中央路等附近地區,2015/09/18 9:0至2015/09/18 18:0,2015/09/18 18:0以後,7883714,2015/9/18~2015/9/19,830高雄市鳳山區     
【停水區域一】南投縣南投市鳳山里;鳳鳴里;福山里,2015/09/18 8:35至2015/09/18 15:35,2015/09/18 15:35以後,2222635,2015/9/18~2015/9/19,540南投縣南投市     
【停水區域一】高雄市內門區全區;高雄市旗山區三協里花旗二路、花旗山莊、義德街37巷,2015/09/18 8:15至2015/09/18 17:30,2015/09/18 17:30以後,076613807,2015/9/18~2015/9/19,845高雄市內門區     842高雄市旗山區     
【停水區域一】桃園市蘆竹區蘆竹區長興路三段229巷,2015/09/18 9:0至2015/09/18 12:0,2015/09/18 12:0以後,3346129,2015/9/18~2015/9/19,338桃園市蘆竹區     
【停水區域一】雲林縣台西鄉牛厝村;泉州村;雲林縣四湖鄉施湖村;湖西村;溪尾村;雲林縣東勢鄉程海村,2015/09/18 13:0至2015/09/18 18:0,2015/09/18 18:0以後,05-6982250,2015/9/18~2015/9/19,636雲林縣台西鄉     654雲林縣四湖鄉     635雲林縣東勢鄉     
【停水區域一】高雄市鳳山區中山東路、鳳林路、中山東路66巷、瑞興路、光遠路、黃埔路、仁愛路等附近地區,2015/09/18 9:0至2015/09/18 19:0,2015/09/18 19:0以後,7883714,2015/9/18~2015/9/19,830高雄市鳳山區     
【停水區域一】花蓮縣吉安鄉花蓮縣花蓮市國民三街29號前,2015/09/18 8:45至2015/09/18 12:30,2015/09/18 12:30以後,8325304,2015/9/18~2015/9/19,973花蓮縣吉安鄉     
【停水區域一】桃園市觀音區廣福里,2015/09/18 9:0至2015/09/18 17:0,2015/09/18 17:0以後,3862156,2015/9/18~2015/9/19,328桃園市觀音區     
【停水區域一】苗栗縣頭份鎮頭份里(全部);民族里、自強里(一小部分),2015/09/18 9:0至2015/09/18 11:30,2015/09/18 11:30以後,623500,2015/9/18~2015/9/19,351苗栗縣頭份鎮     
【停水區域一】雲林縣土庫鎮石廟里;中興路全部;復興路全部,2015/09/18 9:20至2015/09/18 12:0,2015/09/18 12:0以後,05-6622545       0912-129532,2015/9/18~2015/9/19,633雲林縣土庫鎮     
【停水區域一】花蓮縣萬榮鄉紅葉村;瑞穗鄉瑞祥村;瑞北村;瑞穗村;瑞美村;瑞良村;鶴岡村等高地區用戶,2015/09/19 8:0至2015/09/19 17:0,2015/09/19 17:0以後,(03)8882403,2015/9/18~2015/9/20,979花蓮縣萬榮鄉     
【停水區域一】南投縣埔里鎮北門里,2015/09/18 9:30至2015/09/18 18:0,2015/09/18 18:0以後,049-2915176,2015/9/18~2015/9/19,545南投縣埔里鎮     
【停水區域一】台南市安南區安中路三段99號至223-5號單號側全部,2015/09/21 8:0至2015/09/26 18:0,2015/09/26 18:0以後,06-2138101-307吳斌鳴,2015/9/18~2015/9/27,709台南市安南區     
【停水區域一】雲林縣西螺鎮大園里;振興里;光明東路中山東路全部;因雲林縣西螺鎮大新里配合中工處湖山下游管線改接工程，須停水作業預計9月18.19.20日每天早上8點至下午6點停水，不便之處敬請用戶諒解。,2015/09/18 8:0至2015/09/20 18:0,2015/09/20 18:0以後,05-5862163,2015/9/18~2015/9/21,648雲林縣西螺鎮     
【停水區域一】苗栗縣頭份鎮後庄里,2015/09/18 8:30至2015/09/18 17:0,2015/09/18 17:0以後,623500,2015/9/18~2015/9/19,351苗栗縣頭份鎮     
【停水區域一】新竹縣竹東鎮光明路;民族路,2015/09/18 9:30至2015/09/18 12:0,2015/09/18 12:0以後,03-5963356;1910,2015/9/18~2015/9/19,310新竹縣竹東鎮     
【停水區域一】新竹縣竹東鎮北興路一段;北興路二段,2015/09/18 10:0至2015/09/18 14:0,2015/09/18 14:0以後,035963359,2015/9/18~2015/9/19,310新竹縣竹東鎮     
【停水區域一】台中市大甲區幸福里、太白里,2015/09/18 10:0至2015/09/18 17:0,2015/09/18 17:0以後,04-26872777,2015/9/18~2015/9/19,437台中市大甲區     
【停水區域一】台中市豐原區永康路單號側(含巷弄);南陽路單號側167至231號(含巷弄);豐原大道三段219巷、239巷,2015/08/21 8:30至2015/10/16 18:30,2015/10/16 18:30以後,04-25722643,2015/9/18~2015/10/17,420台中市豐原區     
【停水區域一】台中市西屯區西屯路二段;洛陽路;文心路三段;櫻花路;青海路二段 等附近,2015/09/18 10:8至2015/09/18 15:8,2015/09/18 15:8以後,22442469-1910,2015/9/18~2015/9/19,407台中市西屯區     
【停水區域一】屏東縣屏東市建豐路2巷83號至建豐路2巷131號,2015/09/18 10:30至2015/09/18 14:0,2015/09/18 14:0以後,7226170 7220040,2015/9/18~2015/9/19,900屏東縣屏東市     
【停水區域一】台中市太平區光興路;光明路;光興路八九０南巷;光興路二一四０南巷;光興路四０一南巷;興隆路;興隆路一段;興隆路興旺巷;東光街;光德路;正光街近一帶,2015/09/18 10:35至2015/09/18 14:35,2015/09/18 14:35以後,22442469.1910,2015/9/18~2015/9/19,411台中市太平區     
【停水區域一】桃園市中壢區吉長街、惠州街(吉長街~吉長二街),2015/09/18 10:30至2015/09/18 17:0,2015/09/18 17:0以後,4251506,2015/9/18~2015/9/19,320桃園市中壢區     
【停水區域一】新北市瑞芳區柴寮路;侯硐路,2015/09/18 10:40至2015/09/18 12:0,2015/09/18 12:0以後,02-24972411、24972006,2015/9/18~2015/9/19,224新北市瑞芳區     
【停水區域一】台南市中西區湖美街,2015/09/18 10:30至2015/09/18 17:0,2015/09/18 17:0以後,06-3036097,2015/9/18~2015/9/19,700台南市中西區     
【停水區域一】台東縣台東市台東市南王里更生北路575巷,2015/09/18 10:50至2015/09/18 11:40,2015/09/18 11:40以後,089-322138,2015/9/18~2015/9/19,950台東縣台東市     
【停水區域一】桃園市桃園區中埔六街及同德六街,2015/09/18 1:30至2015/09/18 5:30,2015/09/18 5:30以後,03-3346127,2015/9/18~2015/9/19,330桃園市桃園區     
【停水區域一】苗栗縣公館鄉福星里，福基里,2015/09/18 11:0至2015/09/18 12:0,2015/09/18 12:0以後,客服專線1910苗栗營運所320334,2015/9/18~2015/9/19,363苗栗縣公館鄉     
【停水區域一】高雄市楠梓區楠梓加工區,2015/09/26 9:0至2015/09/26 15:0,2015/09/26 15:0以後,1910,2015/9/18~2015/9/27,811高雄市楠梓區     
【停水區域一】台中市西屯區至善路;西屯路二段 等附近,2015/09/18 11:20至2015/09/18 14:30,2015/09/18 14:30以後,22442469-1910,2015/9/18~2015/9/19,407台中市西屯區     
【停水區域一】台中市太平區樹孝路;新吉路;新明街;新和街;新平路一段;新平路二段;新平路三段;新平路三段部仔二十五巷;育德路;育仁路;育才路近一帶,2015/09/18 11:30至2015/09/18 14:30,2015/09/18 14:30以後,22442469.1910,2015/9/18~2015/9/19,411台中市太平區     
【區域1】台東縣台東市豐樂里、豐谷里,2015/09/21 13:0至2015/09/21 17:30【每日下午1點至下午5點30分】,2015/09/21 17:30以後,承包商電話:0937-390925(陳連文)    監造人員電話:0928-306122(李高伯),2015/9/18~2015/9/22,950台東縣台東市     
【停水區域一】新竹縣北埔鄉埔尾村;南興村;南埔村;北埔村;水村;大湖村;新竹縣峨眉鄉全部村里,2015/09/18 11:30至2015/09/18 14:30,2015/09/18 14:30以後,1910 ; 035963356; 035963359,2015/9/18~2015/9/19,314新竹縣北埔鄉     315新竹縣峨眉鄉     
【區域1】南投縣鹿谷鄉廣興村全部,2015/09/18 12:0至2015/09/18 15:0 ,2015/09/18 15:0以後,0492642074,2015/9/18~2015/9/19,558南投縣鹿谷鄉     
【停水區域一】南投縣南投市營盤路151巷內及187巷內.,2015/09/18 9:0至2015/09/18 14:0,2015/09/18 14:0以後,049-2563505,2015/9/18~2015/9/19,540南投縣南投市     
【停水區域一】台中市豐原區水源路(3巷~9巷長壽巷.中坑巷.南坑巷北坑巷.坪頂巷,2015/09/18 12:0至2015/09/18 17:0,2015/09/18 17:0以後,04-25722643,2015/9/18~2015/9/19,420台中市豐原區     
【停水區域一】嘉義縣民雄鄉福興村;興南村頭橋,2015/09/18 11:0至2015/09/18 15:0,2015/09/18 15:0以後,0932978332,2015/9/18~2015/9/19,621嘉義縣民雄鄉     
【停水區域一】屏東縣東港鎮朝安里;華僑市場及大陸漁工安置所,2015/09/18 12:0至2015/09/18 21:0,2015/09/18 21:0以後,08-8325550,2015/9/18~2015/9/19,928屏東縣東港鎮     
【停水區域一】桃園市觀音區樹林里,2015/09/18 12:29至2015/09/18 19:0,2015/09/18 19:0以後,3862156,2015/9/18~2015/9/19,328桃園市觀音區     
【區域1】高雄市楠梓區梓官全區,2015/09/18 13:30至2015/09/18 21:0 ,2015/09/18 21:0以後,,2015/9/18~2015/9/19,811高雄市楠梓區     
【區域1】高雄市楠梓區梓官全區,2015/09/18 13:30至2015/09/18 21:0 ,2015/09/18 21:0以後,,2015/9/18~2015/9/19,811高雄市楠梓區     
【停水區域一】新北市板橋區篤行路二段52號至88號雙號側及大觀路三段219巷全部,2015/09/18 13:10至2015/09/18 16:10,2015/09/18 16:10以後,02-26812526,2015/9/18~2015/9/19,220新北市板橋區     
【區域1】嘉義縣水上鄉石仔缸;中庄,2015/09/18 13:10至2015/09/18 14:30 ,2015/09/18 14:30以後,0978060560,2015/9/18~2015/9/19,608嘉義縣水上鄉     
【區域2】嘉義縣水上鄉石仔缸;中庄,2015/09/18 13:10至2015/09/18 14:30 ,2015/09/18 14:30以後,0978060560,2015/9/18~2015/9/19,608嘉義縣水上鄉     
【區域1】嘉義縣水上鄉石仔缸;中庄,2015/09/18 13:10至2015/09/18 14:30 ,2015/09/18 14:30以後,0978060560,2015/9/18~2015/9/19,608嘉義縣水上鄉     
【區域2】嘉義縣水上鄉石仔缸;中庄,2015/09/18 13:10至2015/09/18 14:30 ,2015/09/18 14:30以後,0978060560,2015/9/18~2015/9/19,608嘉義縣水上鄉     
【停水區域一】桃園市楊梅區裕成路;裕成里,2015/09/18 13:30至2015/09/18 16:0,2015/09/18 16:0以後,4789261,2015/9/18~2015/9/19,326桃園市楊梅區     
【停水區域一】南投縣埔里鎮枇杷里、泰安里、北門里、北安里、,2015/09/18 13:50至2015/09/18 18:0,2015/09/18 18:0以後,0492915176,2015/9/18~2015/9/19,545南投縣埔里鎮     
【停水區域一】花蓮縣吉安鄉花蓮市榮正街113號前管線破管搶修,2015/09/18 13:55至2015/09/18 17:50,2015/09/18 17:50以後,8325304,2015/9/18~2015/9/19,973花蓮縣吉安鄉     
【停水區域一】嘉義市東區保忠一街100巷等ㄧ帶,2015/09/18 14:0至2015/09/18 15:0,2015/09/18 15:0以後,0960223494,2015/9/18~2015/9/19,600嘉義市東區       
【停水區域一】苗栗縣竹南鎮龍山里,2015/09/18 14:10至2015/09/18 17:0,2015/09/18 17:0以後,623500,2015/9/18~2015/9/19,350苗栗縣竹南鎮     
【停水區域一】宜蘭縣羅東鎮羅東鎮南昌街81號、南昌街83號、博愛路110號  間附近用戶，共計約7戶,2015/09/20 8:0至2015/09/20 11:0,2015/09/20 11:0以後,9589176,2015/9/18~2015/9/21,265宜蘭縣羅東鎮     
【停水區域一】宜蘭縣羅東鎮羅東鎮南昌街81號、南昌街83號、博愛路110號 間附近用戶，共計約7戶,2015/09/20 13:0至2015/09/20 16:0,2015/09/20 16:0以後,9589176,2015/9/18~2015/9/21,265宜蘭縣羅東鎮     
【停水區域一】雲林縣林內鄉重興村;雲林縣莿桐鄉六合村、五華村,2015/09/18 14:15至2015/09/18 16:30,2015/09/18 16:30以後,5322362,2015/9/18~2015/9/19,643雲林縣林內鄉     647雲林縣莿桐鄉     
【停水區域一】台南市安南區郡安路三段、府安路三段,2015/09/18 14:20至2015/09/18 18:0,2015/09/18 18:0以後,06-3036097,2015/9/18~2015/9/19,709台南市安南區     
【停水區域一】苗栗縣苗栗市為公路,2015/09/18 14:30至2015/09/18 17:30,2015/09/18 17:30以後,客服專線1910苗栗營運所320334,2015/9/18~2015/9/19,360苗栗縣苗栗市     
【停水區域一】桃園市中壢區龍岡路三段(圓環~龍慈路)、龍慈路、龍門街、龍岡路三段559巷(以上含其巷道)、龍岡里;水壓降低：龍慈里、龍德里,2015/09/19 9:0至2015/09/19 20:0,2015/09/19 20:0以後,4251506,2015/9/18~2015/9/20,320桃園市中壢區     
【停水區域一】桃園市中壢區中觀路一段,2015/09/18 14:35至2015/09/18 17:30,2015/09/18 17:30以後,4251506,2015/9/18~2015/9/19,320桃園市中壢區     
【停水區域一】新北市新莊區新樹路527巷及其周邊巷道(若遇大雨未施工則順延),2015/09/21 9:0至2015/10/05 18:0,2015/10/05 18:0以後,29966681,2015/9/18~2015/10/6,242新北市新莊區     
【停水區域一】高雄市鼓山區鼓山區葆禎路163號附近一帶,2015/09/18 14:45至2015/09/18 17:45,2015/09/18 17:45以後,07-7321319,2015/9/18~2015/9/19,804高雄市鼓山區     
【停水區域一】台南市鹽水區河南里/南港里,2015/09/21 8:30至2015/09/21 17:30,2015/09/21 17:30以後,06-6322240,2015/9/18~2015/9/22,737台南市鹽水區     
【停水區域一】新北市樹林區光興街157巷、146巷以後至306號全部,2015/09/18 14:55至2015/09/18 17:0,2015/09/18 17:0以後,02-26812254,2015/9/18~2015/9/19,238新北市樹林區     
【停水區域一】南投縣名間鄉武東巷,2015/09/18 15:0至2015/09/18 17:0,2015/09/18 17:0以後,2222635,2015/9/18~2015/9/19,551南投縣名間鄉     
【停水區域一】高雄市大寮區翁園路151-50號附近,2015/09/18 16:0至2015/09/18 18:30,2015/09/18 18:30以後,07-7424163,2015/9/18~2015/9/19,831高雄市大寮區     
【停水區域一】台中市太平區鵬儀路;精美路;精美一街;儀東路;太平一街;太平七街;太平九街;太平二十一街;太平二十二街;太平二十八街;太平二十三街;太平二十六街;太平二十街;太平八街;太平十一街;太平十七街;太平十九街;太平十二街;太平十八街;太平十三街;太平十五街;太平十六街;太平十街;太平三街;太平五街;太平六街;永成北路;太平路;長億一街;長億一街吉祥巷;長億一街如意巷;長億七街;長億九街;長億二街;長億八街;長億路;長億十街;長億三街;長億五街;長億六街;長億四街;長億東三街;長億東五街;長億南二街近一帶;台中市東區振興路近一帶,2015/09/18 15:20至2015/09/18 20:20,2015/09/18 20:20以後,22442469.1910,2015/9/18~2015/9/19,411台中市太平區     401台中市東區       
【停水區域一】高雄市三民區三民區覺民路542號附近一帶,2015/09/18 15:30至2015/09/18 19:30,2015/09/18 19:30以後,07-7321319,2015/9/18~2015/9/19,807高雄市三民區     
【停水區域一】高雄市旗山區湄洲里;永安街全部,2015/09/18 15:32至2015/09/18 19:0,2015/09/18 19:0以後,07-6613807,2015/9/18~2015/9/19,842高雄市旗山區     
【停水區域一】新竹縣竹東鎮北興路三段;自強路,2015/09/18 15:50至2015/09/18 17:0,2015/09/18 17:0以後,03-5963356;1910,2015/9/18~2015/9/19,310新竹縣竹東鎮     
【區域1】台東縣台東市台東市興盛路1號至200號(兩側及巷道)、興安路1段1號至155號(單號側及巷道)、志航路1段1號至320號(兩側及巷道)、更生北路82巷(兩側),2015/09/21 8:0至2015/09/23 17:0【每日上午8點至下午5點】,2015/09/23 17:0以後,承包商電話:0980-305571(許蔚璿)    監造人員電話:0937-497049(李榮昌),2015/9/18~2015/9/24,950台東縣台東市     
【停水區域一】台中市南屯區大墩十二街;大墩十一街;大墩路;大墩十街;大觀路;大昌街;大光街;大英街;大進街;大聖街;東興路三段;公益路二段;向上路一段;文心路一段  等附近,2015/09/18 16:5至2015/09/18 22:5,2015/09/18 22:5以後,22442469-1910,2015/9/18~2015/9/19,408台中市南屯區     
【停水區域一】台中市南屯區文心南五路;永春路;永定巷 等附近,2015/09/18 16:12至2015/09/18 18:12,2015/09/18 18:12以後,22442469-1910,2015/9/18~2015/9/19,408台中市南屯區     
【停水區域一】台南市東山區東山區青葉路一段161號至175號(奇數門牌),2015/09/19 8:0至2015/09/19 17:30,2015/09/19 17:30以後,06-6852135,2015/9/18~2015/9/20,733台南市東山區     
【停水區域一】高雄市小港區一、因台電公司管路潛盾工程致路面塌陷，造成高雄市小港區中林路與中利路口400、600公厘DIP管線漏水，目前無法進場施作，預計9月24日進場施工。;;◎二、搶修預定時間104年9月18日08時至104年9月24日24時止，計6天16小時。;;三、停水區域: 中油大林廠、中鋼公司等3戶。;;四、減壓區域：臨海工業區工業用水戶(含中鋼公司)減壓(戶數約100戶)。;;五、預定104年9月18日08時00分停水訊息登錄客服中心系統。;;六、停水戶數：3戶。,2015/09/18 8:0至2015/09/25 0:0,2015/09/25 0:0以後,07-8912693,2015/9/18~2015/9/26,812高雄市小港區     
【停水區域一】高雄市小港區平和九路(含弄),2015/09/20 8:0至2015/09/20 18:0,2015/09/20 18:0以後,洽詢電話：免付費電話1910、高雄服務所：07-3312292,2015/9/18~2015/9/21,812高雄市小港區     
【停水區域一】屏東縣東港鎮朝安里;華僑市場及大陸漁工安置所,2015/09/19 9:0至2015/09/19 17:0,2015/09/19 17:0以後,08-8325550,2015/9/18~2015/9/20,928屏東縣東港鎮     
【停水區域一】新竹縣北埔鄉全部村里,2015/09/18 16:50至2015/09/18 20:30,2015/09/18 20:30以後,03-5963356;1910,2015/9/18~2015/9/19,314新竹縣北埔鄉     
【停水區域一】桃園市中壢區龍慈路、龍昌路、龍川街、後寮一、二路(以上含巷道),2015/09/18 16:50至2015/09/18 18:0,2015/09/18 18:0以後,4251506,2015/9/18~2015/9/19,320桃園市中壢區     
【停水區域一】南投縣鹿谷鄉秀峰村,2015/09/18 17:0至2015/09/18 18:0,2015/09/18 18:0以後,0492642074,2015/9/18~2015/9/19,558南投縣鹿谷鄉     
【停水區域一】高雄市鳳山區北賢街(北昌三街至文龍東路),2015/09/19 10:0至2015/09/19 14:0,2015/09/19 14:0以後,07-7424163,2015/9/18~2015/9/20,830高雄市鳳山區     
【停水區域一】高雄市鳳山區中崙一路;中崙路;中崙二路;中崙五路;中崙一路;中崙四路,2015/09/22 9:0至2015/09/22 18:0,2015/09/22 18:0以後,07-7424163,2015/9/18~2015/9/23,830高雄市鳳山區     
【停水區域一】嘉義縣布袋鎮江山里;東港里;考試潭;嘉義縣東石鄉西崙村;東崙村;栗子崙,2015/09/19 9:0至2015/09/19 17:0,2015/09/19 17:0以後,05-3412045,2015/9/18~2015/9/20,625嘉義縣布袋鎮     614嘉義縣東石鄉     
【停水區域一】台南市北區育德二路、海安路三段、育成路、北成路,2015/09/18 0:0至2015/09/23 23:59,2015/09/23 23:59以後,06-3036097-301,2015/9/18~2015/9/24,704台南市北區       
【停水區域一】嘉義縣竹崎鄉昇平村;嘉義縣番路鄉番路村;民和村;觸口村,2015/09/18 12:0至2015/09/18 23:0,2015/09/18 23:0以後,05-2611075,2015/9/18~2015/9/19,604嘉義縣竹崎鄉     602嘉義縣番路鄉     
【停水區域一】嘉義縣新港鄉中山路,2015/09/18 17:0至2015/09/18 21:0,2015/09/18 21:0以後,3742044,2015/9/18~2015/9/19,616嘉義縣新港鄉     
【停水區域一】雲林縣莿桐鄉埔子村(榮村地區),2015/09/18 8:0至2015/09/30 18:0,2015/09/30 18:0以後,05-5862163,2015/9/18~2015/10/1,647雲林縣莿桐鄉     
【區域1】宜蘭縣宜蘭市同興街1號至18號之間{全部};慶和街17號至37號之間{全部};同慶街57巷13號,2015/09/21 13:0至2015/09/22 17:0【每日下午13點至下午17點】,2015/09/22 17:0以後,03-9323255#50,2015/9/18~2015/9/23,260宜蘭縣宜蘭市     
【停水區域一】新北市泰山區明志路三段145巷34弄全部含周邊巷弄,2015/09/19 9:0至2015/09/19 15:0,2015/09/19 15:0以後,29097480,2015/9/18~2015/9/20,243新北市泰山區     
【停水區域一】台南市永康區永二街、永勝街、永和街、永大一路、永大二路、永春街、文化路、永興路、永華路、永吉路、及鄰近路段,2015/09/21 8:0至2015/10/02 18:0,2015/10/02 18:0以後,1910   06-2325714,2015/9/18~2015/10/3,710台南市永康區     
【停水區域一】屏東縣高樹鄉東興村;東振村;虎盤;百畝,2015/09/18 17:30至2015/09/18 19:30,2015/09/18 19:30以後,08-7962041,2015/9/18~2015/9/19,906屏東縣高樹鄉     
【區域1】台中市清水區港口路200巷、臨港路70巷,2015/09/19 14:0至2015/09/19 17:0 ,2015/09/19 17:0以後,0426222614,2015/9/18~2015/9/20,436台中市清水區     
【停水區域一】台南市關廟區深坑里南雄南路一段深坑一街深坑二街深坑三街全部及布袋里長文街長裕街長富街南雄南路(含巷弄),2015/09/18 19:0至2015/09/18 23:0,2015/09/18 23:0以後,062303756,2015/9/18~2015/9/19,718台南市關廟區     
【停水區域一】新竹市東區花園街;花園新城一街;花園新城二街;花園新城街.明湖路.明湖一街.明湖二街.明湖三街;新竹縣寶山鄉明湖一街;明湖二街;明湖三街;明湖五街;明湖路;雙林路;雙林路一段;寶山三街;寶新二街;寶新一街;寶新三街;寶新五街;寶新六街;寶新路;寶新路一段.;吉林路,2015/09/19 8:0至2015/09/19 12:0,2015/09/19 12:0以後,5712141,2015/9/18~2015/9/20,300新竹市東區       308新竹縣寶山鄉     
【停水區域一】台中市南區高工路;美村南路;南和路;工學路;工學一街;南和一街;南和二街等附近,2015/09/18 16:30至2015/09/19 2:0,2015/09/19 2:0以後,04-22442469.1910,2015/9/18~2015/9/20,402台中市南區       
【區域1】新北市五股區成泰路三段、四段 新五路一、二、三段 孝義路 西雲路 凌雲路一、二、三段 御史路 御成路 天乙路 洲后路 公園路 ; 芳洲路 芳洲一路 芳洲二路 芳洲三路 芳洲五路 芳洲六路 芳洲七路 芳洲八路 芳洲九路 芳洲十路   成洲一路 成洲二路 成洲五路 成洲六路 成洲八路 新城一路 新城三路 新城五路 新城六路 新城八路  含所有巷弄,2015/09/22 9:0至2015/09/23 11:0 ,2015/09/23 11:0以後,,2015/9/18~2015/9/24,248新北市五股區     
【停水區域一】台南市關廟區深坑里布袋里南雄路一段南雄南路深坑一街深坑二街深坑三街長文街長裕街長富街長榮街全部(含巷弄),2015/09/18 23:0至2015/09/19 3:0,2015/09/19 3:0以後,062303756,2015/9/18~2015/9/20,718台南市關廟區     
【停水區域一】南投縣埔里鎮牛眠里.大湳里,2015/09/19 9:0至2015/09/19 14:0,2015/09/19 14:0以後,0492915176,2015/9/19~2015/9/20,545南投縣埔里鎮     
【區域1】台南市新營區中正路,2015/09/19 8:45至2015/09/19 14:0 ,2015/09/19 14:0以後,,2015/9/19~2015/9/20,730台南市新營區     
【停水區域一】高雄市大社區嘉誠里柑宅巷,2015/09/19 8:50至2015/09/19 18:0,2015/09/19 18:0以後,(07)3513332,2015/9/19~2015/9/20,815高雄市大社區     
【停水區域一】台南市關廟區深坑里深坑一街深坑二街深坑三街及南雄路一段(含巷弄),2015/09/19 9:30至2015/09/19 18:0,2015/09/19 18:0以後,062303756,2015/9/19~2015/9/20,718台南市關廟區     
【停水區域一】南投縣草屯鎮御史里;中正路粉寮巷;東山路;東山路白宮巷;東山路湧泉巷;東山路自強巷;東山路吉富巷;東山路吉祥巷;東山路仁德巷;美村巷;御富路;僑光街;登輝路,2015/09/19 9:30至2015/09/19 12:0,2015/09/19 12:0以後,049-2563505,2015/9/19~2015/9/20,542南投縣草屯鎮     
【停水區域一】台中市東區精武路.十甲路.自由路四段.旱溪西路一段旱溪街.旱溪一.二.三.四.五.六街.太平中山路四段一帶,2015/09/19 9:0至2015/09/19 16:0,2015/09/19 16:0以後,1910,2015/9/19~2015/9/20,401台中市東區       
【停水區域一】高雄市美濃區民族路、廣興街、興隆路、民權路、圓山街、雙峰街及福美路等一帶皆受影響（下午六時以後，前述路段皆減壓供水）。,2015/09/14 10:30至2015/11/05 18:0,2015/11/05 18:0以後,0928741027,2015/9/19~2015/11/6,843高雄市美濃區     
【區域1】苗栗縣公館鄉石墻村.福基村,2015/09/19 9:29至2015/09/19 17:30 ,2015/09/19 17:30以後,,2015/9/19~2015/9/20,363苗栗縣公館鄉     
【停水區域一】台中市北屯區天津路雙側一帶,2015/09/19 9:0至2015/09/19 16:0,2015/09/19 16:0以後,1910,2015/9/19~2015/9/20,406台中市北屯區     
【區域1】桃園市平鎮區關爺南路.南東路393巷,2015/09/19 9:42至2015/09/19 16:0 ,2015/09/19 16:0以後,,2015/9/19~2015/9/20,324桃園市平鎮區     
【停水區域一】台中市南屯區中台路等附近一帶,2015/09/19 9:40至2015/09/19 14:0,2015/09/19 14:0以後,04-22442469....1910,2015/9/19~2015/9/20,408台中市南屯區     
【停水區域一】台中市西屯區工業35路全部,2015/09/19 9:30至2015/09/19 13:30,2015/09/19 13:30以後,1910,2015/9/19~2015/9/20,407台中市西屯區     
【區域1】台南市北區北安路一段,2015/09/19 9:49至2015/09/19 15:0 ,2015/09/19 15:0以後,,2015/9/19~2015/9/20,704台南市北區       
【區域1】新竹市東區花園街;花園新城一街;花園新城二街;花園新城街.明湖路.明湖一街.明湖二街.明湖三街;新竹縣寶山鄉明湖一街;明湖二街;明湖三街;明湖五街;明湖路;雙林路;雙林路一段;寶山三街;寶新二街;寶新一街;寶新三街;寶新五街;寶新六街;寶新路;寶新路一段.;吉林路,2015/09/19 8:0至2015/09/19 14:0 ,2015/09/19 14:0以後,5712141,2015/9/19~2015/9/20,300新竹市東區       308新竹縣寶山鄉     
【區域1】桃園市桃園區新南路一段.南華一街.鎮江街,2015/09/19 12:0至2015/09/19 17:0 ,2015/09/19 17:0以後,,2015/9/19~2015/9/20,330桃園市桃園區     
【區域1】屏東縣恆春鎮德和路,2015/09/19 11:5至2015/09/19 13:0 ,2015/09/19 13:0以後,,2015/9/19~2015/9/20,946屏東縣恆春鎮     
,,,04-8793211,2015/9/19~2015/9/20,
