停水範圍,停水期間,恢復供水時間,查詢電話,發佈期間,發佈區域
新竹縣竹東鎮員山里竹美路及下員山路全區,104年10月26日起,104年11月06日止(每日上午8時起至17時止，共9小時停水施作，晚上恢復供水)。,1910、新竹服務所 03-5712141,2015/10/19~2015/11/9,310新竹縣竹東鎮     
停水區域：新北市淡水區新春里、新民里、新義里、新興里、正德里、水碓里、北新里、崁頂里、油車里、沙崙里、埤島里。<BR>水壓降低地區：新北市淡水區義山里,104年10月26日21時,104年10月27日20時,02-26212267、26213170,2015/10/20~2015/10/28,251新北市淡水區     
一、辦理「關西104-01-02中小區計量管網工程」，停水範圍：關西鎮的東山里、東安里、南新里、玉山里、金山里、東光里、新富里、錦山里。,104年10月26日起,104年10月30日止(每日上午9時至下午5時，計8小時停水施工，晚上恢復供水),1910、竹北營運所：(03)5516814、(03)5552501,2015/10/20~2015/11/2,306新竹縣關西鎮     
礁溪鄉柴圍路,2015/10/28 08:00至2015/10/28 12:00,2015/10/28 12:00,03-9323-255*29,2015/10/28~2015/10/28,礁溪鄉柴圍路        
【停水區域一】南投縣國姓鄉長流村;長福村;長豐村;北港村;石門村;國姓村;柑林村;福龜村;乾溝村;北山村;南港村;大石村;大旗村,2015/08/05 9:0至2015/10/27 20:0,2015/10/27 20:0以後,049-2915176,2015/8/6~2015/10/28,544南投縣國姓鄉     
【停水區域一】高雄市岡山區華崗里;嘉興里一帶,2015/09/01 9:0至2015/10/28 18:0,2015/10/28 18:0以後,07-6222814,2015/8/24~2015/10/29,820高雄市岡山區     
【停水區域一】台南市楠西區照興里;興北;興南,2015/08/27 8:0至2015/10/26 18:0,2015/10/26 18:0以後,065742323,2015/8/26~2015/10/27,715台南市楠西區     
【停水區域一】彰化縣伸港鄉無;彰化縣和美鎮無;彰化縣彰化市無;彰化縣線西鄉無,2015/09/01 18:0至2015/12/31 23:59,2015/12/31 23:59以後,04-7353883,2015/9/2~2016/1/1,509彰化縣伸港鄉     508彰化縣和美鎮     500彰化縣彰化市     507彰化縣線西鄉     
【停水區域一】南投縣國姓鄉國姓村、石門村(少部分),2015/09/10 8:0至2015/11/30 18:0,2015/11/30 18:0以後,049-2915176,2015/9/9~2015/12/1,544南投縣國姓鄉     
【停水區域一】台南市官田區三結義{全部無水},2015/09/21 8:0至2015/10/31 18:0,2015/10/31 18:0以後,(06)5721166,2015/9/17~2015/11/1,720台南市官田區     
【停水區域一】南投縣南投市向上路全部;營北路全部;(含巷弄)例假日及雨天不施工,2015/09/07 8:30至2015/10/30 17:30,2015/10/30 17:30以後,049-2563505,2015/9/17~2015/10/31,540南投縣南投市     540南投縣南投市     
【區域1】台中市太平區太平路/太平六街/太平八街/中平九街/太平十街/永成北路/太平十二街/太平路286巷/及附近巷弄內。,2015/10/01 9:0至2015/12/31 18:30【每日上午9點至下午6點半(非整日停水，僅幹管改接及用戶施作需停水)】,2015/12/31 18:30以後,1910;04-22442469;04-24821831,2015/9/17~2016/1/1,411台中市太平區     
【停水區域一】高雄市美濃區民族路、廣興街、興隆路、民權路、圓山街、雙峰街、福美路及中山路等一帶皆受影響（下午六時以後，前述路段皆減壓供水）。,2015/09/14 10:30至2015/11/05 18:0,2015/11/05 18:0以後,0928741027,2015/9/21~2015/11/6,843高雄市美濃區     
【停水區域一】雲林縣虎尾鎮新興里;東仁里;平和里,2015/10/01 8:0至2015/10/31 18:0,2015/10/31 18:0以後,05-6322047,2015/9/25~2015/11/1,632雲林縣虎尾鎮     
【停水區域一】台中市大肚區王田里、福山里(含柏昇工業區),2015/10/01 8:0至2015/10/31 17:30,2015/10/31 17:30以後,26312127,2015/10/1~2015/11/1,432台中市大肚區     
【停水區域一】台中市豐原區向陽路直興街愛國街自強街自成街自立街惠陽街豐陽路中陽路同安街,2015/10/02 8:30至2015/10/31 18:30,2015/10/31 18:30以後,04-25722643,2015/10/1~2015/11/1,420台中市豐原區     
【停水區域一】台中市太平區東平路兩側(中興東路-東平橋)、中和街、成功東路、東村路、建興北路、中平路等一帶。(包含周遭巷道),2015/10/19 8:0至2015/12/31 17:30,2015/12/31 17:30以後,1910.22442469,2015/10/2~2016/1/1,411台中市太平區     
【停水區域一】嘉義縣番路鄉民和村;客庄;岩仔後;半天岩;埔尾;頂客庄,2015/10/06 8:0至2015/11/16 20:0,2015/11/16 20:0以後,05-2611075,2015/10/2~2015/11/17,602嘉義縣番路鄉     
【停水區域一】高雄市美濃區民族路、廣興街、興隆路、民權路、圓山街、雙峰街、福美路及中山路等一帶皆受影響（下午六時以後至隔天八點以前，前述路段皆減壓供水）。,2015/10/06 10:0至2015/11/05 23:59,2015/11/05 23:59以後,0933376319,2015/10/6~2015/11/6,843高雄市美濃區     
【停水區域一】台中市南區建成路;興大路;五權南路;國光路;仁義街;永東街;復新街;永和街;永和一街;復興園路;學府路;永南街,2015/10/12 8:30至2015/10/30 18:30,2015/10/30 18:30以後,1910;04-22442469,2015/10/12~2015/10/31,402台中市南區       
【停水區域一】嘉義縣水上鄉嘉義縣水上鄉民生村忠孝路2號至266號(雙號停水)。,2015/10/15 8:0至2015/10/29 18:0,2015/10/29 18:0以後,2252670*310,2015/10/12~2015/10/30,608嘉義縣水上鄉     
【停水區域一】高雄市旗山區全區,2015/11/05 9:0至2015/11/05 17:0,2015/11/05 17:0以後,1910,2015/10/13~2015/11/6,842高雄市旗山區     
,,,1910,2015/10/13~2015/11/5,
【停水區域一】南投縣竹山鎮民生巷、沉潭巷及其部分巷道,2015/10/13 14:0至2015/11/25 18:0,2015/11/25 18:0以後,0492642074,2015/10/13~2015/11/26,557南投縣竹山鎮     
【停水區域一】嘉義縣水上鄉大崙村-大崙村範圍內，168線以北。,2015/10/16 8:0至2015/10/29 18:0,2015/10/29 18:0以後,工務課監造單位現場人員-張家瑋0982650809  聯絡電話：05-2252670分機302   天佑營造有限公司-工地負責人-吳志宏0937894388,2015/10/13~2015/10/30,608嘉義縣水上鄉     
【停水區域一】台中市烏日區烏日里大同路、大同二街、大同三街、大同五街、大同六街、大同七街、大同八街、大同十街、民族街、民權街、民生街、永春東三路、光日路（建國路以北）。（以上分段施工）,2015/10/15 8:30至2015/12/31 18:0,2015/12/31 18:0以後,04-23381614,2015/10/14~2016/1/1,414台中市烏日區     
【停水區域一】高雄市三民區民族路以東（含高醫、博惠里、安康里、安寧里、安發里、安吉里、寶獅里、寶盛里、寶安里、寶中里、寶興里、寶泰里、寶德里、寶國里、寶慶里、寶民里、寶華里、寶業里、寶龍里、寶珠里、寶玉里、正興里、正順里、本武里、本元里、本安里、本上里、本揚里、本文里、本和里、本館里、灣復里、灣中里、灣華里、灣勝里、灣利里、灣成里、灣子里、灣愛里、灣復里、鼎中里、鼎西里、鼎金里、鼎力里、鼎強里、鼎盛里）;高雄市左營區全區;高雄市前鎮區瑞誠里、瑞文里、瑞北里、瑞昌里、瑞華里、瑞興里、瑞岡里、瑞西里;高雄市鳥松區大華里、夢裡里、鳥松里、?埔里的鳥松國中一帶、長庚醫院、圓山飯店、正修科技大學、文山綜合高中、本處觀光區、宿舍一、二、三村;高雄市鼓山區全區;高雄市鳳山區忠孝里、忠義里、中和里、文德里、武慶里、武漢里、新強里高速公路以西、新武里,2015/11/01 6:30至2015/11/01 19:30,2015/11/01 19:30以後,1910,2015/10/14~2015/11/2,807高雄市三民區     813高雄市左營區     806高雄市前鎮區     833高雄市鳥松區     804高雄市鼓山區     830高雄市鳳山區     
【停水區域一】屏東縣屏東市博愛路(勝利路~信義路)、青島街、康定街、公園西路、昆明街、成功路、忠孝路,2015/10/19 8:0至2015/10/31 18:0,2015/10/31 18:0以後,08-7226170《7220040,2015/10/15~2015/11/1,900屏東縣屏東市     
【停水區域一】台南市北區育德二路;文成三路,2015/10/17 8:0至2015/10/27 18:0,2015/10/27 18:0以後,06-3036097-301-0931955660,2015/10/15~2015/10/28,704台南市北區       
【停水區域一】台南市北區文成三路;育德二路,2015/10/17 8:0至2015/10/27 18:0,2015/10/27 18:0以後,06-3036097-301-0931955660,2015/10/15~2015/10/28,704台南市北區       
【停水區域一】台中市北區雙十路2段以東.育樂街以南.進化路以西.興進路以北(金華、錦祥里),2015/10/26 8:30至2015/10/26 16:0,2015/10/26 16:0以後,22210169,2015/10/16~2015/10/27,404台中市北區       
【停水區域一】台中市南屯區新富二街以東.龍富十一街以南.益豐路三段以西.龍富十路以北(新生里、永定里、鎮平里),2015/10/27 8:30至2015/10/27 16:0,2015/10/27 16:0以後,22210169,2015/10/16~2015/10/28,408台中市南屯區     
【停水區域一】雲林縣莿桐鄉雲56線(四合村)、四合村(后埔)、四合村、麻園村、麻園村(園仔)、饒平村,2015/10/16 8:0至2015/10/30 18:0,2015/10/30 18:0以後,05-5862163,2015/10/16~2015/10/31,647雲林縣莿桐鄉     
【停水區域一】台中市霧峰區中正路228巷全部及中正路144號至中正路236號,2015/10/02 8:50至2015/10/30 18:0,2015/10/30 18:0以後,23393138,2015/10/16~2015/10/31,413台中市霧峰區     
【停水區域一】新北市樹林區日新街樹新德街口至日新街育英街口全段及其巷弄、樹德街全部、中山路1段108巷全部、育英街58~78號(雙號側),2015/10/17 9:0至2015/10/31 18:0,2015/10/31 18:0以後,02-26812254,2015/10/16~2015/11/1,238新北市樹林區     
【停水區域一】台南市後壁區烏樹里烏樹林部落,2015/10/20 8:0至2015/10/26 18:0,2015/10/26 18:0以後,06-6852135,2015/10/16~2015/10/27,731台南市後壁區     
【停水區域一】嘉義縣水上鄉嘉義縣水上鄉民生村仁愛街1號至34號等巷弄。,2015/10/19 8:0至2015/10/30 18:0,2015/10/30 18:0以後,2252670*310,2015/10/17~2015/10/31,608嘉義縣水上鄉     
【停水區域一】台中市豐原區成功路. ;大明路. ;合作街. ;三和路. ;中興路. ;西勢路. ;協力街. ;安和路. ;社興路. ;社興一街~社興五街. ;一心路. ;西勢一街~西勢六街. ;豐原大道一段. ;中正路.,2015/10/20 8:30至2015/11/02 17:30,2015/11/02 17:30以後,豐原服務所25269895豐原給水廠25722643,2015/10/19~2015/11/3,420台中市豐原區     
【停水區域一】嘉義縣中埔鄉和興村305巷、283巷全部,2015/10/19 8:0至2015/11/03 18:0,2015/11/03 18:0以後,承辦人洪國彬電話0978060558，承商負責人蔡秉幸電話：0953-266366    05-2765505,2015/10/19~2015/11/4,606嘉義縣中埔鄉     
【停水區域一】南投縣草屯鎮中山里;中正里;玉峰里;和平里;明正里;石川里;炎峰里;御史里;敦和里;新庄里;復興里;北投里;新厝里;(大成街;中山街;中山街幸福巷;中正路;中正路大觀巷;中正路正芬巷;中興路;仁愛街;仁愛街育德巷;太平路一段;太平路二段;文化街;玉峰街;成功路一段;成功路一段冠華巷;自由街;育才巷;育英街;和平街;和興一街;和興二街;和興三街;和興街;忠孝街;信義街;明正巷;明賢街;明賢街一段;東美街;炎峰街;炎峰街青年巷;炎峰街館前巷;芬草路;芬草路一段;芬草路育新巷;青雲街;信義街;建國街;勝和街;博愛路;敦化街;敦和南路;敦和路;敦和路大明巷;敦和路仁和巷;敦和路民族巷;敦和路自立巷;敦和路敦成巷;敦和路新和巷;敦和路廟前巷;儒林街;平等街;復興路;立人路;碧山路;碧峰路;碧興路;草溪路;虎山路;建興一街;建興二街;建興四街;建興五街等處(均含巷弄)草屯地區部份水壓降低,2015/10/19 8:30至2015/12/01 17:30,2015/12/01 17:30以後,049-2563505,2015/10/19~2015/12/2,542南投縣草屯鎮     
【停水區域一】新北市土城區中央路1段80號至252號;中華路1段43號至151號;中央路1段118巷(含單雙號及巷弄);中央路1段156巷(含單雙號及巷弄);中央路1段184巷(含單雙號及巷弄);中央路1段188巷(含單雙號及巷弄);日新街1號至9巷(含單雙號及巷弄),2015/10/16 9:0至2015/10/26 17:0,2015/10/26 17:0以後,02-22655172,2015/10/19~2015/10/27,236新北市土城區     236新北市土城區     
【停水區域一】新竹縣竹東鎮下員山路;下員山;竹美路一段;竹美路二段,2015/10/26 0:0至2015/11/06 17:0,2015/11/06 17:0以後,03-5712141,2015/10/19~2015/11/7,310新竹縣竹東鎮     
【停水區域一】桃園市桃園區福林里、南門里、豐林里、;福安里、大豐里、建國里、雲林里、大林里、東山里。(含:聖保祿醫院、住都飯店)龜山工業區：縱貫鐵路以西(桃園後站方向)。桃園區其餘地區水壓降低。;桃園市龜山區山德村。;龜山工業區：縱貫鐵路以西(桃園後站方向)。,2015/10/31 7:0至2015/11/01 8:0,2015/11/01 8:0以後,免付費服務電話：1910   桃園服務所:03-3346128~9,2015/10/19~2015/11/2,330桃園市桃園區     333桃園市龜山區     
【停水區域一】台中市豐原區鐮村路605巷、465巷、271巷、690巷、683巷、金豐社區（含巷弄）,2015/10/19 8:0至2015/11/11 18:0,2015/11/11 18:0以後,自來水公司用戶服務中心：1910;豐原服務所：(04)2526-2721，2526-9895;豐原給水廠：(04)2572-2643,2015/10/19~2015/11/12,420台中市豐原區     
【停水區域一】彰化縣永靖鄉彰化縣永靖鄉瑚璉路、中山路一段、中山路一段779巷、永久路、八德巷;四維巷、永坡路、西門路、育才路、王厝路、仁一路、西南巷、文建街、水尾路、水尾路50巷72巷100巷148巷160巷186巷202巷230巷280巷291巷等;彰化縣埔心鄉奉天路,2015/10/19 8:0至2015/11/02 18:0,2015/11/02 18:0以後,承包商-沅盛工程有限公司陳耀煌0933561826、監工人員-楊凱鈞047245031*301,2015/10/19~2015/11/3,512彰化縣永靖鄉     513彰化縣埔心鄉     
【停水區域一】彰化縣埔鹽鄉角樹村;彰化縣溪湖鎮西寮里,2015/10/20 9:0至2015/10/31 18:0,2015/10/31 18:0以後,04-8851778,2015/10/19~2015/11/1,516彰化縣埔鹽鄉     514彰化縣溪湖鎮     
【停水區域一】新北市泰山區明志路3段145巷1號至59號、明志路3段145巷2、5、6、8、11、34、36、53弄全號(每日上午9時至下午5時停水),2015/10/20 9:0至2015/10/27 17:0,2015/10/27 17:0以後,02-29968961,2015/10/20~2015/10/28,243新北市泰山區     
【停水區域一】高雄市大寮區清潔隊、凱旋醫院大寮院區、忠義里、光武里、中興里、山頂里、永芳里、會社里、三隆里、上寮里、琉球里、翁園里、前庄里、中庄里、後庄里、溪寮里、江山里、義和里;高雄市鳳山區誠信里、誠智里、誠正里,2015/10/30 9:0至2015/10/30 16:0,2015/10/30 16:0以後,1910,2015/10/20~2015/10/31,831高雄市大寮區     830高雄市鳳山區     
【區域1】新北市新莊區中正路721巷,2015/10/22 8:0至2015/10/26 18:0【每日上午8點至下午6點】,2015/10/26 18:0以後,1910,2015/10/20~2015/10/27,242新北市新莊區     
【停水區域一】高雄市大寮區高雄監獄、女子監獄、大寮地政事務所、高英工商職校、三隆路以南、三隆里、會社里、大寮里、內坑里、拷潭里、過溪里、潮寮里、會結里、新厝里、昭明里、義仁里;高雄市林園區林內里、中厝里、潭頭里、王公里、林家里、廣應里、龔厝里、金潭國小、清水巖寺高地區;高雄市鳳山區台88快速路北側、過埤里、誠義里、生明里、陸軍官校、步校、中正預校、中崙社區、五甲國宅社區,2015/11/06 9:0至2015/11/06 16:0,2015/11/06 16:0以後,1910,2015/10/21~2015/11/7,831高雄市大寮區     832高雄市林園區     830高雄市鳳山區     
【停水區域一】南投縣國姓鄉北港村,2015/11/09 9:0至2015/11/20 20:0,2015/11/20 20:0以後,049-2915176,2015/10/21~2015/11/21,544南投縣國姓鄉     
【停水區域一】南投縣南投市軍功里;軍功路(含巷弄);下雨天不施工順延,2015/10/26 8:30至2015/11/20 18:0,2015/11/20 18:0以後,049-2563505,2015/10/22~2015/11/21,540南投縣南投市     
【停水區域一】新竹縣新埔鎮內立里;文山里;寶石里;新竹縣關西鎮東山里;東安里;玉山里;金山里;東光里;新富里;錦山里,2015/10/26 9:0至2015/10/30 17:0,2015/10/30 17:0以後,0921339321,2015/10/22~2015/10/31,305新竹縣新埔鎮     306新竹縣關西鎮     
【區域1】新北市土城區中央路1段80號至252號;中華路1段43號至151號;中央路1段118巷(含單雙號及巷弄);中央路1段156巷(含單雙號及巷弄);中央路1段184巷(含單雙號及巷弄);中央路1段188巷(含單雙號及巷弄);日新街1號至9巷(含單雙號及巷弄),2015/10/16 9:0至2015/10/26 17:0【上午9點至下午5點】,2015/10/26 17:0以後,02-22655172,2015/10/22~2015/10/27,236新北市土城區     
【區域2】新北市土城區中華路1段94號至178號、日新街19巷至66號單雙號以上含巷弄,2015/10/16 9:0至2015/10/26 17:0【上午9點至下午5點】,2015/10/26 17:0以後,02-22655172,2015/10/22~2015/10/27,236新北市土城區     
,,,04-7772127、04-7772609,2015/10/23~2015/11/8,
【停水區域一】花蓮縣吉安鄉南海一街;南海二街;南海八街;南海七街;南海四街;南海六街;南海五街;南海三街;海岸路,2015/10/26 8:0至2015/10/26 17:0,2015/10/26 17:0以後,03-8351141,2015/10/23~2015/10/27,973花蓮縣吉安鄉     
【停水區域一】新北市淡水區新春里、新民里、新義里、新興里、正德里、水碓里、北新里、崁頂里、油車里、沙崙里、埤島里,2015/10/26 21:0至2015/10/27 20:0,2015/10/27 20:0以後,1910,2015/10/23~2015/10/28,251新北市淡水區     
【停水區域一】台南市安南區仁安八街40~100號(含巷弄)、海佃路三段2~84巷(含巷弄)、海佃路三段1~61(含巷弄)、安中路二段322~336號(含巷弄)、安中路三段6號、海佃路二段735~739號、安中路三段1~381號單號側(含巷弄)、樂安一街雙側(含巷弄)、樂安二街雙側(含巷弄)、海中街182~785號雙側(含巷弄),2015/10/26至2015/10/27每日8:00~18:00,每日18:00恢復供水,06-2138101-307吳斌鳴,2015/10/23~2015/10/28,709台南市安南區     
【停水區域一】台南市安南區海佃路三段以西、安中路三段以北、仁安路以南等(含巷弄全部),2015/10/26至2015/10/30每日8:00~18:00,每日18:00恢復供水,06-2138101-307吳斌鳴,2015/10/23~2015/10/31,709台南市安南區     
【停水區域一】彰化縣員林市中正路240巷等沿線巷弄等附近範圍。,2015/10/26 8:0至2015/11/06 18:0,2015/11/06 18:0以後,1910   員林營運所04-8320083   04-8321341,2015/10/23~2015/11/7,510彰化縣員林市     
【停水區域一】花蓮縣光復鄉中山路一段;中興路;糖廠街;復興街;大進街;大全村;大進村,2015/10/26 9:30至2015/10/26 17:30,2015/10/26 17:30以後,038351141,2015/10/23~2015/10/27,976花蓮縣光復鄉     
,,,5972682,2015/10/23~2015/10/29,
【停水區域一】桃園市龜山區嶺頂里、新嶺里、兔坑里、精忠里、龜山里、舊路里、楓樹里、樂善里、長庚里、公西里、大崗里、大湖里、大華里、文化里。;新北市林口區全區。臨時供水站:(1)林口區佳林路40號前(林口服務所)(2)林口區仁愛路一段378號前(林口區公所前)(3)林口區竹林路(林口國小大門口)(4)林口區公園路(麗林國小大門口)(5)林口區南勢路與南勢四街口(7-11)(6)林口區自強三路與自強四路口(贊天宮)(7)林口區麗園一街(麗園郵局)(8)林口區粉寮醒吾新村13號旁空地,2015/11/19 8:0至2015/11/20 7:0,2015/11/20 7:0以後,免付費服務電話：1910    林口服務所:02-26031880   龜山服務所:03-3294999,2015/10/23~2015/11/21,333桃園市龜山區     244新北市林口區     
【停水區域一】嘉義縣中埔鄉義仁村;金蘭村;富收村;裕民村;十字路,2015/10/26 8:0至2015/10/30 18:0,2015/10/30 18:0以後,05-2611075,2015/10/23~2015/10/31,606嘉義縣中埔鄉     
【區域1】台東縣台東市知本地區東起知本路三段132巷及141巷西至知本路三段與康定街交叉口，北起康定街南至昆明街,2015/10/26 8:0至2015/10/26 18:0【每日上午8點至下午6點】,2015/10/26 18:0以後,承包商電話:0938-275877(劉文貴)    監造人員電話:0926-272858(蔡志揚),2015/10/23~2015/10/27,950台東縣台東市     
【停水區域一】高雄市大寮區拷潭里,2015/10/27 8:0至2015/10/27 18:0,2015/10/27 18:0以後,07-7424163,2015/10/23~2015/10/28,831高雄市大寮區     
【停水區域一】高雄市小港區德仁路.明聖街.桂陽路一帶,2015/10/26 14:0至2015/10/26 17:0,2015/10/26 17:0以後,07-3312292-237,2015/10/23~2015/10/27,812高雄市小港區     
【停水區域一】高雄市苓雅區文昌里 義勇路(含巷弄)、尚武路(含巷弄)、文昌路(含巷弄)。,2015/10/27 8:0至2015/10/28 18:0,2015/10/28 18:0以後,洽詢電話：免付費電話1910、高雄服務所：07-3312292。,2015/10/24~2015/10/29,802高雄市苓雅區     
【停水區域一】高雄市苓雅區正心里、正大里、正文里及正言里  1.中正一路230號~290號(雙號側)。2.正言路1~20號(單號側)。,2015/10/26 8:0至2015/10/26 18:0,2015/10/26 18:0以後,洽詢電話：免付費電話1910、高雄服務所：07-3312292。,2015/10/24~2015/10/27,802高雄市苓雅區     
【區域1】高雄市鳳山區中山東路以南、仁愛路以東、誠德街以西、鳳林路以北,2015/10/26 9:0至2015/10/28 18:0【:每日上午9點至下午6點】,2015/10/28 18:0以後,07-7883714,2015/10/25~2015/10/29,830高雄市鳳山區     
【區域2】高雄市大寮區大寮區大漢路(埤北路~鳳屏一路),2015/10/27 9:0至2015/10/29 18:0【每日上午9點至下午6點】,2015/10/29 18:0以後,07-7883714,2015/10/25~2015/10/30,831高雄市大寮區     
【停水區域一】南投縣名間鄉崁腳村;新民村;新光村;新厝村;埔中村,2015/10/26 2:34至2015/10/26 10:30,2015/10/26 10:30以後,0492222635,2015/10/26~2015/10/27,551南投縣名間鄉     
【停水區域一】屏東縣高樹鄉新南村;自強新村;日新新村;新豐路,2015/10/26 9:10至2015/10/26 11:0,2015/10/26 11:0以後,087963973,2015/10/26~2015/10/27,906屏東縣高樹鄉     
【停水區域一】嘉義縣竹崎鄉龍山村,2015/10/26 8:30至2015/10/26 11:0,2015/10/26 11:0以後,05-2611075,2015/10/26~2015/10/27,604嘉義縣竹崎鄉     
【停水區域一】嘉義縣竹崎鄉竹崎村,2015/10/26 10:0至2015/10/26 15:0,2015/10/26 15:0以後,05-2611075,2015/10/26~2015/10/27,604嘉義縣竹崎鄉     
【停水區域一】高雄市旗山區中寮里,2015/10/26 8:30至2015/10/26 17:30,2015/10/26 17:30以後,076613807,2015/10/26~2015/10/27,842高雄市旗山區     
【停水區域一】嘉義市西區磚嗂里玉山路186巷、180號、永福一街7號、永福三街3至15號、大統路152至230號及大華路81號等所有住戶,2015/10/28 8:0至2015/11/07 18:0,2015/11/07 18:0以後,05-2252670轉252,2015/10/26~2015/11/8,600嘉義市西區       
【停水區域一】台南市六甲區龜港里,2015/10/26 9:0至2015/10/26 14:0,2015/10/26 14:0以後,5721166,2015/10/26~2015/10/27,734台南市六甲區     
【停水區域一】台南市六甲區龜港里,2015/10/26 9:0至2015/10/26 14:0,2015/10/26 14:0以後,5721166,2015/10/26~2015/10/27,734台南市六甲區     
【停水區域一】嘉義縣民雄鄉秀林村;嘉義縣竹崎鄉和平村;獅埜村;義仁村;鹿滿村,2015/10/26 12:0至2015/10/26 19:0,2015/10/26 19:0以後,05-2611075,2015/10/26~2015/10/27,621嘉義縣民雄鄉     604嘉義縣竹崎鄉     
【停水區域一】台南市永康區復興路1巷全部等,2015/10/26 8:30至2015/10/26 10:30,2015/10/26 10:30以後,06-2325714  06-2022621,2015/10/26~2015/10/27,710台南市永康區     
【停水區域一】高雄市林園區下厝路、中門路、海墘路、頂厝路、港埔二路、沿海路四段、大立街、大安街、南星路、前厝路、龔厝路、校前路、後厝路等附近地區,2015/10/26 9:0至2015/10/26 21:0,2015/10/26 21:0以後,7883714,2015/10/26~2015/10/27,832高雄市林園區     
【停水區域一】高雄市大社區嘉誠里水哮巷一帶,2015/10/26 8:25至2015/10/26 18:0,2015/10/26 18:0以後,(07)3513332,2015/10/26~2015/10/27,815高雄市大社區     
【停水區域一】高雄市林園區鳳芸路、鳳芸二路、西溪路、中芸國中、力行路、漁港路、石化三路、中正路、中芸海堤、中港路、沿海路、北汕路、石化四路、西汕路、中芸里、鳳芸里、港嘴路、港埔路等附近地區,2015/10/26 9:0至2015/10/26 21:0,2015/10/26 21:0以後,7883714,2015/10/26~2015/10/27,832高雄市林園區     
【停水區域一】南投縣南投市自強路(南崗夜市)、成功三路,2015/10/26 8:30至2015/10/26 11:30,2015/10/26 11:30以後,2222635,2015/10/26~2015/10/27,540南投縣南投市     
【停水區域一】雲林縣虎尾鎮新興里;平和里;東仁里,2015/11/01 8:0至2015/11/30 18:0,2015/11/30 18:0以後,05-6322047,2015/10/26~2015/12/1,632雲林縣虎尾鎮     
【停水區域一】台中市大肚區大肚區王田里沙田路320巷全部含弄,2015/10/26 8:30至2015/10/26 12:30,2015/10/26 12:30以後,26312127,2015/10/26~2015/10/27,432台中市大肚區     
【停水區域一】桃園市新屋區九斗里;長祥路;和平路,2015/10/26 8:30至2015/10/26 12:0,2015/10/26 12:0以後,4789261,2015/10/26~2015/10/27,327桃園市新屋區     
【停水區域一】桃園市新屋區九斗里;長祥路;和平路,2015/10/26 8:30至2015/10/26 12:0,2015/10/26 12:0以後,4789261,2015/10/26~2015/10/27,327桃園市新屋區     
【停水區域一】新北市土城區明德路一段302號~明德路一段264號(含此範圍內單號側所有巷弄內),2015/10/26 9:0至2015/10/26 18:0,2015/10/26 18:0以後,02-29968961-311,2015/10/26~2015/10/27,236新北市土城區     
【停水區域一】台南市官田區社子里,2015/10/26 8:30至2015/11/06 17:30,2015/11/06 17:30以後,(06)5721166,2015/10/26~2015/11/7,720台南市官田區     
【停水區域一】彰化縣彰化市永安街206號到329號及141號到195號、永安街184巷、三民路237巷,2015/10/26 9:0至2015/10/30 18:0,2015/10/30 18:0以後,047353883,2015/10/26~2015/10/31,500彰化縣彰化市     
【停水區域一】彰化縣彰化市永安街206號到329號及141號到195號、永安街184巷、三民路237巷,2015/10/26 9:0至2015/10/30 18:0,2015/10/30 18:0以後,047353883,2015/10/26~2015/10/31,500彰化縣彰化市     
【停水區域一】雲林縣麥寮鄉興華村;崙後村;;;,2015/10/26 9:10至2015/10/26 12:10,2015/10/26 12:10以後,05-6982250,2015/10/26~2015/10/27,638雲林縣麥寮鄉     
【停水區域一】南投縣埔里鎮枇杷里,2015/10/26 8:30至2015/10/26 13:0,2015/10/26 13:0以後,0492915176,2015/10/26~2015/10/27,545南投縣埔里鎮     
【停水區域一】台南市北區文成三路(含巷弄),2015/10/26 9:0至2015/10/26 17:0,2015/10/26 17:0以後,06-3036097,2015/10/26~2015/10/27,704台南市北區       
【停水區域一】桃園市中壢區龍岡路一段273巷(全),2015/10/26 10:30至2015/10/26 12:30,2015/10/26 12:30以後,03-4251506,2015/10/26~2015/10/27,320桃園市中壢區     
【停水區域一】高雄市內門區東埔里東埔7鄰,2015/10/26 9:10至2015/10/26 17:0,2015/10/26 17:0以後,07-6613808,2015/10/26~2015/10/27,845高雄市內門區     
【停水區域一】花蓮縣吉安鄉文化一街;文化二街;文化四街;文化三街;文化五街;文化六街;文化七街;昌隆一街;昌隆七街;昌隆九街;昌隆二街;昌隆八街;昌隆三街;昌隆五街;昌隆六街;昌隆四街;文化八街;文化十一街;文化十街;文化十三街;文化十二街;文化九街南昌路,2015/10/26 9:15至2015/10/26 11:15,2015/10/26 11:15以後,8325304,2015/10/26~2015/10/27,973花蓮縣吉安鄉     
【停水區域一】雲林縣虎尾鎮新吉里,2015/10/26 13:0至2015/10/26 17:0,2015/10/26 17:0以後,05-6322047,2015/10/26~2015/10/27,632雲林縣虎尾鎮     
【停水區域一】桃園市觀音區新興里,2015/10/26 9:30至2015/10/26 15:30,2015/10/26 15:30以後,03-3862156,2015/10/26~2015/10/27,328桃園市觀音區     
【停水區域一】新竹市北區境福街、鐵道路、中正路,2015/10/26 10:0至2015/10/26 14:0,2015/10/26 14:0以後,03-5712141,2015/10/26~2015/10/27,300新竹市北區       
【停水區域一】新北市新莊區富國路100號至164號+四維路12號至210號+龍安路255號至293號+龍安路212號至248號+萬安街全部含巷弄。,2015/10/26 10:0至2015/10/26 18:0,2015/10/26 18:0以後,02-29966681~3,2015/10/26~2015/10/27,242新北市新莊區     
【停水區域一】新竹市東區金山七街;金山一街~二十八街;金山街;金山北一街~三街;新科街;光復路一段;金山東街;金山東一街~三街;金山南街;柯湖路一段;介壽路;,2015/10/26 9:45至2015/10/26 13:30,2015/10/26 13:30以後,1910、新竹服務所 03-5714321、區管理處03-5712141～3,2015/10/26~2015/10/27,300新竹市東區       
【區域1】台中市石岡區九房里;土牛里;石岡里;金星里;土牛里;梅子里;萬安里;萬興里;德興里;龍興里;台中市東勢區茂興里;泰昌里;泰興里,2015/10/26 13:30至2015/10/27 8:0 ,2015/10/27 8:0以後,,2015/10/26~2015/10/28,422台中市石岡區     423台中市東勢區     
【區域1】台中市石岡區九房里;土牛里;石岡里;金星里;土牛里;梅子里;萬安里;萬興里;德興里;龍興里;台中市東勢區茂興里;泰昌里;泰興里,2015/10/26 13:30至2015/10/27 8:0 ,2015/10/27 8:0以後,,2015/10/26~2015/10/28,422台中市石岡區     423台中市東勢區     
【區域1】台中市東勢區埤頭里,2015/10/26 13:30至2015/10/27 8:0 ,2015/10/27 8:0以後,,2015/10/26~2015/10/28,423台中市東勢區     
【區域1】台中市東勢區埤頭里,2015/10/26 13:30至2015/10/27 8:0 ,2015/10/27 8:0以後,,2015/10/26~2015/10/28,423台中市東勢區     
【區域1】台中市東勢區埤頭里,2015/10/26 13:30至2015/10/27 8:0 ,2015/10/27 8:0以後,,2015/10/26~2015/10/28,423台中市東勢區     
【停水區域一】嘉義市東區維新路160巷、190巷全部，新生路473至807號單號，博東路全部,2015/10/26 9:25至2015/10/26 11:25,2015/10/26 11:25以後,05-2779117,2015/10/26~2015/10/27,600嘉義市東區       
【停水區域一】南投縣南投市三興里;文化南路，文化南路125巷,2015/10/26 8:0至2015/10/27 18:0,2015/10/27 18:0以後,049-2222635,2015/10/26~2015/10/28,540南投縣南投市     
【區域1】桃園市蘆竹區內厝里、瓦窯里,2015/10/26 10:0至2015/10/26 13:30 ,2015/10/26 13:30以後,033346127,2015/10/26~2015/10/27,338桃園市蘆竹區     
【停水區域一】高雄市永安區保安路130巷{全部},2015/10/26 10:0至2015/10/26 12:0,2015/10/26 12:0以後,076934819,2015/10/26~2015/10/27,828高雄市永安區     
【停水區域一】彰化縣北斗鎮中寮里,2015/10/26 10:10至2015/10/26 14:0,2015/10/26 14:0以後,04-8882073,2015/10/26~2015/10/27,521彰化縣北斗鎮     
【停水區域一】雲林縣水林鄉大山村;尖山村;順興村;大溝村等區域,2015/10/26 10:30至2015/10/26 12:0,2015/10/26 12:0以後,05-7832040,2015/10/26~2015/10/27,652雲林縣水林鄉     
【停水區域一】台南市安南區安富街、安寧街、海佃路一段、郡安路五段、府安路五段,2015/10/26 10:0至2015/10/26 17:0,2015/10/26 17:0以後,06-3036097,2015/10/26~2015/10/27,709台南市安南區     
【停水區域一】台南市安南區安富街、安寧街、海佃路一段、郡安路五段、府安路五段,2015/10/26 10:0至2015/10/26 17:0,2015/10/26 17:0以後,06-3036097,2015/10/26~2015/10/27,709台南市安南區     
【停水區域一】台南市鹽水區月津路及巷弄/治水路/中正路,2015/10/26 10:30至2015/10/26 16:0,2015/10/26 16:0以後,066322240,2015/10/26~2015/10/27,737台南市鹽水區     
【停水區域一】花蓮縣富里鄉富里村永安街;中山路;永豐村,2015/10/26 13:0至2015/10/26 16:0,2015/10/26 16:0以後,(03)8882403,2015/10/26~2015/10/27,983花蓮縣富里鄉     
【停水區域一】南投縣南投市光明里;大埤街;光明路;光明南路;光明四路;光明五路;光明三路;光明二路;光明一路,2015/10/26 10:30至2015/10/26 13:30,2015/10/26 13:30以後,049-2563505,2015/10/26~2015/10/27,540南投縣南投市     
【停水區域一】基隆市中正區武昌街;中正路含各巷、弄等一帶。,2015/10/26 10:30至2015/10/26 14:0,2015/10/26 14:0以後,24252103-59,2015/10/26~2015/10/27,202基隆市中正區     
【停水區域一】台中市豐原區三豐路;文賢街;豐北街,2015/10/26 11:0至2015/10/26 17:0,2015/10/26 17:0以後,04-25722643豐原給水廠,2015/10/26~2015/10/27,420台中市豐原區     
,,,0492915176,2015/10/26~2015/10/27,
【停水區域一】台南市左鎮區澄山里;光和里,2015/10/26 11:0至2015/10/26 12:30,2015/10/26 12:30以後,06-5973437,2015/10/26~2015/10/27,713台南市左鎮區     
【停水區域一】高雄市田寮區西德里新路全部,2015/10/26 11:0至2015/10/26 15:0,2015/10/26 15:0以後,(07)6934819,2015/10/26~2015/10/27,823高雄市田寮區     
【停水區域一】嘉義市東區鹿寮里學府路及紅毛埤全部,2015/10/26 11:30至2015/10/26 15:30,2015/10/26 15:30以後,05-2779117,2015/10/26~2015/10/27,600嘉義市東區       
【停水區域一】台南市鹽水區台十九甲公路兩側，大庄，天保厝，歡雅，就贏、歡雅、尾寮、倒笳苳、挖仔、洪厝寮、番仔厝、後寮等、番仔寮等,2015/10/26 11:30至2015/10/26 17:0,2015/10/26 17:0以後,06-6322191,2015/10/26~2015/10/27,737台南市鹽水區     
【停水區域一】南投縣埔里鎮水頭里、珠格里、溪南里、枇杷里,2015/10/26 11:0至2015/10/26 18:0,2015/10/26 18:0以後,049-2915176,2015/10/26~2015/10/27,545南投縣埔里鎮     
【停水區域一】南投縣名間鄉新光村、崁腳村、新厝路、名松路一段,2015/10/26 9:25至2015/10/26 15:25,2015/10/26 15:25以後,2222635,2015/10/26~2015/10/27,551南投縣名間鄉     
【停水區域一】高雄市新興區中正三路71巷內(一間廟的前方)附近一帶,2015/10/26 11:30至2015/10/26 14:30,2015/10/26 14:30以後,07-7321319,2015/10/26~2015/10/27,800高雄市新興區     
【停水區域一】台中市北屯區興安路一段;文心路四段;天津路四段;北屯路;文昌東八街;文昌東九街;文昌東十街;文昌東十一街;文昌東十二街;青島路四段;柳陽東街;昌平路一段;崇興路一段 等附近,2015/10/26 11:44至2015/10/26 13:45,2015/10/26 13:45以後,22442469-1910,2015/10/26~2015/10/27,406台中市北屯區     
【停水區域一】高雄市左營區實踐路四海一家附近一帶,2015/10/26 11:40至2015/10/26 13:40,2015/10/26 13:40以後,07-7321319,2015/10/26~2015/10/27,813高雄市左營區     
【停水區域一】南投縣南投市彰南路三段2巷、68巷,2015/10/26 11:40至2015/10/26 15:40,2015/10/26 15:40以後,2222635,2015/10/26~2015/10/27,540南投縣南投市     
【停水區域一】台南市北區文賢二街,2015/10/26 11:30至2015/10/26 18:0,2015/10/26 18:0以後,06-3036097,2015/10/26~2015/10/27,704台南市北區       
【停水區域一】台中市太平區永富街全部;長億六街全部 等附近,2015/10/26 11:50至2015/10/26 14:0,2015/10/26 14:0以後,22442469.1910,2015/10/26~2015/10/27,411台中市太平區     
【停水區域一】苗栗縣頭份鎮蘆竹里,2015/10/26 12:0至2015/10/26 15:0,2015/10/26 15:0以後,623500,2015/10/26~2015/10/27,351苗栗縣頭份鎮     
【停水區域一】雲林縣斗六市斗六市南聖路與福樂街口管破搶修,2015/10/26 12:25至2015/10/26 16:0,2015/10/26 16:0以後,055322844,2015/10/26~2015/10/27,640雲林縣斗六市     
【停水區域一】台中市西屯區福星路;西安街;文華路;烈美街;漢翔路;福星北一街;福星北二街;福星北三街;華夏巷西一弄;華夏巷西二弄;華夏巷西三弄;華夏巷西五弄;華夏巷西六弄;華夏巷東一弄;華夏巷東二弄;華夏巷西四弄;華夏巷東三弄;華夏巷東五弄;華夏巷東六弄;華夏巷東四弄;逢甲路;西屯路二段;華夏巷 等附近,2015/10/26 12:25至2015/10/26 17:30,2015/10/26 17:30以後,22442469-1910,2015/10/26~2015/10/27,407台中市西屯區     
【區域1】新竹縣湖口鄉達生六街、中正二街(王爺壟重劃區),2015/10/26 13:30至2015/10/26 16:0 ,2015/10/26 16:0以後,湖口營運所：03-5981603、03-5983082  客服專線：1910,2015/10/26~2015/10/27,303新竹縣湖口鄉     
【停水區域一】台南市北區育德二路;文成一路;文成二街;文成三路;文成路,2015/10/27 8:0至2015/11/06 18:0,2015/11/06 18:0以後,06-3036097 0953582658,2015/10/26~2015/11/7,704台南市北區       
【停水區域一】台南市南區健康路二段、新興路、夏林路、三官路,2015/10/26 13:30至2015/10/26 18:0,2015/10/26 18:0以後,06-3036097,2015/10/26~2015/10/27,702台南市南區       
【停水區域一】南投縣水里鄉城中村.城安街,2015/10/26 13:30至2015/10/26 15:30,2015/10/26 15:30以後,0492762076,2015/10/26~2015/10/27,553南投縣水里鄉     
【停水區域一】宜蘭縣大同鄉泰雅路二段;泰雅路一段;崙埤村,2015/10/26 9:0至2015/10/26 17:0,2015/10/26 17:0以後,9223017,2015/10/26~2015/10/27,267宜蘭縣大同鄉     
【區域1】新竹縣湖口鄉達生一街~達生九街、中正一街~中正七街(王爺壟重劃區全部),2015/10/26 13:30至2015/10/26 17:0 ,2015/10/26 17:0以後,湖口營運所：03-5981603、03-5983082  客服專線：1910,2015/10/26~2015/10/27,303新竹縣湖口鄉     
【停水區域一】台中市大肚區大肚區頂街里、自由路401號至900號、華山路70號至160號、沙田路二段、沙田路三段、山陽里、大肚里、大東里、新興里附近區域含巷弄。,2015/10/26 14:0至2015/10/26 17:30,2015/10/26 17:30以後,26312127,2015/10/26~2015/10/27,432台中市大肚區     
【停水區域一】澎湖縣湖西鄉尖山村,2015/10/26 15:0至2015/10/26 17:0,2015/10/26 17:0以後,06-9273841,2015/10/26~2015/10/27,885澎湖縣湖西鄉     
【停水區域一】台南市佳里區同安寮;進學路;六安,2015/10/26 14:48至2015/10/26 18:0,2015/10/26 18:0以後,7222477,2015/10/26~2015/10/27,722台南市佳里區     
【停水區域一】桃園市中壢區中正路四段、山東路、福山路;桃園市觀音區忠愛路、忠愛路一段等沿線區域將有水壓降低或無水的狀況發生,2015/10/26 14:0至2015/10/26 17:0,2015/10/26 17:0以後,03-4251506,2015/10/26~2015/10/27,320桃園市中壢區     328桃園市觀音區     
【停水區域一】桃園市中壢區民權路二~三段、下三座屋,2015/10/26 14:20至2015/10/26 15:30,2015/10/26 15:30以後,03-4251506,2015/10/26~2015/10/27,320桃園市中壢區     
【區域1】台中市東勢區興隆里,2015/10/26 14:30至2015/10/26 17:0 ,2015/10/26 17:0以後,,2015/10/26~2015/10/27,423台中市東勢區     
【區域1】台中市東勢區興隆里,2015/10/26 14:30至2015/10/26 17:0 ,2015/10/26 17:0以後,,2015/10/26~2015/10/27,423台中市東勢區     
【區域1】台中市東勢區興隆里,2015/10/26 14:30至2015/10/26 17:0 ,2015/10/26 17:0以後,,2015/10/26~2015/10/27,423台中市東勢區     
【停水區域一】台中市大里區中興路一段;美村街;瑞和街等附近一帶,2015/10/26 14:50至2015/10/26 17:50,2015/10/26 17:50以後,04-22442469.1910,2015/10/26~2015/10/27,412台中市大里區     
【停水區域一】高雄市內門區東埔里東勢埔,2015/10/26 9:30至2015/10/26 15:0,2015/10/26 15:0以後,076613807,2015/10/26~2015/10/27,845高雄市內門區     
【停水區域一】嘉義縣東石鄉西崙村;東崙村;塭仔村;網寮村;白水湖;後埔,2015/10/27 9:0至2015/10/27 19:0,2015/10/27 19:0以後,05-3412045,2015/10/26~2015/10/28,614嘉義縣東石鄉     
【停水區域一】南投縣埔里鎮清新里、西門里、同聲里、大城里,2015/10/27 11:0至2015/10/27 21:0,2015/10/27 21:0以後,049-2915176,2015/10/26~2015/10/28,545南投縣埔里鎮     
【停水區域一】南投縣南投市工業東路,2015/10/26 16:0至2015/10/26 19:0,2015/10/26 19:0以後,2222635,2015/10/26~2015/10/27,540南投縣南投市     
【停水區域一】雲林縣台西鄉山寮村; 萬厝,2015/10/26 15:20至2015/10/26 18:20,2015/10/26 18:20以後,05-6982250,2015/10/26~2015/10/27,636雲林縣台西鄉     
【停水區域一】花蓮縣花蓮市林森路5號至87號,2015/10/27 13:30至2015/10/27 16:30,2015/10/27 16:30以後,038351141,2015/10/26~2015/10/28,970花蓮縣花蓮市     
【停水區域一】台南市中西區成功路;台南市北區成功路,2015/10/26 15:30至2015/10/26 20:0,2015/10/26 20:0以後,06-3036097,2015/10/26~2015/10/27,700台南市中西區     704台南市北區       
【停水區域一】宜蘭縣三星鄉貴林一路510巷與二段401巷(客服專線:1910;廣興給水廠服務電話:9553098),2015/10/26 15:30至2015/10/26 17:30,2015/10/26 17:30以後,0937849892,2015/10/26~2015/10/27,266宜蘭縣三星鄉     
【停水區域一】桃園市中壢區福州路、環中東路二段(幸福街~福州路)、杭州路(福州路~徐州街)、徐州街、蘇州一~二街(以上含其巷道),2015/10/27 10:0至2015/10/27 18:0,2015/10/27 18:0以後,4251506,2015/10/26~2015/10/28,320桃園市中壢區     
【停水區域一】新竹縣北埔鄉全部村里;大林村;全部村里;全部村里;北埔村;新竹縣峨眉鄉峨眉村,2015/10/26 15:48至2015/10/26 17:0,2015/10/26 17:0以後,1910;5963356,2015/10/26~2015/10/27,314新竹縣北埔鄉     315新竹縣峨眉鄉     
【停水區域一】嘉義縣太保市福德村、大興村、宮前村;新港鄉福德村福德路與大安街之間,2015/10/26 15:0至2015/10/26 17:30,2015/10/26 17:30以後,05-3742044,2015/10/26~2015/10/27,612嘉義縣太保市     
【停水區域一】高雄市阿蓮區穎源路;復安,2015/10/26 8:0至2015/11/05 18:0,2015/11/05 18:0以後,07-6934819,2015/10/26~2015/11/6,822高雄市阿蓮區     
【區域1】高雄市鳳山區武松街.鳳松路220巷.經武路,2015/10/26 16:7至2015/10/26 19:0 ,2015/10/26 19:0以後,,2015/10/26~2015/10/27,830高雄市鳳山區     
【停水區域一】高雄市前鎮區和誠街88號附近一帶,2015/10/26 16:10至2015/10/26 19:10,2015/10/26 19:10以後,07-7321319,2015/10/26~2015/10/27,806高雄市前鎮區     
【停水區域一】台南市安南區智安一街,2015/10/27 8:0至2015/10/27 18:0,2015/10/27 18:0以後,06-3036097,2015/10/26~2015/10/28,709台南市安南區     
【停水區域一】高雄市旗山區三協里花旗二路、花旗山莊、天寮巷,2015/10/26 8:0至2015/10/26 16:30,2015/10/26 16:30以後,076613807,2015/10/26~2015/10/27,842高雄市旗山區     
【停水區域一】高雄市甲仙區大田里;西安里;和安里;東安里,2015/10/26 11:0至2015/10/26 16:30,2015/10/26 16:30以後,076613807,2015/10/26~2015/10/27,847高雄市甲仙區     
【區域1】台東縣長濱鄉水母丁;八仙洞;三間屋;大俱來;長濱;長光;忠勇;樟原;長濱村;樟原村;忠勇村;三間村;大峰峰;大峰峰;田組;上田組;真柄,2015/10/26 16:0至2015/10/27 0:0 ,2015/10/27 0:0以後,089-851190,2015/10/26~2015/10/28,962台東縣長濱鄉     
【停水區域一】高雄市苓雅區1.中正一路122號~290號(含巷弄)(雙號側)2.正言路1~139號(含巷弄) 3.建民路1~190號(含巷弄) 4.心正路(含巷弄)5.武廟路1~160號(含巷弄) 6.意誠路(含巷弄)7.建國一路113~167號(含巷弄) 8.福德二、三路2~72號(含巷弄)(雙號側)9.輔仁路117~179號(含巷弄)(單號側)10.身修路(含巷弄),2015/10/27 8:0至2015/11/05 18:0,2015/11/05 18:0以後,洽詢電話：免付費電話1910、高雄服務所：07-3312292。,2015/10/26~2015/11/6,802高雄市苓雅區     
【停水區域一】苗栗縣後龍鎮十班坑,2015/10/26 16:0至2015/10/26 23:0,2015/10/26 23:0以後,037-320334、客服專線1910,2015/10/26~2015/10/27,356苗栗縣後龍鎮     
【停水區域一】南投縣名間鄉新光村、崁腳村、新厝村,2015/10/26 11:50至2015/10/26 17:50,2015/10/26 17:50以後,2222635,2015/10/26~2015/10/27,551南投縣名間鄉     
【停水區域一】嘉義縣中埔鄉隆興村;義仁村;金蘭村;富收村,2015/10/26 16:0至2015/10/27 3:0,2015/10/27 3:0以後,05-2611075,2015/10/26~2015/10/28,606嘉義縣中埔鄉     
【停水區域一】台南市將軍區玉山里,2015/10/27 9:0至2015/10/27 17:0,2015/10/27 17:0以後,06-7222477,2015/10/26~2015/10/28,725台南市將軍區     
【區域1】台東縣長濱鄉水母丁;八仙洞;三間屋;大俱來;長濱;長光;忠勇;樟原;長濱村;樟原村;忠勇村;三間村;大峰峰;大峰峰;田組;上田組;真柄,2015/10/26 16:0至2015/10/26 19:0 ,2015/10/26 19:0以後,089-851190,2015/10/26~2015/10/27,962台東縣長濱鄉     
【停水區域一】台中市大里區中興路二段;中興路二段日新巷;內新街;鐵路街;德芳路一段;新仁路三段等附近一帶,2015/10/26 17:0至2015/10/26 22:0,2015/10/26 22:0以後,04-22442469.1910,2015/10/26~2015/10/27,412台中市大里區     
【停水區域一】雲林縣斗六市斗六市全區 及 巷道管線末端,2015/10/26 17:30至2015/10/30 17:0,2015/10/30 17:0以後,05-5322362,2015/10/26~2015/10/31,640雲林縣斗六市     
【停水區域一】嘉義縣番路鄉內甕村,2015/10/26 15:10至2015/10/26 21:0,2015/10/26 21:0以後,05-2611075,2015/10/26~2015/10/27,602嘉義縣番路鄉     
【停水區域一】雲林縣斗六市湖山里,2015/10/26 17:20至2015/10/26 22:0,2015/10/26 22:0以後,05-5322362,2015/10/26~2015/10/27,640雲林縣斗六市     
【停水區域一】台南市安南區台南市安南區安富街、安寧街、海佃路一段、郡安路五段、府安路五段,2015/10/26 17:30至2015/10/26 21:0,2015/10/26 21:0以後,06-3036097,2015/10/26~2015/10/27,709台南市安南區     
【停水區域一】桃園市龜山區湖山街.海萍路.大同路356巷(含各弄).綠野山莊,2015/10/26 13:30至2015/10/26 20:30,2015/10/26 20:30以後,03-329-4999,2015/10/26~2015/10/27,333桃園市龜山區     
【停水區域一】南投縣埔里鎮清新里、西門里、同聲里、大城里,2015/10/26 9:0至2015/10/26 20:59,2015/10/26 20:59以後,049-2915176,2015/10/26~2015/10/27,545南投縣埔里鎮     
【停水區域一】高雄市大社區嘉誠里水哮巷一帶,2015/10/27 8:0至2015/10/27 18:0,2015/10/27 18:0以後,(07)3513332,2015/10/26~2015/10/28,815高雄市大社區     
【停水區域一】苗栗縣竹南鎮自由.和平.博愛.民族街.光復193巷等,2015/10/26 18:10至2015/10/26 22:0,2015/10/26 22:0以後,623500,2015/10/26~2015/10/27,350苗栗縣竹南鎮     
【區域1】雲林縣古坑鄉中山路,2015/10/26 18:45至2015/10/26 23:30 ,2015/10/26 23:30以後,,2015/10/26~2015/10/27,646雲林縣古坑鄉     
【區域1】新竹縣寶山鄉大雅路、雙龍路附近一帶,2015/10/26 22:0至2015/10/27 10:0 ,2015/10/27 10:0以後,,2015/10/26~2015/10/28,308新竹縣寶山鄉     
【停水區域一】桃園市桃園區國鼎一街、國際路一段(國鼎一街至吉昌街),2015/10/27 0:30至2015/10/27 12:0,2015/10/27 12:0以後,03-3346127,2015/10/27~2015/10/28,330桃園市桃園區     
【停水區域一】南投縣南投市光明路.光明一路.光明四路.大卑街一帶,2015/10/27 4:0至2015/10/27 12:0,2015/10/27 12:0以後,049-2563505,2015/10/27~2015/10/28,540南投縣南投市     
【停水區域一】高雄市苓雅區武昌路以東武慶二路一帶,2015/10/27 14:0至2015/10/27 17:0,2015/10/27 17:0以後,07-3312292-237,2015/10/27~2015/10/28,802高雄市苓雅區     
【停水區域一】嘉義縣中埔鄉石村,2015/10/27 8:30至2015/10/27 14:0,2015/10/27 14:0以後,2611075,2015/10/27~2015/10/28,606嘉義縣中埔鄉     
,,,05-7832040,2015/10/27~2015/10/28,
【停水區域一】嘉義縣番路鄉內甕村,2015/10/27 10:0至2015/10/27 18:0,2015/10/27 18:0以後,2611075,2015/10/27~2015/10/28,602嘉義縣番路鄉     
【停水區域一】高雄市旗山區中寮里,2015/10/27 8:0至2015/10/27 17:0,2015/10/27 17:0以後,076613807,2015/10/27~2015/10/28,842高雄市旗山區     
【停水區域一】嘉義縣竹崎鄉竹崎村;和平村,2015/10/27 10:0至2015/10/27 17:0,2015/10/27 17:0以後,2611075,2015/10/27~2015/10/28,604嘉義縣竹崎鄉     
【停水區域一】桃園市大園區田心里,2015/10/27 8:30至2015/10/27 14:30,2015/10/27 14:30以後,03-3862156,2015/10/27~2015/10/28,337桃園市大園區     
【停水區域一】花蓮縣富里鄉富里村永安街;中山路;永豐村,2015/10/27 10:0至2015/10/27 17:0,2015/10/27 17:0以後,(03)8882403,2015/10/27~2015/10/28,983花蓮縣富里鄉     
【停水區域一】桃園市大溪區仁美街及仁美一街。,2015/10/27 9:0至2015/10/30 17:0,2015/10/30 17:0以後,03-4712002,2015/10/27~2015/10/31,335桃園市大溪區     
【停水區域一】高雄市鳳山區國昌路、國光路、光華路、五權南路、復興街、立志街、國泰路、南京路、青年路、自由路、五甲路、立志街等附近地區,2015/10/27 9:0至2015/10/27 22:0,2015/10/27 22:0以後,7883714,2015/10/27~2015/10/28,830高雄市鳳山區     
【停水區域一】雲林縣斗南鎮南昌里;三和街;莒光街,2015/10/27 8:40至2015/10/27 17:0,2015/10/27 17:0以後,5972682,2015/10/27~2015/10/28,630雲林縣斗南鎮     
【停水區域一】雲林縣斗南鎮南昌里;三和街;莒光街,2015/10/27 8:40至2015/10/27 17:0,2015/10/27 17:0以後,5972682,2015/10/27~2015/10/28,630雲林縣斗南鎮     
【區域1】宜蘭縣礁溪鄉白鵝村;白鵝村;柴圍路,2015/10/28 8:0至2015/10/28 12:0 ,2015/10/28 12:0以後,,2015/10/27~2015/10/29,262宜蘭縣礁溪鄉     
【停水區域一】高雄市鳳山區南華路、南江街、正義街、鳳南路、五甲路、南榮路、保泰路、瑞福路、華興街、光榮街、南昌街、南正二路、龍成路、鎮南街等附近地區,2015/10/27 9:0至2015/10/27 22:0,2015/10/27 22:0以後,7883714,2015/10/27~2015/10/28,830高雄市鳳山區     
【停水區域一】新北市泰山區明志路一段352巷,2015/10/27 9:0至2015/10/27 18:0,2015/10/27 18:0以後,29097480,2015/10/27~2015/10/28,243新北市泰山區     
【停水區域一】苗栗縣西湖鄉湖東村;三湖村;四湖村;龍洞村;金獅村;苗栗縣後龍鎮中和里;福寧里,2015/10/27 8:52至2015/10/27 17:30,2015/10/27 17:30以後,037-986206  037-986218,2015/10/27~2015/10/28,368苗栗縣西湖鄉     356苗栗縣後龍鎮     
【停水區域一】台南市仁德區大同路二段.仁愛里仁和里全部(含巷弄),2015/10/27 9:0至2015/10/27 12:0,2015/10/27 12:0以後,062303756,2015/10/27~2015/10/28,717台南市仁德區     
【停水區域一】台中市豐原區豐勢路一段.豐勢路二段.國豐路.富陽路.朴子街.師範街.豐年路.萬年路.東北街.東仁街.明仁街.明義街.東興街.直興街.明興街.豐原大道二段.水源路.北陽路.中陽路.圓環北路二段,2015/10/27 9:0至2015/10/27 14:0,2015/10/27 14:0以後,04-25722643,2015/10/27~2015/10/28,420台中市豐原區     
【停水區域一】高雄市大寮區瓦厝街、鳳屏二路、光明路三段、義和路、新鎮路、美庄路、神農路、民權街、民祥街、濱北街等附近地區,2015/10/27 9:0至2015/10/27 21:0,2015/10/27 21:0以後,7883714,2015/10/27~2015/10/28,831高雄市大寮區     
【停水區域一】南投縣集集鎮大坪巷;北勢巷;石盤巷,2015/10/27 9:0至2015/10/27 18:0,2015/10/27 18:0以後,049-2762076,2015/10/27~2015/10/28,552南投縣集集鎮     
【停水區域一】高雄市鳳山區鳳松路、八德路、文龍東路、建國路三段、經武路、力行路、文南街、文勇街、武松街、和平路、協和路、民昌街、文化路等附近地區,2015/10/27 9:0至2015/10/27 21:0,2015/10/27 21:0以後,7883714,2015/10/27~2015/10/28,830高雄市鳳山區     
【停水區域一】台中市沙鹿區北勢里、南勢里、福興里、東晉路、南陽路附近一帶區域(含巷弄)。,2015/10/27 9:30至2015/10/27 16:0,2015/10/27 16:0以後,04-26312127,2015/10/27~2015/10/28,433台中市沙鹿區     
【停水區域一】台東縣卑南鄉泰安村全部,2015/10/28 8:0至2015/10/28 10:0,2015/10/28 10:0以後,089-380094  蘇中和,2015/10/27~2015/10/29,954台東縣卑南鄉     
【停水區域一】苗栗縣頭屋鄉明德村*北坑村,2015/10/27 10:0至2015/10/27 16:0,2015/10/27 16:0以後,037330637*037320334*0933545775,2015/10/27~2015/10/28,362苗栗縣頭屋鄉     
【停水區域一】台南市大內區二溪里;曲溪里,2015/10/27 9:20至2015/10/27 12:0,2015/10/27 12:0以後,065973437,2015/10/27~2015/10/28,742台南市大內區     
【區域1】台中市新社區東新路一段;東新路二段;東新路三段;中正里;新社里,2015/10/27 9:30至2015/10/27 13:0 ,2015/10/27 13:0以後,,2015/10/27~2015/10/28,426台中市新社區     
【區域1】台中市新社區東新路一段;東新路二段;東新路三段;中正里;新社里,2015/10/27 9:30至2015/10/27 13:0 ,2015/10/27 13:0以後,,2015/10/27~2015/10/28,426台中市新社區     
【區域1】台中市石岡區和盛里;和盛街和盛巷,2015/10/27 9:32至2015/10/27 13:0 ,2015/10/27 13:0以後,,2015/10/27~2015/10/28,422台中市石岡區     
【區域1】台中市石岡區和盛里;和盛街和盛巷,2015/10/27 9:32至2015/10/27 13:0 ,2015/10/27 13:0以後,,2015/10/27~2015/10/28,422台中市石岡區     
【停水區域一】雲林縣斗六市中和里 鎮西里 (含西平路) 民生路,2015/10/27 9:32至2015/10/27 12:0,2015/10/27 12:0以後,05-5322362,2015/10/27~2015/10/28,640雲林縣斗六市     
【區域1】台中市石岡區和盛街南眉巷,2015/10/27 9:40至2015/10/27 13:0 ,2015/10/27 13:0以後,,2015/10/27~2015/10/28,422台中市石岡區     
【區域1】台中市石岡區和盛街南眉巷,2015/10/27 9:40至2015/10/27 13:0 ,2015/10/27 13:0以後,,2015/10/27~2015/10/28,422台中市石岡區     
【區域1】南投縣竹山鎮竹山鎮竹山里，延和里(集山路3段竹山路大明路部分)。,2015/10/29 9:0至2015/10/29 22:0 ,2015/10/29 22:0以後,0492642074,2015/10/27~2015/10/30,557南投縣竹山鎮     
【區域3】南投縣竹山鎮竹山鎮公所路，大仁路，大勇路，雲林新村，大忠路，大禮路，集山路3段，育英路，前山路1、2段，大明路，竹山路，雲林路，菜園路、祖師街、照德街、下橫街、橫街、頂橫街、林圮街、埔頭街。,2015/10/29 9:0至2015/10/29 22:0 ,2015/10/29 22:0以後,0492642074,2015/10/27~2015/10/30,557南投縣竹山鎮     
【停水區域一】台中市太平區旱溪東路二段全部;中山路四段全部;新興路全部等附近,2015/10/27 9:30至2015/10/27 13:0,2015/10/27 13:0以後,22442469.1910,2015/10/27~2015/10/28,411台中市太平區     
【區域1】宜蘭縣礁溪鄉柴圍路,2015/10/28 8:0至2015/10/28 12:0【上午8點至中午12點】,2015/10/28 12:0以後,039323255*21,2015/10/27~2015/10/29,262宜蘭縣礁溪鄉     
【停水區域一】宜蘭縣蘇澳鎮南安路(客服專線:1910;廣興給水廠服務電話:9553098),2015/10/27 10:0至2015/10/27 12:0,2015/10/27 12:0以後,0937849872,2015/10/27~2015/10/28,270宜蘭縣蘇澳鎮     
【停水區域一】苗栗縣後龍鎮龍坑里十班坑等,2015/10/27 9:0至2015/10/27 18:0,2015/10/27 18:0以後,037-320334、客服專線1910,2015/10/27~2015/10/28,356苗栗縣後龍鎮     
【停水區域一】南投縣南投市彰南路2段,2015/10/27 10:0至2015/10/27 13:0,2015/10/27 13:0以後,222635,2015/10/27~2015/10/28,540南投縣南投市     
【停水區域一】南投縣南投市民生街.彰南路二段,2015/10/27 10:0至2015/10/27 13:0,2015/10/27 13:0以後,222635,2015/10/27~2015/10/28,540南投縣南投市     
【停水區域一】台南市永康區1.三村一街90~156號(雙號側含巷弄全部)。;2.仁愛街56~120號(雙號側含巷弄全部)。;3.洲尾街3號,2015/10/29 8:0至2015/10/31 18:0,2015/10/31 18:0以後,1910   06-2325714,2015/10/27~2015/11/1,710台南市永康區     
【區域1】台中市和平區梨山里,2015/10/27 10:10至2015/10/28 12:0 ,2015/10/28 12:0以後,,2015/10/27~2015/10/29,424台中市和平區     
【區域1】台中市和平區梨山里,2015/10/27 10:10至2015/10/28 12:0 ,2015/10/28 12:0以後,25874315,2015/10/27~2015/10/29,424台中市和平區     
【區域1】台中市和平區梨山里,2015/10/27 10:10至2015/10/28 12:0 ,2015/10/28 12:0以後,25874315,2015/10/27~2015/10/29,424台中市和平區     
【停水區域一】台中市豐原區向陽路直興街愛國街自強街自成街自立街惠陽街豐陽路中陽路同安街,2015/11/01 8:30至2015/11/30 18:30,2015/11/30 18:30以後,04-25722643,2015/10/27~2015/12/1,420台中市豐原區     
【停水區域一】桃園市大溪區仁善街口後至介壽路雙號邊,2015/10/27 11:0至2015/10/27 14:0,2015/10/27 14:0以後,03-4712002,2015/10/27~2015/10/28,335桃園市大溪區     
【停水區域一】嘉義縣太保市太保市北新里中興路一段與中山路、中正路;包括北新里與南新里部分用戶,2015/10/27 13:0至2015/10/27 17:0,2015/10/27 17:0以後,05-3742044,2015/10/27~2015/10/28,612嘉義縣太保市     
【停水區域一】台中市南屯區東興路一段;五權西路二段;南屯路二段;三民西路二段;文心南路;文心南五路;文心南三路;文心南六路;文心南七路;精誠南路;厚生巷;豐富路;大墩南路;永春東路;文心南二路;大墩一街;大墩二街;大墩三街;大墩西一街;田心北二巷;大墩東街;東興西街;東興東街;精誠路;大忠南街 等附近,2015/10/27 10:24至2015/10/27 18:24,2015/10/27 18:24以後,22442469-1910,2015/10/27~2015/10/28,408台中市南屯區     
【停水區域一】台中市大里區中興路一段;仁化路;忠孝路;長春路等附近一帶,2015/10/27 11:0至2015/10/27 15:0,2015/10/27 15:0以後,04-22442469.1910,2015/10/27~2015/10/28,412台中市大里區     
【停水區域一】桃園市八德區八德區桃鶯路1至143號、2至146號、興隆街、福德一、二、三街。;桃園市龜山區龜山鄉迴龍地區（萬壽路1段、龍祥街、龍泉街、龍新街、龍江街、龍興街、自由街、龍華街、龍鳳街）。;龜山區台北監獄、宏德新村(桃園縣龜山鄉山頂村)。桃園市龜山區萬壽路一段、宏慶街。;新北市三峽區三峽區全部;新北市土城區土城區停水42小時區域（中央路3段「承天路以後」、承天路、忠承路、城林路以南）;大安里、員仁里、沛陂里、永寧里、頂埔里、祖田里、頂新里、頂福里共8里。;【亞洲路、員安路、大安路、永安街、永和街、承天路、南天母路、永寧路、永平路、大暖路、中州路、頂埔街、溪頭路、龍泉路、中央路4段、民安街、金安街、福安街、德安街、三民路、民族路、信義路、中山路、成功街、復興街、中興街、自由街、民權街、民生街、自強街、勝利街、忠義路(高速公路以南)、土城工業區等全部（含單雙號及巷弄）、城林路（單號）、中央路3段103號~285-2號（含巷弄）、中央路3段116巷~284號（含巷弄）】;新北市五股區五股部分地區：五股成泰路一、二段、工商路、中直路、中興路三段、四段、五股工業區（新北產業園區）、五福路、水碓路、水碓一路、二路、三路、五路、六路、七路、九路、外寮路、民義路一段、二段、田埔巷、功功路、自強路、明德路、崩山巷、御史路、登林路、新五路一段、蓬萊路、壟鉤路。;新北市板橋區板橋區溪崑地區（溪洲里溪福里崑崙里成和里溪北里堂春里共6里）。;新北市泰山區泰山區全部;新北市新莊區新莊區立泰、立言、全泰、忠孝、國泰、營盤、福營、瓊林、西盛、建安、建福、後德、後港、民全、民本、民有、光正、光榮、光和、光華、光明、民安、八德、成德、南港、四維、萬安、龍安、富民、富國、裕民、龍鳳、龍福等里，共計33里。【新莊區中正路(單號)283~933號 、中正路(雙號)220~820號、三泰路、三和路、新泰路(單號)、瓊林路、瓊林南路、瓊林北路、瓊泰路、建福路、福營路、新樹路、建國一路、建國二路、民安路、民安西路、民安東路、龍安路、景德路、富國路、後港一路、後港二路、萬安街、四維路、大安路、建安街、八德街、成功街、裕民街、西盛街、光華街、民本街、天泉一街、天泉二街】。;新莊區中原、中隆、中信、中平、立廷、立基、中港、中宏、中誠、中全、中泰、立志、立功、中和、中華、立德、榮和、興漢、文聖、文衡、全安、海山、泰豐、豐年、昌平、昌信、昌明、和平、昌隆、信義、幸福、自信、自強、仁愛、仁義、自立、思賢、思源、文明、文德、立人、恆安、中美等里，共計43里。【豐年街、新豐街、新泰路(雙號側)、建興街、和興街、新興街、中興街、復興路一、二段、中平路、幸福路、中原路、新莊路、大觀街、中和街、中港一街、中華路、中港路、景德路、碧江街】;新北市樹林區樹林區全部;新北市鶯歌區鶯歌區全部,2015/10/31 7:0至2015/11/01 8:0,2015/11/01 8:0以後,客服專線 1910    區管理處29968961,2015/10/27~2015/11/2,334桃園市八德區     333桃園市龜山區     237新北市三峽區     236新北市土城區     248新北市五股區     220新北市板橋區     243新北市泰山區     242新北市新莊區     238新北市樹林區     239新北市鶯歌區     237新北市三峽區     236新北市土城區     
【停水區域一】台南市安南區海佃路1段.國安街,2015/10/27 10:0至2015/10/27 17:0,2015/10/27 17:0以後,06-3036097,2015/10/27~2015/10/28,709台南市安南區     
【停水區域一】高雄市鳳山區誠義里整個里,2015/10/27 11:30至2015/10/27 14:30,2015/10/27 14:30以後,7883714,2015/10/27~2015/10/28,830高雄市鳳山區     
【停水區域一】新竹市北區中央路、民生路,2015/10/27 11:45至2015/10/27 16:0,2015/10/27 16:0以後,1910、新竹服務所 03-5714321、區管理處03-5712141～3,2015/10/27~2015/10/28,300新竹市北區       
【停水區域一】台中市豐原區水源路坪頂巷,2015/10/27 11:50至2015/10/27 14:50,2015/10/27 14:50以後,04-25722643,2015/10/27~2015/10/28,420台中市豐原區     
【停水區域一】南投縣草屯鎮新庄里;加老路;加老東路;加老南路;芬草路三段(均含巷弄),2015/10/27 13:0至2015/10/27 16:0,2015/10/27 16:0以後,049-2563505,2015/10/27~2015/10/28,542南投縣草屯鎮     
【停水區域一】彰化縣員林市成功東路191巷全部,2015/10/27 12:30至2015/10/27 16:30,2015/10/27 16:30以後,8320083,2015/10/27~2015/10/28,510彰化縣員林市     
【停水區域一】宜蘭縣冬山鄉冬山路五段(客服專線:1910;廣興給水廠服務電話:9553098),2015/10/27 13:30至2015/10/27 16:30,2015/10/27 16:30以後,0937849892,2015/10/27~2015/10/28,269宜蘭縣冬山鄉     
