停水範圍,停水期間,恢復供水時間,查詢電話,發佈期間,發佈區域
基隆市工建路、工建北路、工建南路及工東街全部(含各巷弄),104年4月14日上午9時,104年4月14日下午17時,02-2424-5200,2015/4/7~2015/4/14,206基隆市七堵區     
【區域1】台南市新市區大社里;潭頂里,2014/12/11 10:0至2015/05/31 23:0 ,2015/05/31 23:0以後,06-5973437,2014/12/11~2015/6/1,744台南市新市區     
【區域1】彰化縣伸港鄉全部;彰化縣和美鎮全部;彰化縣彰化市全部;彰化縣線西鄉全部,2015/02/01 0:0至2015/04/30 23:0 ,2015/04/30 23:0以後,04-7353883,2015/2/2~2015/5/1,509彰化縣伸港鄉     508彰化縣和美鎮     500彰化縣彰化市     507彰化縣線西鄉     
【區域1】嘉義縣竹崎鄉獅埜村;沙坑村,2015/03/09 8:0至2015/04/30 18:0【每日上午8點至下午6點】,2015/04/30 18:0以後,05-2611075,2015/3/6~2015/5/1,604嘉義縣竹崎鄉     
【區域1】嘉義縣太保市北新里;過溝里;麻寮里;南新里;嘉太工業區中興路;嘉太工業區光復路;嘉太工業區和順路;嘉太工業區建工路;嘉太工業區嘉太路;嘉太工業區興業路,2015/03/10 10:0至2015/05/10 10:0 ,2015/05/10 10:0以後,053742044,2015/3/10~2015/5/11,612嘉義縣太保市     
【區域3】嘉義縣太保市過溝里;麻寮里;南新里;北新里;嘉太工業區中興路;嘉太工業區光復路;嘉太工業區和順路;嘉太工業區建工路;嘉太工業區嘉太路;嘉太工業區興業路,2015/03/10 10:0至2015/05/10 10:0 ,2015/05/10 10:0以後,053742044,2015/3/10~2015/5/11,612嘉義縣太保市     
【區域1】桃園市大溪區員林路一段、員林路二段【雙號】,2015/03/13 9:0至2015/04/30 17:0【3/13起至4/30止(3/14、3/15、3/21、3/22、3/28、3/29、4/3、4/4、4/5、4/6、4/11、4/12、4/18、4/19、4/25、4/26除外)】,2015/3/13至2015/4/30每日下午 05:00以後,4712002#305,2015/3/16~2015/5/1,335桃園市大溪區     
【區域1】彰化縣二林鎮二溪湖7段,2015/03/23 8:0至2015/04/02 18:0【每日上午8點至下午6點】,2015/04/02 18:0以後,監工人員潘和朋04-7245031*309、承包商貫新工程有限公司廖長城04-25673226,2015/3/19~2015/4/3,526彰化縣二林鎮     
【區域1】台南市新營區三興街以西由380號至231號/護鎮里85-51號至99-1號,2015/03/25 8:0至2015/04/08 18:0【每日上午08時0分點至下午18時0分】,2015/04/08 18:0以後,066322240,2015/3/23~2015/4/9,730台南市新營區     
【區域1】彰化縣花壇鄉環山路72巷;彰化縣彰化市南校街6巷,2015/03/23 8:0至2015/04/02 18:0【每日上午8點至下午6點】,2015/04/02 18:0以後,04-7245031*309(承包商：旺威工程有限公司，陳欽賢0932535188),2015/3/23~2015/4/3,503彰化縣花壇鄉     500彰化縣彰化市     
【區域1】新竹縣湖口鄉和興村、東興村、德盛村、愛勢村、仁勢村、孝勢村、信勢村、中勢村、中正村、信義村、長嶺村、長安村、湖口村、湖鏡村;新竹縣新豐鄉瑞興村、福興村、後湖村,2015/04/01 0:0至2015/06/30 0:0 ,2015/06/30 0:0以後,03-5981603  1910,2015/3/23~2015/7/1,303新竹縣湖口鄉     304新竹縣新豐鄉     
【區域1】新竹縣湖口鄉和興村、東興村、德盛村、愛勢村、仁勢村、孝勢村、信勢村、中勢村、中正村、信義村、長嶺村、長安村、湖口村、湖鏡村;新竹縣新豐鄉瑞興村、福興村、後湖村,2015/04/01 0:0至2015/06/30 0:0【每星期三;四;零晨0時起】,2015/06/30 0:0以後,03-5981603  1910,2015/3/23~2015/7/1,303新竹縣湖口鄉     304新竹縣新豐鄉     
【區域1】彰化縣田尾鄉新生村、南鎮村、光復路一段、平和路、新民路等一帶,2015/03/23 8:0至2015/04/02 18:0【管線汰換影響區域上午8點至下午23點】,2015/3/23至2015/4/2每日下午 06:00以後,04-7245031-301監工人員楊凱鈞、0933-561826承包商沅盛工程有限公司,2015/3/23~2015/4/3,522彰化縣田尾鄉     
【區域1】台中市南屯區海德街以東.文心南二路以南.文心南路以西.永春東路以北,2015/04/02 8:30至2015/04/02 16:0 ,2015/04/02 16:0以後,22210169,2015/3/23~2015/4/3,408台中市南屯區     
【區域1】新北市五股區104年4月1日起 新北市泰山區大科里、黎明里、五股區福德里，每星期之星期三及星期四停水。;泰山區(大科里、黎明里除外)、五股區成泰路一、二段以西區域及中興路四段；每星期之星期五及星期六停水，;新北市泰山區104年4月1日起 新北市泰山區大科里、黎明里、五股區福德里，每星期之星期三及星期四停水。;泰山區(大科里、黎明里除外)、五股區成泰路一、二段以西區域及中興路四段；每星期之星期五及星期六停水，;新北市新莊區壽山路,2015/04/03 0:0至2015/04/26 0:0【供5天停2天】,2015/04/26 0:0以後,1910,2015/3/24~2015/4/27,248新北市五股區     243新北市泰山區     242新北市新莊區     
【區域1】高雄市田寮區峰山里;高雄市岡山區嘉興里、嘉峰里、大莊里、潭底里、華光里、為隨里;高雄市阿蓮區全區;高雄市路竹區甲北里、下坑里、新園里,2015/04/19 9:0至2015/04/19 19:0 ,2015/04/19 19:0以後,1910,2015/3/24~2015/4/20,823高雄市田寮區     820高雄市岡山區     822高雄市阿蓮區     821高雄市路竹區     
【區域1】台東縣東河鄉興昌村(羊橋至興昌),2015/03/27 8:0至2015/04/02 17:30【每日上午8點至下午5點30分】,2015/04/02 17:30以後,承包商電話:0910-499866(謝?昌)    監造人員電話:0928-170847(林?毅),2015/3/25~2015/4/3,959台東縣東河鄉     
【區域1】屏東縣高樹鄉南華村;泰山村三民路1號至10號之間,2015/03/27 8:0至2015/06/23 18:0【每日上午8點至下午6點】,2015/06/23 18:0以後,087962041,2015/3/27~2015/6/24,906屏東縣高樹鄉     
【區域1】台東縣台東市富岡里富岡街、松江路一段114巷、松江路一段,2015/03/30 8:0至2015/04/05 18:0【每日上午8點至下午6點】,2015/04/05 18:0以後,承包商電話:0920-616378(翁一正)    監造人員電話:0932-559811(謝仲科),2015/3/27~2015/4/6,950台東縣台東市     
【區域1】南投縣草屯鎮草溪路(溝墘巷至阿發橋)東側(上林里部分),2015/03/30 8:0至2015/04/03 17:0【每日上午8點至下午5點】,2015/3/30至2015/4/3每日下午 05:00以後,049-2563505,2015/3/27~2015/4/4,542南投縣草屯鎮     
【區域1】桃園市大溪區仁和二街、三街、八街及仁和東街、西街等，仁和街全區。,2015/03/30 8:0至2015/04/03 19:0【每日上午8點至晚上7點(假日除外)】,2015/3/30至2015/4/3每日下午 07:00以後,4712002,2015/3/27~2015/4/4,335桃園市大溪區     
【區域1】台中市霧峰區五福路五福西五福路468巷及四德北路85巷全部,2015/02/27 8:0至2015/04/10 17:30【每日上午8點至下午6點】,2015/2/27至2015/4/10每日下午 05:30以後,23393138,2015/3/30~2015/4/11,413台中市霧峰區     
【區域1】台南市北區崇安街43~62號,2015/03/30 9:0至2015/04/02 18:0【每日上午8點至下午6點】,2015/04/02 18:0以後,,2015/3/30~2015/4/3,704台南市北區       
【區域1】台南市北區1.崇安街43~62號   2.崇安街41巷全,2015/03/30 9:0至2015/04/02 18:0【每日上午8點至下午6點】,2015/04/02 18:0以後,,2015/3/30~2015/4/3,704台南市北區       
【區域1】新北市五股區福德里登林路單號(93~107號)；雙號(116~134-3號)、德音里外寮路部份;新北市林口區林口區(全區),2015/04/08 0:0至2015/04/10 0:0【自4月8日起每星期三及星期四全天停水(未來如有調整，另行通知)】,2015/04/10 0:0以後,24小時免付費客服專線1910、第二區管理處（03）4643131～5、林口服務所（02）26031880,2015/3/30~2015/4/11,248新北市五股區     244新北市林口區     
【區域1】桃園市八德區全區。但以下地區除外【大發里、大明里、大仁里、大安里[福德一、二、三路、興隆街、桃鶯路(單號1至133號、雙號2至126號)、福隆一、二街、後庄街]】;桃園市大園區全區;桃園市大溪區全區;桃園市中壢區全區;桃園市平鎮區全區;桃園市桃園區全區;桃園市復興區全區;桃園市新屋區全區;桃園市楊梅區全區;桃園市龍潭區全區;桃園市龜山區全區；但以下地區除外【龜山區：龍華里、迴龍里、龍壽里[萬壽路1段42號～萬壽路1段642號（雙號側，但不含634巷）、萬壽路1段125號～萬壽路1段613號（單號側）、萬壽路1段頂好巷、龍興街、龍新街、龍祥街、龍泉街、龍江街、龍華街、龍鳳街、自由街、尖山外（34-1號、34號、55號、59號），山頂里(宏德新村2至162號)】;桃園市蘆竹區全區;桃園市觀音區全區,2015/04/08 0:0至2015/04/10 0:0【自4月8日起每星期三及星期四全天停水(未來如有調整，另行通知)】,2015/04/10 0:0以後,24小時免付費客服專線1910、第二區管理處（03）4643131～5、桃園服務所（03）3346128、中壢服務所（03）4251506、楊梅服務所（03）4789261、龜山服務所（03）3294999、大園服務所（03）3862156、龍潭給水廠（03）4712002,2015/3/30~2015/4/11,334桃園市八德區     337桃園市大園區     335桃園市大溪區     320桃園市中壢區     324桃園市平鎮區     330桃園市桃園區     336桃園市復興區     327桃園市新屋區     326桃園市楊梅區     325桃園市龍潭區     333桃園市龜山區     338桃園市蘆竹區     328桃園市觀音區     
【區域1】新北市新莊區新北大道七段498巷,2015/04/01 9:0至2015/04/10 18:0【每日上午9點至下午6點(若遇大雨未施工則順延)】,2015/04/10 18:0以後,29966681,2015/3/30~2015/4/11,242新北市新莊區     
【區域1】屏東縣琉球鄉杉福村;上福村,2015/04/01 8:0至2015/04/30 17:30 ,2015/04/30 17:30以後,08-8325550,2015/3/31~2015/5/1,929屏東縣琉球鄉     
【區域1】彰化縣埔鹽鄉打廉村;南港村;彰化縣溪湖鎮中山里,2015/04/01 9:0至2015/04/10 19:0【每日上午9點至下午7點】,2015/4/1至2015/4/10每日下午 07:00以後,8851778,2015/3/31~2015/4/11,516彰化縣埔鹽鄉     514彰化縣溪湖鎮     
【區域1】新北市新莊區新北大道2段139巷全部.化成路814巷(單號側).光華路19~69號.化成路632號~812號(含其巷弄),2015/04/02 9:0至2015/04/02 18:0 ,2015/04/02 18:0以後,29966681轉208,2015/3/31~2015/4/3,242新北市新莊區     
【區域1】雲林縣土庫鎮忠正里;宮北里;越港里;順天里;溪邊里;大同路;中山路;中正路;文化路;石廟;竹寮,2015/04/01 10:5至2015/04/02 18:0【每日上午8點至下午6點】,2015/04/02 18:0以後,05-6625545  陳祐銓0921-350781,2015/4/1~2015/4/3,633雲林縣土庫鎮     
【區域1】新北市板橋區板橋區大觀路1.2段.龍興街.橋中1.2.3街含巷弄全部,2015/04/02 8:30至2015/04/02 15:0 ,2015/04/02 15:0以後,29612196,2015/4/1~2015/4/3,220新北市板橋區     
【區域1】宜蘭縣宜蘭市延平路42巷及延平路42-3號~5號,2015/04/08 13:0至2015/04/08 17:0【下午1點至下午5點】,2015/04/08 17:0以後,（03）9229847  #350   謝先生,2015/4/1~2015/4/9,260宜蘭縣宜蘭市     
【區域1】台中市霧峰區錦州路328號至449號(沿路含巷弄),2015/04/01 8:30至2015/04/30 18:0【每日上午8點30分至下午6點(晚上恢復供水)】,2015/04/30 18:0以後,04-23393138,2015/4/1~2015/5/1,413台中市霧峰區     
【區域1】彰化縣二林鎮永興里;西庄里;振興里;梅芳里;華崙里;萬興里,2015/04/07 10:0至2015/04/07 19:0 ,2015/04/07 19:0以後,8851778,2015/4/1~2015/4/8,526彰化縣二林鎮     
【區域1】台南市東區1.	裕忠路500號至530號(雙號側) 含巷弄;2.	裕忠二街1-30號(單.雙號側)含巷弄;3.	裕忠三街1-50號(單.雙號側)含巷弄,2015/04/08 8:0至2015/04/08 18:0【每日上午8點至下午6點】,2015/04/08 18:0以後,黃先生06-21381011 #303       0975282150,2015/4/1~2015/4/9,701台南市東區       
【區域1】嘉義市西區湖內里;湖內里,2015/04/06 8:0至2015/04/12 18:0【正常下午6點供水，惟管線末端用戶可能因水流時間延至下午8點供水】,2015/04/12 18:0以後,洪國彬0978-060558 工地負責人：蘇良川0987-866283,2015/4/1~2015/4/13,600嘉義市西區       
【區域1】桃園市龜山區樹人路.新興街254號~264號(雙號側),2015/04/01 18:0至2015/04/02 0:0 ,2015/04/02 0:0以後,0911898609,2015/4/1~2015/4/3,333桃園市龜山區     
【區域1】新北市五股區五股區;1、二區支援：每星期三、四停水：福德里（登林路91號及114-1號以後）。;2、本處第一供水區:每星期五、六停水：新五路一段二段以西（不含成泰路三段及御史路92號及99號前）、德音里、貿商里、陸一里、成泰里、五龍里、五福里、五股里、德泰里、水碓里、民義里、六福里、福德里（登林路91號及114-1號以前）（不含福德里登林路91號及114-1號以後）。;3、不停水里別:觀音里、集賢里、集福里、成德里、成州里、成功里、更寮里、興珍里。;新北市泰山區泰山區;泰山區全區停水;1、二區支援：每星期三、四停水：大科里、黎明里（黎明路一段9號以後、自強路、泰林路三段、黎專路及橫窠雅路）。;2、本處第一供水區:每星期五、六停水：山腳里、同榮里、明志里、同興里、泰友里、貴子里、貴和里、貴賢里、新明里、楓樹里、義仁里、義學里、福泰里、黎明里、全興里、福興里。,2015/04/10 0:0至2015/04/26 0:0 ,2015/04/26 0:0以後,1910,2015/4/1~2015/4/27,248新北市五股區     243新北市泰山區     
【區域1】新北市五股區五股區全部    五股工業區(新北產業園區);新北市泰山區泰山區全部;新北市新莊區壽山路   新莊區福興里部份    新北產業園區,2015/03/10 22:0至2015/04/30 6:0【22:00--06:00】,2015/04/30 6:0以後,1910,2015/4/1~2015/5/1,248新北市五股區     243新北市泰山區     242新北市新莊區     
【區域1】基隆市中山區中山一路;中山二路,2015/04/01 19:0至2015/04/02 0:0 ,2015/04/02 0:0以後,,2015/4/1~2015/4/3,203基隆市中山區     
【區域1】高雄市左營區博愛三路與重上街與文強街一帶,2015/04/02 14:0至2015/04/02 17:0 ,2015/04/02 17:0以後,07-3312292-237,2015/4/2~2015/4/3,813高雄市左營區     
【區域1】高雄市鼓山區龍勝路與至聖路一帶,2015/04/03 11:0至2015/04/03 14:0 ,2015/04/03 14:0以後,07-3312292-237,2015/4/2~2015/4/4,804高雄市鼓山區     
【區域1】高雄市鼓山區美術北三路與美術東二路一帶,2015/04/03 14:0至2015/04/03 17:0 ,2015/04/03 17:0以後,07-3312292-237,2015/4/2~2015/4/4,804高雄市鼓山區     
【區域1】高雄市三民區興昌街與興隆路及正興路一帶,2015/04/04 14:0至2015/04/04 17:0 ,2015/04/04 17:0以後,07-3312292-237,2015/4/2~2015/4/5,807高雄市三民區     
【區域1】高雄市左營區文天路與重愛路及重仁路一帶,2015/04/06 14:0至2015/04/06 17:0 ,2015/04/06 17:0以後,07-3312292-237,2015/4/2~2015/4/7,813高雄市左營區     
【區域1】高雄市小港區高坪37路72街至60街一帶,2015/04/02 14:0至2015/04/02 17:0 ,2015/04/02 17:0以後,07-3312292-237,2015/4/2~2015/4/3,812高雄市小港區     
【區域1】嘉義縣中埔鄉頂埔村,2015/04/02 8:0至2015/04/02 13:0 ,2015/04/02 13:0以後,05-2611075,2015/4/2~2015/4/3,606嘉義縣中埔鄉     
【區域1】高雄市仁武區赤山里 赤吉街(仁孝路339號前至赤吉街97號)、赤祥街(赤祥街1號至赤祥街67號前、赤祥街79號至赤祥街163號)與赤和街(赤吉街46號至赤和街76號前),2015/04/02 8:30至2015/04/02 17:30 ,2015/04/02 17:30以後,(07)3513332 #33,2015/4/2~2015/4/3,814高雄市仁武區     
【區域1】高雄市仁武區赤貴街.赤富街.赤和街.仁孝街,2015/04/02 8:30至2015/04/02 17:30 ,2015/04/02 17:30以後,(07)3513332,2015/4/2~2015/4/3,814高雄市仁武區     
【區域1】嘉義縣中埔鄉同仁村,2015/04/02 10:0至2015/04/02 17:0 ,2015/04/02 17:0以後,05-2611075,2015/4/2~2015/4/3,606嘉義縣中埔鄉     
【區域1】桃園市龜山區復興ㄧ路雙號側(含巷弄).復興北路(含巷弄),2015/04/02 9:0至2015/04/02 17:0 ,2015/04/02 17:0以後,03-329-4999,2015/4/2~2015/4/3,333桃園市龜山區     
【區域1】雲林縣莿桐鄉興貴村;饒平村,2015/04/02 8:0至2015/04/02 18:0【上午8點至下午6點】,2015/04/02 18:0以後,05-5862163,2015/4/2~2015/4/3,647雲林縣莿桐鄉     
【區域1】新竹縣湖口鄉和興村(全) 德興路 山葉路;新竹縣新豐鄉福興村;後湖村,2015/04/02 8:0至2015/04/02 14:0 ,2015/04/02 14:0以後,03-5981603  1910,2015/4/2~2015/4/3,303新竹縣湖口鄉     304新竹縣新豐鄉     
【區域1】花蓮縣花蓮市國慶里;國強里;中山路一段;中央路三段,2015/04/02 9:0至2015/04/02 15:0【上午9點至下午15點】,2015/04/02 15:0以後,038325304,2015/4/2~2015/4/3,970花蓮縣花蓮市     
【區域1】宜蘭縣蘇澳鎮中一橫巷;中二橫巷;中山路一段;光一橫巷;新生路;冷泉路;過港巷(免費客務專線1910廣興給水廠服務電話039553098),2015/04/02 8:45至2015/04/02 12:0 ,2015/04/02 12:0以後,0937849892(免費客務專線1910廣興給水廠服務電話039553098),2015/4/2~2015/4/3,270宜蘭縣蘇澳鎮     
【區域1】屏東縣崁頂鄉全部村里,2015/04/02 8:30至2015/04/02 12:0 ,2015/04/02 12:0以後,08-8325550,2015/4/2~2015/4/3,924屏東縣崁頂鄉     
【區域1】高雄市林園區南星路以東、下厝路以西、中門路以南、港埔二路以北,2015/04/02 9:0至2015/04/02 18:0 ,2015/04/02 18:0以後,7883714,2015/4/2~2015/4/3,832高雄市林園區     
【區域1】桃園市平鎮區平南里;金星里,2015/04/02 9:0至2015/04/02 12:0 ,2015/04/02 12:0以後,4789261,2015/4/2~2015/4/3,324桃園縣平鎮市     
【區域1】花蓮縣新城鄉復興路(單號71號至257號、雙號102號至256號)及77巷(全)、北埔路101巷(全)、自強街(全)、自立街(全)、自助街(全)、自然街(全)、自信街(全),2015/04/02 13:30至2015/04/02 17:30 ,2015/04/02 17:30以後,03-8322016*271,2015/4/2~2015/4/3,971花蓮縣新城鄉     
【區域1】南投縣名間鄉埔中村,2015/04/02 9:0至2015/04/02 17:0 ,2015/04/02 17:0以後,2222635,2015/4/2~2015/4/3,551南投縣名間鄉     
【區域1】彰化縣社頭鄉忠義路.忠孝二路.南勢巷.清水岩路.社石路全部,2015/04/02 10:0至2015/04/02 17:0 ,2015/04/02 17:0以後,8793211.8793277,2015/4/2~2015/4/3,511彰化縣社頭鄉     
【區域1】屏東縣三地門鄉青山村、青葉村;屏東縣高樹鄉高樹村、長榮村、東興村、東振村、菜寮村、大埔村、新南村、田子村、鹽樹村、舊庄村、建興村,2015/04/03 9:0至2015/04/03 10:0 ,2015/04/03 10:0以後,08-7962041,2015/4/2~2015/4/4,901屏東縣三地門鄉   906屏東縣高樹鄉     
【區域1】高雄市林園區鳳林路一段以東、台29線以西、潭平路以南、沿海路一段以北,2015/04/02 9:0至2015/04/02 18:0 ,2015/04/02 18:0以後,7883714,2015/4/2~2015/4/3,832高雄市林園區     
【區域1】高雄市鳳山區鳳松路以東、埤北路以西、鳳誠路以南、博愛路以北,2015/04/02 9:0至2015/04/02 18:0 ,2015/04/02 18:0以後,7883714,2015/4/2~2015/4/3,830高雄市鳳山區     
【區域1】台南市關廟區田中里;深坑里全部,2015/04/02 9:30至2015/04/02 11:0 ,2015/04/02 11:0以後,,2015/4/2~2015/4/3,718台南市關廟區     
【區域1】台中市太平區新福十六街;新福十街;新福東街;新福路等附近一帶,2015/04/02 9:32至2015/04/02 11:30 ,2015/04/02 11:30以後,22442469.1910,2015/4/2~2015/4/3,411台中市太平區     
【區域1】彰化縣二水鄉民族路.文明路.員集路.文化巷全部,2015/04/03 10:0至2015/04/03 17:0 ,2015/04/03 17:0以後,8793211.8793277,2015/4/2~2015/4/4,530彰化縣二水鄉     
【區域1】新竹市東區千甲路、水利路、原興路、太原路、東美路、溪州路、水源街、東勢街,2015/04/02 9:30至2015/04/02 14:30 ,2015/04/02 14:30以後,03-5712141、1910,2015/4/2~2015/4/3,300新竹市東區       
【區域1】台南市南區公英五.六.七街,2015/04/02 9:0至2015/04/02 14:0 ,2015/04/02 14:0以後,06-3036097,2015/4/2~2015/4/3,702台南市南區       
【區域1】桃園市平鎮區延平路二段21巷、107巷,2015/04/02 9:30至2015/04/02 12:0 ,2015/04/02 12:0以後,4251506,2015/4/2~2015/4/3,324桃園市平鎮區     
【區域1】台中市大肚區社腳里;王田里;中和里;福山里;營埔里,2015/04/02 8:0至2015/04/10 18:0【每日上午8點至下午6點】,2015/04/10 18:0以後,04-26312127,2015/4/2~2015/4/11,432台中市大肚區     
【區域1】嘉義市西區民生南路、湖子內路,2015/04/02 10:5至2015/04/02 12:30 ,2015/04/02 12:30以後,0978060560,2015/4/2~2015/4/3,600嘉義市西區       
【區域1】桃園市大溪區仁和二街、三街、八街及仁和東街、西街等，仁和街全區。,2015/04/07 8:0至2015/04/10 19:0【每日早上八點至下午七點】,2015/4/7至2015/4/10每日下午 07:00以後,4712002,2015/4/2~2015/4/11,335桃園市大溪區     
【區域1】彰化縣彰化市介壽北路;南郭路;旭光路;南校街等,2015/04/02 9:0至2015/04/02 10:30 ,2015/04/02 10:30以後,04-7353883,2015/4/2~2015/4/3,500彰化縣彰化市     
【區域1】彰化縣社頭鄉埤斗村;清水村,2015/04/02 10:20至2015/04/02 14:30 ,2015/04/02 14:30以後,048793277,2015/4/2~2015/4/3,511彰化縣社頭鄉     
【區域1】基隆市信義區中興路;東信路;東光路;培德路;崇法街含各巷、弄等一帶。,2015/04/02 10:30至2015/04/02 16:0【於4月2日早上10點30分至下午4點】,2015/04/02 16:0以後,24252103-59,2015/4/2~2015/4/3,201基隆市信義區     
【區域1】高雄市田寮區新興路;山隙路及岡山服務所[中崙寮里全部],2015/04/02 13:0至2015/04/02 17:0 ,2015/04/02 17:0以後,6934819,2015/4/2~2015/4/3,823高雄市田寮區     
【區域1】新竹市北區水田街、鐵道路二段、鐵道路三段、經國路二段、湳雅街、光華街、國華街,2015/04/02 10:45至2015/04/02 14:0 ,2015/04/02 14:0以後,03-5712141、1910,2015/4/2~2015/4/3,300新竹市北區       
【區域1】雲林縣北港鎮樹腳里;扶朝里;水埔里;民生路;文仁路等區域,2015/04/02 10:50至2015/04/02 13:50 ,2015/04/02 13:50以後,057832040,2015/4/2~2015/4/3,651雲林縣北港鎮     
【區域1】南投縣埔里鎮西門里,2015/04/02 10:45至2015/04/02 14:0 ,2015/04/02 14:0以後,0492915176,2015/4/2~2015/4/3,545南投縣埔里鎮     
【區域1】花蓮縣玉里鎮城中五街;成功街;中興街;協興街;民國路一段;大同路174號～202號,2015/04/07 8:0至2015/04/07 17:30 ,2015/04/07 17:30以後,(03)8882403,2015/4/2~2015/4/8,981花蓮縣玉里鎮     
【區域1】台南市善化區六分里;六德里;田寮里,2015/04/02 13:0至2015/04/02 16:0 ,2015/04/02 16:0以後,06-5973437,2015/4/2~2015/4/3,741台南市善化區     
【區域1】高雄市岡山區三和里;山隙路;中崙寮路一帶,2015/04/02 13:0至2015/04/02 17:0 ,2015/04/02 17:0以後,07-6222814,2015/4/2~2015/4/3,820高雄市岡山區     
【區域1】台南市安平區育平路、育平六.七.八街,2015/04/02 11:0至2015/04/02 17:0 ,2015/04/02 17:0以後,06-3036097,2015/4/2~2015/4/3,708台南市安平區     
【區域1】新北市五股區成泰路一段7巷48弄全部及周邊巷弄,2015/04/02 11:0至2015/04/02 15:0 ,2015/04/02 15:0以後,29097480,2015/4/2~2015/4/3,248新北市五股區     
【區域1】屏東縣三地門鄉青山村、青葉村;屏東縣高樹鄉高樹村、長榮村、東興村、東振村、菜寮村、大埔村、新南村、田子村、鹽樹村、舊庄村、建興村,2015/04/03 15:0至2015/04/03 16:0 ,2015/04/03 16:0以後,08-7962041,2015/4/2~2015/4/4,901屏東縣三地門鄉   906屏東縣高樹鄉     
【區域1】台南市東區府連路、林森路一段、健康路一段、大同路一段、五妃街,2015/04/02 11:0至2015/04/02 17:0 ,2015/04/02 17:0以後,06-3036097,2015/4/2~2015/4/3,701台南市東區       
【區域1】高雄市楠梓區藍田里大學26街228號與大學26街218巷交叉口新裝工程新設管線與舊有管線連接,2015/04/02 11:30至2015/04/02 13:30 ,2015/04/02 13:30以後,07-3513332,2015/4/2~2015/4/3,811高雄市楠梓區     
【區域1】新北市汐止區水源路一段,2015/04/02 11:40至2015/04/02 14:40 ,2015/04/02 14:40以後,86478218,2015/4/2~2015/4/3,221新北市汐止區     
【區域1】新北市五股區新北市/五股區/外寮路、登林路、登林路貿商巷、中直路、中直路崩山巷、凌雲路3段、田埔巷、民義路一段及二段、壟鉤路、御史路。;新北市泰山區新北市/泰山區/大科坑路、 犁頭窠、黎明路、自強路、泰林路三段。,2015/04/12 0:0至2015/04/26 8:0 ,2015/04/26 8:0以後,1910,2015/4/2~2015/4/27,248新北市五股區     243新北市泰山區     
【區域1】宜蘭縣冬山鄉富農路一段,2015/04/02 12:40至2015/04/02 16:0 ,2015/04/02 16:0以後,,2015/4/2~2015/4/3,269宜蘭縣冬山鄉     
【區域1】桃園市龜山區萬壽路二段、大同路、海萍路、湖山街、福源街、中興路、山鶯路、明興街、頂興路、陸光路、自強南路、自強西路、后街、中和路等。,2015/04/02 11:30至2015/04/02 16:0 ,2015/04/02 16:0以後,03-3294999,2015/4/2~2015/4/3,333桃園市龜山區     
【區域1】高雄市新興區林森一路81號附近一帶,2015/04/02 13:30至2015/04/02 16:30 ,2015/04/02 16:30以後,07-7321319,2015/4/2~2015/4/3,800高雄市新興區     
【區域1】高雄市彌陀區光和里;海尾里,2015/04/02 13:30至2015/04/02 16:30 ,2015/04/02 16:30以後,07-6222814,2015/4/2~2015/4/3,827高雄市彌陀區     
【區域1】桃園市蘆竹區五福路;五福一路,2015/04/02 11:0至2015/04/02 14:0 ,2015/04/02 14:0以後,03-3346128,2015/4/2~2015/4/3,338桃園市蘆竹區     
【區域1】高雄市彌陀區海尾里;海尾路一帶,2015/04/02 13:40至2015/04/02 16:50 ,2015/04/02 16:50以後,07-6222814,2015/4/2~2015/4/3,827高雄市彌陀區     
【區域1】台中市北屯區軍功路二段;松竹一路等附近一帶,2015/04/02 13:45至2015/04/02 17:45 ,2015/04/02 17:45以後,22442469.1910,2015/4/2~2015/4/3,406台中市北屯區     
【區域1】台中市豐原區國豐路一段691巷,2015/04/02 13:40至2015/04/02 18:0 ,2015/04/02 18:0以後,豐原服務所25269895豐原給水廠25722643,2015/4/2~2015/4/3,420台中市豐原區     
【區域1】基隆市安樂區武嶺街含各巷、弄等一帶。,2015/04/02 13:50至2015/04/02 16:0【於4月2日下午1點50分至4點】,2015/04/02 16:0以後,24252103-59,2015/4/2~2015/4/3,204基隆市安樂區     
【區域1】新北市土城區金城路2段10號，中正路67巷全部，中央路1段177巷、189巷全部，中正路1-65號全部，中正路41巷、31巷、25巷、11巷全部。,2015/04/01 13:0至2015/04/02 18:0【下午1點至下午5點】,2015/04/02 18:0以後,02-22655172,2015/4/2~2015/4/3,236新北市土城區     
【區域1】花蓮縣花蓮市中華路,2015/04/02 14:30至2015/04/02 19:30 ,2015/04/02 19:30以後,8325304,2015/4/2~2015/4/3,970花蓮縣花蓮市     
【區域1】花蓮縣玉里鎮仁愛路一段;源城里客城高地區用戶,2015/04/02 13:50至2015/04/02 14:50 ,2015/04/02 14:50以後,(03)8882403,2015/4/2~2015/4/3,981花蓮縣玉里鎮     
【區域1】高雄市左營區明潭路孔廟後面附近一帶,2015/04/02 14:15至2015/04/02 18:15 ,2015/04/02 18:15以後,07-7321319,2015/4/2~2015/4/3,813高雄市左營區     
【區域1】桃園市中壢區中山東路三段至龍慈路口、普慶路、金鋒街(一~五街)、普光街(二~三街),2015/04/02 14:30至2015/04/02 17:0 ,2015/04/02 17:0以後,4251506,2015/4/2~2015/4/3,320桃園市中壢區     
【區域1】台中市沙鹿區沙鹿區鹿寮里.光華路福田北街.福田南街.德化街.賢義街.賢忠街.賢仁街.賢正街.成功東街等含巷弄,2015/04/02 14:35至2015/04/02 17:35 ,2015/04/02 17:35以後,26312127,2015/4/2~2015/4/3,433台中市沙鹿區     
【區域1】桃園市蘆竹區仁愛路與吉林路口破管搶修，影響範圍五福里、長壽里、瓦窯里、福祿里、吉祥里等部分區域。,2015/04/02 13:30至2015/04/02 17:30 ,2015/04/02 17:30以後,3346127,2015/4/2~2015/4/3,338桃園市蘆竹區     
【區域1】台南市學甲區筏子頭,2015/04/02 15:0至2015/04/02 18:0 ,2015/04/02 18:0以後,7222477,2015/4/2~2015/4/3,726台南市學甲區     
【區域1】桃園市蘆竹區海山路;海山路一段;坑果路,2015/04/02 14:50至2015/04/02 16:30 ,2015/04/02 16:30以後,03-3346128,2015/4/2~2015/4/3,338桃園市蘆竹區     
【區域1】雲林縣虎尾鎮西安里,2015/04/02 15:0至2015/04/02 19:0 ,2015/04/02 19:0以後,05-6322047,2015/4/2~2015/4/3,632雲林縣虎尾鎮     
【區域1】高雄市苓雅區四維一路.福安路.福德三路;河北路;河南路附近一帶,2015/04/02 15:0至2015/04/02 18:0 ,2015/04/02 18:0以後,07-7321319,2015/4/2~2015/4/3,802高雄市苓雅區     
【區域1】苗栗縣西湖鄉二湖村;苗栗縣後龍鎮中和里,2015/04/02 15:30至2015/04/02 17:30 ,2015/04/02 17:30以後,037986206,2015/4/2~2015/4/3,368苗栗縣西湖鄉     356苗栗縣後龍鎮     
【區域1】台南市東區崇德路、東智街、長東街、德東街、崇德26.27街,2015/04/03 8:0至2015/04/03 17:0 ,2015/04/03 17:0以後,06-3036097,2015/4/2~2015/4/4,701台南市東區       
【區域1】嘉義縣民雄鄉松山村松子腳,2015/04/02 16:0至2015/04/02 18:0 ,2015/04/02 18:0以後,0932978332,2015/4/2~2015/4/3,621嘉義縣民雄鄉     
【區域1】台南市新營區三興街380號以西至三興街231號,2015/04/07 9:0至2015/04/07 17:0【上午09時0分點至下午17時0分】,2015/04/07 17:0以後,066322240,2015/4/2~2015/4/8,730台南市新營區     
【區域1】苗栗縣苗栗市文山里，文聖里等,2015/04/02 16:0至2015/04/02 20:0 ,2015/04/02 20:0以後,免費客服專線：1910、苗栗營運所：037-320334,2015/4/2~2015/4/3,360苗栗縣苗栗市     
【區域1】台南市安平區古堡街.國勝路.安平路,2015/04/02 16:30至2015/04/02 19:0 ,2015/04/02 19:0以後,063036097,2015/4/2~2015/4/3,708台南市安平區     
【區域1】台中市潭子區長壽路南三巷;長壽路南四巷,2015/04/02 16:30至2015/04/02 18:30 ,2015/04/02 18:30以後,25722643,2015/4/2~2015/4/3,427台中市潭子區     
【區域1】台南市安南區安中路一段.安中路二段,2015/04/02 16:35至2015/04/02 19:0 ,2015/04/02 19:0以後,063036097,2015/4/2~2015/4/3,709台南市安南區     
【區域1】宜蘭縣礁溪鄉奇立丹路;中山路二段;礁溪路六段;德陽路;德陽街;溫泉路.等區域(疑似地下漏水水壓降低),2015/04/02 16:0至2015/04/02 21:0 ,2015/04/02 21:0以後,1910.9233017,2015/4/2~2015/4/3,262宜蘭縣礁溪鄉     
【區域1】嘉義縣竹崎鄉內埔村,2015/04/02 10:0至2015/04/02 18:0 ,2015/04/02 18:0以後,2611075,2015/4/2~2015/4/3,604嘉義縣竹崎鄉     
【區域1】彰化縣員林鎮育英路160巷47弄全部、育英路160巷49~117號等全部範圍。,2015/04/07 8:0至2015/04/15 18:0【每日上午8點至下午6點】,2015/04/15 18:0以後,1910   員林營運所04-8320083   04-8321341,2015/4/2~2015/4/16,510彰化縣員林鎮     
【區域1】宜蘭縣冬山鄉富農路一段,2015/04/02 12:40至2015/04/02 19:0 ,2015/04/02 19:0以後,,2015/4/2~2015/4/3,269宜蘭縣冬山鄉     
【區域1】台南市安南區海佃路一段、安富街、郡安路五段、府安路五段、安寧街,2015/04/02 14:0至2015/04/02 23:0 ,2015/04/02 23:0以後,06-3036097,2015/4/2~2015/4/3,709台南市安南區     
【區域1】彰化縣芳苑鄉漢寶村,2015/04/02 14:30至2015/04/02 18:30 ,2015/04/02 18:30以後,04-8960240,2015/4/2~2015/4/3,528彰化縣芳苑鄉     
【區域1】彰化縣秀水鄉陝西村;金興村;秀水村,2015/04/02 17:0至2015/04/06 23:59 ,2015/04/06 23:59以後,04-7867970,2015/4/2~2015/4/7,504彰化縣秀水鄉     
【區域1】彰化縣埔心鄉埤腳村;埤霞村,2015/04/02 17:0至2015/04/06 23:59 ,2015/04/06 23:59以後,04-7867970,2015/4/2~2015/4/7,513彰化縣埔心鄉     
【區域1】彰化縣大村鄉全部村里,2015/04/02 17:0至2015/04/06 23:59 ,2015/04/06 23:59以後,04-7867970,2015/4/2~2015/4/7,515彰化縣大村鄉     
【區域1】彰化縣花壇鄉全部村里,2015/04/02 17:0至2015/04/06 23:59 ,2015/04/06 23:59以後,04-7867970,2015/4/2~2015/4/7,503彰化縣花壇鄉     
【區域1】台南市北區1. 公園南路以南(忠義路三段至公園路)(含巷弄);2. 公園路以西(公園南路至北忠街)(含巷弄);3. 北忠街以北(忠義路三段至公園路)(含巷弄);4. 忠義路三段以東(公園南路至北忠街)(含巷弄),2015/04/06 8:0至2015/04/11 18:0【每日上午8點至下午6點】,2015/04/11 18:0以後,蔡先生     06-2370021#228   0981937221,2015/4/2~2015/4/12,704台南市北區       
【區域1】新北市新莊區民本街.西盛街166號~214號+西盛街131號~385號.民安東路1~47號+民安東路2~48號.民安西路1~113號、民安西路2~136號.龍安路451~509號;新樹路268巷(全部含巷弄),2015/04/02 18:30至2015/04/03 3:0 ,2015/04/03 3:0以後,02-29966681~3,2015/4/2~2015/4/4,242新北市新莊區     
【區域1】嘉義縣民雄鄉民雄工業區全部,2015/04/02 18:12至2015/04/02 21:0 ,2015/04/02 21:0以後,,2015/4/2~2015/4/3,621嘉義縣民雄鄉     
【區域1】台中市太平區樹孝路等附近一帶,2015/04/02 18:10至2015/04/02 23:50 ,2015/04/02 23:50以後,04-22442469.1910,2015/4/2~2015/4/3,411台中市太平區     
【區域1】台南市北區1. 公園南路以南(忠義路三段至公園路)(含巷弄);2. 公園路以西(公園南路至北忠街)(含巷弄);3. 北忠街以北(忠義路三段至公園路)(含巷弄);4. 忠義路三段以東(公園南路至北忠街)(含巷弄),2015/04/06 8:0至2015/04/11 18:0【每日上午8點至下午6點】,2015/04/11 18:0以後,蔡先生     06-2370021#228   0981937221,2015/4/2~2015/4/12,704台南市北區       
【區域1】南投縣名間鄉埔中村、崁頂村、炭寮村、松柏村、松山村,2015/04/02 19:30至2015/04/03 12:0 ,2015/04/03 12:0以後,,2015/4/2~2015/4/4,551南投縣名間鄉     
【區域1】高雄市三民區民族一路(九如一路至十全一路間)附近一帶、博愛一路、自由一路、熱河一街、遼寧一街,2015/04/02 16:0至2015/04/03 3:0 ,2015/04/03 3:0以後,07-7321319,2015/4/2~2015/4/4,807高雄市三民區     
【區域1】宜蘭縣礁溪鄉奇立丹路;中山路二段;礁溪路六段;德陽路;德陽街;溫泉路.等區域(疑似地下漏水水壓降低),2015/04/03 9:0至2015/04/03 17:0 ,2015/04/03 17:0以後,1910.9233017,2015/4/3~2015/4/4,262宜蘭縣礁溪鄉     
【區域1】高雄市三民區民族一路(九如一路至十全一路間)附近一帶、博愛一路、自由一路、熱河一街、遼寧一街,2015/04/02 16:0至2015/04/03 8:0 ,2015/04/03 8:0以後,07-7321319,2015/4/3~2015/4/4,807高雄市三民區     
【區域1】苗栗縣頭份鎮崎頂里,2015/04/03 8:0至2015/04/03 10:0 ,2015/04/03 10:0以後,,2015/4/3~2015/4/4,351苗栗縣頭份鎮     
【區域1】屏東縣泰武鄉武潭村;佳平村,2015/04/03 7:50至2015/04/03 13:0 ,2015/04/03 13:0以後,,2015/4/3~2015/4/4,921屏東縣泰武鄉     
【區域1】雲林縣西螺鎮全部村里,2015/04/03 9:0至2015/04/03 12:0 ,2015/04/03 12:0以後,055862163,2015/4/3~2015/4/4,648雲林縣西螺鎮     
【區域1】高雄市仁武區赤貴街.赤富街.赤和街.仁孝街,2015/04/03 8:30至2015/04/03 17:30 ,2015/04/03 17:30以後,(07)3513332,2015/4/3~2015/4/4,814高雄市仁武區     
【區域1】高雄市仁武區赤山里 赤吉街(仁孝路339號前至赤吉街97號)、赤祥街(赤祥街1號至赤祥街67號前、赤祥街79號至赤祥街163號)與赤和街(赤吉街46號至赤和街76號前),2015/04/03 8:30至2015/04/03 17:30 ,2015/04/03 17:30以後,(07)3513332,2015/4/3~2015/4/4,814高雄市仁武區     
【區域1】新竹縣湖口鄉長安路.八德路2.3段,2015/04/03 9:0至2015/04/03 16:0 ,2015/04/03 16:0以後,,2015/4/3~2015/4/4,303新竹縣湖口鄉     
【區域1】宜蘭縣羅東鎮羅莊一街,2015/04/03 10:0至2015/04/03 12:0 ,2015/04/03 12:0以後,,2015/4/3~2015/4/4,265宜蘭縣羅東鎮     
【區域1】台中市南屯區文心南三路、文心南五路、永春東路、永春東一路、向心南路等附近一帶,2015/04/03 10:10至2015/04/03 18:0 ,2015/04/03 18:0以後,1910、04-22442469,2015/4/3~2015/4/4,408台中市南屯區     
【區域1】台中市北屯區漢口路五段、興安路、青島路、文昌東十街、文昌東十一街、昌平路等附近一帶,2015/04/03 10:16至2015/04/03 15:0 ,2015/04/03 15:0以後,1910、0422442469,2015/4/3~2015/4/4,406台中市北屯區     
【區域1】台中市潭子區頭張路二段89巷內住戶,2015/04/03 10:14至2015/04/03 11:44 ,2015/04/03 11:44以後, 0933463729,2015/4/3~2015/4/4,427台中市潭子區     
【區域1】桃園市楊梅區楊湖路四段,2015/04/03 10:30至2015/04/03 13:30 ,2015/04/03 13:30以後,4789261,2015/4/3~2015/4/4,326桃園市楊梅區     
【區域1】新竹縣湖口鄉工業三路;工業五路;工業四路;光復南路;光復路;四維路;漢陽路,2015/04/03 10:30至2015/04/03 11:30 ,2015/04/03 11:30以後,免費客服專線1910；湖口營運所035-981603,2015/4/3~2015/4/4,303新竹縣湖口鄉     
【區域1】花蓮縣壽豐鄉豐山村忠孝街;豐山村仁愛街;豐山村和平街;豐山街,2015/04/03 11:0至2015/04/03 13:0 ,2015/04/03 13:0以後,8325304,2015/4/3~2015/4/4,974花蓮縣壽豐鄉     
【區域1】新北市五股區登林路全部及周邊巷弄,2015/04/03 11:0至2015/04/03 17:0 ,2015/04/03 17:0以後,29097480,2015/4/3~2015/4/4,248新北市五股區     
