停水範圍,停水期間,恢復供水時間,查詢電話,發佈期間,發佈區域
【區域1】台南市新市區大社里;潭頂里,2014/12/11 10:0至2015/05/31 23:0 ,2015/05/31 23:0以後,06-5973437,2014/12/11~2015/6/1,744台南市新市區     
【區域1】嘉義縣太保市北新里;過溝里;麻寮里;南新里;嘉太工業區中興路;嘉太工業區光復路;嘉太工業區和順路;嘉太工業區建工路;嘉太工業區嘉太路;嘉太工業區興業路,2015/03/10 10:0至2015/05/10 10:0 ,2015/05/10 10:0以後,053742044,2015/3/10~2015/5/11,612嘉義縣太保市     
【區域3】嘉義縣太保市過溝里;麻寮里;南新里;北新里;嘉太工業區中興路;嘉太工業區光復路;嘉太工業區和順路;嘉太工業區建工路;嘉太工業區嘉太路;嘉太工業區興業路,2015/03/10 10:0至2015/05/10 10:0 ,2015/05/10 10:0以後,053742044,2015/3/10~2015/5/11,612嘉義縣太保市     
【區域1】新竹縣湖口鄉和興村、東興村、德盛村、愛勢村、仁勢村、孝勢村、信勢村、中勢村、中正村、信義村、長嶺村、長安村、湖口村、湖鏡村;新竹縣新豐鄉瑞興村、福興村、後湖村,2015/04/01 0:0至2015/06/30 0:0 ,2015/06/30 0:0以後,03-5981603  1910,2015/3/23~2015/7/1,303新竹縣湖口鄉     304新竹縣新豐鄉     
【區域1】新竹縣湖口鄉和興村、東興村、德盛村、愛勢村、仁勢村、孝勢村、信勢村、中勢村、中正村、信義村、長嶺村、長安村、湖口村、湖鏡村;新竹縣新豐鄉瑞興村、福興村、後湖村,2015/04/01 0:0至2015/06/30 0:0【每星期三;四;零晨0時起】,2015/06/30 0:0以後,03-5981603  1910,2015/3/23~2015/7/1,303新竹縣湖口鄉     304新竹縣新豐鄉     
【區域1】屏東縣高樹鄉南華村;泰山村三民路1號至10號之間,2015/03/27 8:0至2015/06/23 18:0【每日上午8點至下午6點】,2015/06/23 18:0以後,087962041,2015/3/27~2015/6/24,906屏東縣高樹鄉     
【區域1】新北市鶯歌區中山路,2015/04/08 9:0至2015/05/31 18:0【訂於104年04月08日至104年05月31日每日施工自上午9時至18時停水.當日施工自18時恢復供水】,2015/05/31 18:0以後,26792527.26792224,2015/4/7~2015/6/1,239新北市鶯歌區     
【區域1】嘉義縣太保市北新里;過溝里;麻寮里;南新里;嘉太工業區中興路;嘉太工業區光復路;嘉太工業區和順路;嘉太工業區建工路;嘉太工業區嘉太路;嘉太工業區興業路,2015/03/10 10:0至2015/05/10 10:0 ,2015/05/10 10:0以後,053742044,2015/4/13~2015/5/11,612嘉義縣太保市     
【區域3】嘉義縣太保市過溝里;麻寮里;南新里;北新里;嘉太工業區中興路;嘉太工業區光復路;嘉太工業區和順路;嘉太工業區建工路;嘉太工業區嘉太路;嘉太工業區興業路,2015/3/10 10:0至2015/5/10 10:0 ,2015/5/10 10:0以後,053742044,2015/4/13~2015/5/11,612嘉義縣太保市     
【區域1】彰化縣員林鎮仁美里和平東街2號~22號;三和里信義巷7弄1號~35號,2015/04/22 8:0至2015/05/08 17:30【每日上午8點至下午17點30分】,2015/05/08 17:30以後,1910   員林營運所04-8320083   04-8321341,2015/4/20~2015/5/9,510彰化縣員林鎮     
【區域1】嘉義縣大林鎮三和里;林子頭;林子前,2015/04/28 8:0至2015/05/22 18:0【每日上午8點至下午6點】,2015/05/22 18:0以後,05-2262806,2015/4/21~2015/5/23,622嘉義縣大林鎮     
【區域1】新北市五股區五股區全部    五股工業區(新北產業園區);新北市泰山區泰山區全部;新北市新莊區壽山路   新莊區福興里部份    新北產業園區,2015/03/10 22:0至2015/05/31 6:0【22:00--06:00】,2015/05/31 6:0以後,1910,2015/4/22~2015/6/1,248新北市五股區     243新北市泰山區     242新北市新莊區     
【區域1】嘉義縣大林鎮三和里,2015/04/28 8:0至2015/05/22 18:0【上午8時至下午6時】,2015/05/22 18:0以後,0937355685,2015/4/23~2015/5/23,622嘉義縣大林鎮     
【區域1】彰化縣員林鎮光明里、三義里、三條里、東和里、新興里、和平里、仁美里、三信里、三愛里、新生里、中山里、三多里、三橋里、南平里、南興里、大埔里、源潭里、中正里、仁愛里、三和里全部。,2015/04/23 8:0至2015/05/15 18:0【每日上午8點至下午6點】,2015/05/15 18:0以後,1910   員林營運所04-8320083   04-8321341,2015/4/23~2015/5/16,510彰化縣員林鎮     
【區域3】彰化縣員林鎮光明里、三義里、三條里、東和里、新興里、和平里、仁美里、三信里、三愛里、新生里、中山里、三多里、三橋里、南平里、南興里、大埔里、源潭里、中正里、仁愛里、三和里全部。,2015/04/23 8:0至2015/05/15 18:0【每日上午8點至下午6點】,2015/05/15 18:0以後,1910   員林營運所04-8320083   04-8321341,2015/4/23~2015/5/16,510彰化縣員林鎮     
【區域1】台南市仁德區全部,2015/04/24 0:0至2015/05/15 0:0 ,2015/05/15 0:0以後,,2015/4/24~2015/5/16,717台南市仁德區     
【區域1】台南市仁德區全部,2015/04/24 0:0至2015/05/15 0:0 ,2015/05/15 0:0以後,,2015/4/24~2015/5/16,717台南市仁德區     
【區域1】台南市仁德區全部,2015/04/24 0:0至2015/05/15 0:0 ,2015/05/15 0:0以後,,2015/4/24~2015/5/16,717台南市仁德區     
【區域1】台南市仁德區全部,2015/04/24 0:0至2015/05/15 0:0 ,2015/05/15 0:0以後,,2015/4/24~2015/5/16,717台南市仁德區     
【區域1】新北市五股區孝義路,2015/04/28 9:0至2015/05/10 18:0【每日早上九時停水，晚間六時恢復供水。】,2015/05/10 18:0以後,29097480,2015/4/24~2015/5/11,248新北市五股區     
【區域1】嘉義市東區興南里吳鳳南路17巷、25巷、37巷、49巷及垂楊路211巷,2015/04/27 8:0至2015/05/15 18:0【每日上午8點至下午6點(管線末端用戶至下午8點)施工範圍內依工程進度分區停供水】,2015/05/15 18:0以後,05-2252670轉252,2015/4/27~2015/5/16,600嘉義市嘉義市     
【區域1】彰化縣員林鎮員林鎮大饒路659巷、659巷686弄，543巷、543巷310、320、322弄，803巷，341巷等等,2015/04/27 9:0至2015/05/17 18:0【每日上午9點至下午6點】,2015/4/27至2015/5/17每日下午 06:00以後,04-8320083,2015/4/27~2015/5/18,510彰化縣員林鎮     
【區域1】新北市五股區每星期五、六停水：;新北市/泰山區/泰山區全區停水， 山腳里、同榮里、明志里、同興里、泰友里、貴子里、貴和里、貴賢里、新明里、楓樹里、義仁里、義學里、福泰里、黎明里、全興里、福興里。;新北市/五股區/五股區新五路一段、二段以西（不含成泰路三段及御史路92號及77號前）、德音里、貿商里、陸一里、成泰里、五龍里、五福里、五股里、德泰里、水碓里、民義里、六福里、福德里（登林路91號及114-1號以前）（不含福德里登林路91號及114-1號以後）。;新北市泰山區每星期五、六停水：;新北市/泰山區/泰山區全區停水， 山腳里、同榮里、明志里、同興里、泰友里、貴子里、貴和里、貴賢里、新明里、楓樹里、義仁里、義學里、福泰里、黎明里、全興里、福興里。;新北市/五股區/五股區新五路一段、二段以西（不含成泰路三段及御史路92號及77號前）、德音里、貿商里、陸一里、成泰里、五龍里、五福里、五股里、德泰里、水碓里、民義里、六福里、福德里（登林路91號及114-1號以前）（不含福德里登林路91號及114-1號以後）。,2015/05/01 0:0至2015/05/31 6:0【 每星期五、六停水】,2015/05/31 6:0以後,1910,2015/4/28~2015/6/1,248新北市五股區     243新北市泰山區     
【區域1】新北市五股區每星期三、四停水：;新北市/泰山區/大科里、黎明里（黎明路9號以後、自強路、泰林路三段、同榮里犁頭窠）。;新北市/五股區/福德里（登林路91號及114-1號以後）。;;;轄內高地區或管線末端可能延後復水,2015/04/29 0:0至2015/05/29 6:0【每星期三、四停水】,2015/05/29 6:0以後,1910,2015/4/28~2015/5/30,248新北市五股區     
【區域1】屏東縣琉球鄉上福村;杉福村,2015/05/04 8:0至2015/05/31 20:0 ,2015/05/31 20:0以後,08-8325550,2015/4/28~2015/6/1,929屏東縣琉球鄉     
【區域1】台中市太平區長龍路二段.長龍路三段.北田路.福利巷.南國巷.長龍路三段290巷.長龍路三段245巷等附近一帶,2015/05/04 8:0至2015/06/04 17:0【每日上午8點至下午5點】,2015/5/4至2015/6/4每日下午 05:00以後,22442469.1910,2015/4/28~2015/6/5,411台中市太平區     
【區域1】台中市太平區宜文街;新平路二段;溪洲西路;宜昌路;宜安街,2015/05/04 8:0至2015/06/30 6:30【每日上午8點至下午6點30分】,2015/06/30 6:30以後,04-22442469;1910,2015/4/29~2015/7/1,411台中市太平區     
【區域1】台南市仁德區全部,2015/04/24 0:0至2015/05/15 0:0 ,2015/05/15 0:0以後,,2015/4/29~2015/5/16,717台南市仁德區     
【區域1】宜蘭縣蘇澳鎮福德西巷2號至80號及隆恩路6號至7-2號,2015/05/08 13:0至2015/05/08 17:0 ,2015/05/08 17:0以後,03-9589177,2015/4/30~2015/5/9,270宜蘭縣蘇澳鎮     
【區域1】台南市永康區忠孝路、復興路、勝學路、成功路、中興路、振興路、大灣路、大同街、富強路一段、民族路、正強街、文賢街、新興街、鹽洲二街、鹽行路、仁愛街、三村一街、三村二街、中華西街、中山南路,2015/04/27 10:0至2015/05/20 18:0 ,2015/5/20 18:0以後,1910   06-2325714,2015/5/2~2015/5/21,710台南市永康區     
【區域3】台南市永康區忠孝路、復興路,2015/4/27 10:0至2015/5/20 18:0 ,2015/5/20 18:0以後,1910   06-2325714,2015/5/2~2015/5/21,710台南市永康區     
【區域1】台中市大肚區社腳里;王田里;中和里;福山里;營埔里,2015/05/04 8:0至2015/05/13 18:0【每日上午8點至下午6點】,2015/05/13 18:0以後,04-26312127,2015/5/4~2015/5/14,432台中市大肚區     
【區域1】彰化縣伸港鄉全部;彰化縣和美鎮全部;彰化縣彰化市全部;彰化縣線西鄉全部,2015/05/04 12:0至2015/07/31 23:0【每日上午0點至上午7點 及每日中午12點至下午6點 及每日晚間10點至晚間12點】,2015/07/31 23:0以後,04-7353883,2015/5/4~2015/8/1,509彰化縣伸港鄉     508彰化縣和美鎮     500彰化縣彰化市     507彰化縣線西鄉     
【區域1】高雄市田寮區全區（鹿埔里、古亭里除外）;高雄市阿蓮區（峰山里;中正路16巷);高雄市燕巢區全區,2015/05/18 10:0至2015/05/18 22:0 ,2015/05/18 22:0以後,1910,2015/5/4~2015/5/19,823高雄市田寮區     822高雄市阿蓮區     824高雄市燕巢區     
【區域1】高雄市永安區保興里,2015/05/13 13:0至2015/05/14 0:0 ,2015/05/14 0:0以後,1910,2015/5/4~2015/5/15,828高雄市永安區     
【區域1】南投縣埔里鎮枇杷里、北安里、泰安里、北梅里、大湳里、牛眠里、西門里、北門里,2015/05/04 23:0至2015/05/11 23:0 ,2015/05/11 23:0以後,049-2915176,2015/5/4~2015/5/12,545南投縣埔里鎮     
【區域1】台中市霧峰區吉峰路1號至46號、中正路1224巷至草湖橋頭1340號雙向(含巷弄),2015/05/05 8:30至2015/05/20 18:0【:每日上午8點30分至下午6點】,2015/05/20 18:0以後,04-23393138,2015/5/5~2015/5/21,413台中市霧峰區     
【區域1】彰化縣員林鎮員南路、坡姜巷、山腳路1段等,2015/05/05 8:0至2015/05/19 18:0【每日上午8點至下午6點】,2015/5/5至2015/5/19每日下午 06:00以後,承包商-雅喬工程有限公司蕭博鴻0984-459881，監工人員-梁福智04-7245031*302,2015/5/5~2015/5/20,510彰化縣員林鎮     
【區域1】新北市五股區新北市/泰山區/泰山區全區停水， 山腳里、同榮里、明志里、同興里、泰友里、貴子里、貴和里、貴賢里、新明里、楓樹里、義仁里、義學里、福泰里、黎明里、全興里、福興里。;新北市/五股區/五股區新五路一段、二段以西（不含成泰路三段及御史路92號及77號前）、德音里、貿商里、陸一里、成泰里、五龍里、五福里、五股里、德泰里、水碓里、民義里、六福里、福德里（登林路91號及114-1號以前）（不含福德里登林路91號及114-1號以後）。;新北市泰山區新北市/泰山區/泰山區全區停水， 山腳里、同榮里、明志里、同興里、泰友里、貴子里、貴和里、貴賢里、新明里、楓樹里、義仁里、義學里、福泰里、黎明里、全興里、福興里。;新北市/五股區/五股區新五路一段、二段以西（不含成泰路三段及御史路92號及77號前）、德音里、貿商里、陸一里、成泰里、五龍里、五福里、五股里、德泰里、水碓里、民義里、六福里、福德里（登林路91號及114-1號以前）（不含福德里登林路91號及114-1號以後）。,2015/05/08 0:0至2015/05/31 0:0【 每星期五、六停水】,2015/05/31 0:0以後,1910,2015/5/5~2015/6/1,248新北市五股區     243新北市泰山區     
【區域1】新北市五股區新北市/泰山區/大科里、黎明里（黎明路9號以後、自強路、泰林路三段、同榮里犁頭窠）。;新北市/五股區/福德里（登林路91號及114-1號以後）。;;;轄內高地區或管線末端可能延後復水：;新北市泰山區新北市/泰山區/大科里、黎明里（黎明路9號以後、自強路、泰林路三段、同榮里犁頭窠）。;新北市/五股區/福德里（登林路91號及114-1號以後）。;;;轄內高地區或管線末端可能延後復水：,2015/05/06 0:0至2015/05/29 0:0【每星期三、四停水】,2015/05/29 0:0以後,1910,2015/5/5~2015/5/30,248新北市五股區     243新北市泰山區     
【區域1】台中市南屯區春社里;文山里;寶山里;文山一街;文山七街;文山九街;文山二街;文山八街;文山十一街;文山十街;文山三街;文山六街;文山五街;永春南路;永春路;精科路;寶山一街;寶山二街;寶山五街;寶山三街;寶山六街;寶山東二街;工業區十八路;忠勇路;嶺東路;五權西路三段，培德路;精科東路;保安一街;保安七街;保安九街;保安二街;保安八街;保安十街;保安三街;保安五街;保安六街;永春北路;文山路，向上路五段，七星北街，七星南街,2015/04/27 8:30至2015/05/08 17:30【每日上午8時30分至下午5時30分】,2015/05/08 17:30以後,1910，04-22442469,2015/5/5~2015/5/9,408台中市南屯區     
【區域1】彰化縣田尾鄉新生村、南鎮村、新興村、光復路、平和路、新民路、地政路、裕民路、新興路、民權路、延平路、富農路等一帶,2015/05/05 8:0至2015/05/19 18:0【管線末端及高地區將延後至23點前復水】,2015/5/5至2015/5/19每日下午 06:00以後,04-7245031-301監工人員楊凱鈞、0933-561826承包商沅盛工程有限公司,2015/5/5~2015/5/20,522彰化縣田尾鄉     
【區域1】台南市仁德區仁義路、仁義一街、仁義二街、仁義三街、仁義四街、義林二街、義林三街、義林六街(皆含巷弄),2015/05/05 8:0至2015/05/08 17:0【每日上午8點至下午5點】,2015/05/08 17:0以後,06-2303756,2015/5/5~2015/5/9,717台南市仁德區     
【區域1】嘉義市東區垂楊路171號、宣信街231號至349號(單號)、292號至494號(雙號)包含巷道等所有住戶,2015/05/06 13:0至2015/05/08 18:0【每日下午1點至下午6點(管線末端至下午8點)】,2015/05/08 18:0以後,05-2252670轉252,2015/5/5~2015/5/9,600嘉義市東區       
【區域1】南投縣草屯鎮省府路.草溪路(碧洲里 阿發橋至碧興路).富貴巷(全)及碧興路一段,2015/05/06 8:0至2015/05/12 18:0【每日上午8點至下午6點】,2015/5/6至2015/5/12每日下午 06:00以後,049-2563505,2015/5/6~2015/5/13,542南投縣草屯鎮     
【區域1】新北市蘆洲區信義路(與集賢路口)至信義路201號(雙側含巷弄),2015/05/06 19:0至2015/05/08 7:0【每日晚間七點至隔日早上八點】,2015/05/08 7:0以後,02-2996-8961,2015/5/6~2015/5/9,247新北市蘆洲區     
【區域1】彰化縣大村鄉美港村、擺塘村及各沿線巷道等附近範圍。;彰化縣員林鎮三多里、三信里、三愛里、三義里、三橋里、大埔里、中山里、和平里、南平里、南興里、浮圳里、新生里、新興里、源潭里及各沿線巷道等附近範圍。,2015/05/19 13:30至2015/05/19 15:0 ,2015/05/19 15:0以後,1910   員林營運所04-8320083   04-8321341,2015/5/6~2015/5/20,515彰化縣大村鄉     510彰化縣員林鎮     
【區域3】彰化縣員林鎮三和里、三條里、大明里、中正里，仁美里、中央里、民生里、光明里、東和里、忠孝里、浮圳里、崙雅里、惠來里、新生里、源潭里、萬年里、黎明里、溝皂里、大饒里及各沿線巷道等附近範圍。,2015/05/19 13:30至2015/05/19 15:0 ,2015/05/19 15:0以後,1910   員林營運所04-8320083   04-8321341,2015/5/6~2015/5/20,510彰化縣員林鎮     
【區域1】彰化縣員林鎮三和里、、三條里、大明里、中正里，仁美里、中央里、民生里、光明里、東和里、忠孝里、浮圳里、崙雅里、惠來里、新生里、源潭里、萬年里、黎明里、溝皂里、大饒里及各沿線巷道等附近範圍。,2015/05/20 13:30至2015/05/20 15:0 ,2015/5/20 15:0以後,1910   員林營運所04-8320083   04-8321341,2015/5/6~2015/5/21,510彰化縣員林鎮     
【區域3】彰化縣大村鄉美港村、擺塘村及各沿線巷道等附近範圍。;彰化縣員林鎮三多里、三信里、三愛里、三義里、三橋里、大埔里、中山里、和平里、南平里、南興里、浮圳里、新生里、新興里、源潭里及各沿線巷道等附近範圍。,2015/5/20 13:30至2015/5/20 15:0 ,2015/5/20 15:0以後,1910   員林營運所04-8320083   04-8321341,2015/5/6~2015/5/21,515彰化縣大村鄉     510彰化縣員林鎮     
【區域1】新北市蘆洲區信義路197號至281號(雙側含巷弄),2015/05/07 19:0至2015/05/18 8:0【每日晚間七點至隔日早上八點】,2015/05/18 8:0以後,02-2996-8961,2015/5/6~2015/5/19,247新北市蘆洲區     
【區域1】台東縣台東市台東市富岡街、松江路一段等巷道;(大陳新村);台東縣卑南鄉卑南鄉富山村漁場;台東縣東河鄉東河鄉都蘭村郡界,2015/05/07 8:0至2015/05/08 18:0【每日上午8點至下午6點】,2015/05/08 18:0以後,承包商電話:0920-616378(許瀛豪)    監造人員電話:0932-559811(謝仲科),2015/5/6~2015/5/9,950台東縣台東市     954台東縣卑南鄉     959台東縣東河鄉     
【區域1】台中市潭子區中興路32巷,2015/05/04 8:30至2015/05/08 17:30【每日早上八點半至下午五點半】,2015/05/08 17:30以後,(04)25722643  (04)25262721,2015/5/7~2015/5/9,427台中市潭子區     
【區域1】雲林縣斗六市重光里 林頭里,2015/05/08 8:0至2015/05/08 18:0 ,2015/5/8 18:0以後,05-5322362,2015/5/7~2015/5/9,640雲林縣斗六市     
【區域3】雲林縣斗六市重光里 林頭里,2015/5/8 8:0至2015/5/8 18:0 ,2015/5/8 18:0以後,05-5322362,2015/5/7~2015/5/9,640雲林縣斗六市     
【區域1】嘉義縣溪口鄉三疊溪.下員林,2015/05/13 8:0至2015/06/18 18:0【每日上午8點至下午6點】,2015/06/18 18:0以後,0937355685,2015/5/7~2015/6/19,623嘉義縣溪口鄉     
【區域1】嘉義縣大林鎮溪口鄉三疊溪;下員林,2015/05/13 8:0至2015/06/18 18:0【每日上午8點至下午6點】,2015/06/18 18:0以後,05-2262806,2015/5/7~2015/6/19,622嘉義縣大林鎮     
【停水區域一】南投縣草屯鎮草溪路(溝墘巷至富貴巷)一帶,2015/05/08 8:0至2015/05/22 16:0,2015/05/22 16:0以後,049-2563505,2015/5/7~2015/5/23,542南投縣草屯鎮     
【停水區域一】桃園市蘆竹區桃園市蘆竹區山腳村、外社村、坑子村、山鼻村,2015/05/08 0:0至2015/05/08 6:0,2015/05/08 6:0以後,,2015/5/7~2015/5/9,338桃園市蘆竹區     
【區域1】台南市關廟區新光里;許厝湖,2015/05/01 8:0至2015/05/15 17:0【每日上午8點至下午5點】,2015/05/15 17:0以後,,2015/5/7~2015/5/16,718台南市關廟區     
【停水區域一】基隆市七堵區長安街;明德三路含各巷、弄等一帶。,2015/05/07 18:0至2015/05/08 0:0,2015/05/08 0:0以後,24252103-59,2015/5/7~2015/5/9,206基隆市七堵區     
【停水區域一】南投縣中寮鄉復興巷、新城巷,2015/05/07 18:0至2015/05/08 3:0,2015/05/08 3:0以後,2222635,2015/5/7~2015/5/9,541南投縣中寮鄉     
【停水區域一】新北市林口區竹林路53巷1號~22號;竹林路1~71號;中山路145號;佳林路217~267號,2015/05/08 9:0至2015/05/08 17:0,2015/05/08 17:0以後,1910;26031880,2015/5/8~2015/5/9,244新北市林口區     
【停水區域一】嘉義縣朴子市文化南路;新進路;新興路,2015/05/08 8:30至2015/05/08 18:0,2015/05/08 18:0以後,05-3700625,2015/5/8~2015/5/9,613嘉義縣朴子市     
【停水區域一】高雄市左營區新下里新莊一路北側(華夏路至文上街)一帶,2015/05/08 10:0至2015/05/08 18:0,2015/05/08 18:0以後,3312292-237,2015/5/8~2015/5/9,813高雄市左營區     
【停水區域一】雲林縣斗六市重光里、林頭里,2015/05/08 8:0至2015/05/08 18:0,2015/05/08 18:0以後,5322362,2015/5/8~2015/5/9,640雲林縣斗六市     
【停水區域一】雲林縣斗六市成功里-大學路二段,2015/05/08 8:0至2015/05/08 17:0,2015/05/08 17:0以後,5322362,2015/5/8~2015/5/9,640雲林縣斗六市     
【停水區域一】台南市七股區大埕;篤加,2015/05/08 8:35至2015/05/08 12:0,2015/05/08 12:0以後,7222477,2015/5/8~2015/5/9,724台南市七股區     
【停水區域一】新竹市東區新竹市/東區/光復路一段;新竹縣竹東鎮新竹縣/竹東鎮/中興路四段;竹美路一段;竹美路二段;竹中路;員山路;下員山;下員山路,2015/05/08 8:0至2015/05/08 19:0,2015/05/08 19:0以後,5712141-5733523    監工人員0928578810,2015/5/8~2015/5/9,300新竹市東區       310新竹縣竹東鎮     
【停水區域一】新竹縣芎林鄉五和街;山豬湖;石壁潭;富林路一段;福昌街,2015/05/08 8:30至2015/05/08 12:0,2015/05/08 12:0以後,035552501,2015/5/8~2015/5/9,307新竹縣芎林鄉     
【停水區域一】新北市板橋區民權路260巷，含巷弄全部,2015/05/08 8:0至2015/05/08 18:0,2015/05/08 18:0以後,29612196 or 0970015441,2015/5/8~2015/5/9,220新北市板橋區     
【停水區域一】台中市豐原區南陽路綠山巷.龍頂山莊等50戶,2015/05/08 8:30至2015/05/08 13:30,2015/05/08 13:30以後,(04)25722643  (04)25262721,2015/5/8~2015/5/9,420台中市豐原區     
【停水區域一】台南市永康區中山南路316巷2號(發佈單位:台南給水廠)，本訊息無停水區域，唯台南市(永華六區)會有水壓降低情形【不會造成停水，但水壓降低情形會持續至限水解除為止】，無法直接供水3F，若貴用戶發現內線無水時，請檢查1F直接供水之水龍頭與間接加壓設備是否正常。,2015/05/08 9:0至2015/05/08 9:1,2015/05/08 9:1以後,1910，3036097,2015/5/8~2015/5/9,710台南市永康區     
【停水區域一】台東縣台東市泰安街;仁五街;仁六街;仁七街全部,2015/05/08 8:10至2015/05/08 14:0,2015/05/08 14:0以後,0978-775829,2015/5/8~2015/5/9,950台東縣台東市     
【停水區域一】嘉義縣新港鄉宮前村古民街8巷(文昌國小東側),2015/05/08 9:0至2015/05/08 12:0,2015/05/08 12:0以後,05-3742044,2015/5/8~2015/5/9,616嘉義縣新港鄉     
【停水區域一】台中市沙鹿區中山路76巷一帶,2015/05/08 9:0至2015/05/08 13:30,2015/05/08 13:30以後,04-26312127,2015/5/8~2015/5/9,433台中市沙鹿區     
【停水區域一】高雄市鳳山區澄清路以東、埤北路以西、建國路三段以南、國泰路一段以北,2015/05/08 9:0至2015/05/08 18:0,2015/05/08 18:0以後,7883714,2015/5/8~2015/5/9,830高雄市鳳山區     
【停水區域一】高雄市六龜區六龜里及義寶里皆受影響。,2015/05/08 9:13至2015/05/08 12:0,2015/05/08 12:0以後,0933376319,2015/5/8~2015/5/9,844高雄市六龜區     
【停水區域一】高雄市鳳山區中山四路以東;南華路以西;五甲二路以南;漁村街以北,2015/05/08 9:0至2015/05/08 18:0,2015/05/08 18:0以後,7883714,2015/5/8~2015/5/9,830高雄市鳳山區     
【停水區域一】桃園市大溪區大溪區石園路703內全部,2015/05/08 9:0至2015/05/08 13:0,2015/05/08 13:0以後,4712002,2015/5/8~2015/5/9,335桃園市大溪區     
【停水區域一】苗栗縣苗栗市維祥里.勝利里.全部,2015/05/08 8:45至2015/05/08 17:0,2015/05/08 17:0以後,037320335.037330637,2015/5/8~2015/5/9,360苗栗縣苗栗市     
【區域1】台南市仁德區仁義路、仁義一街、仁義二街、仁義三街、仁義四街、義林二街、義林三街、義林六街(皆含巷弄),2015/05/05 8:0至2015/05/09 17:0【每日上午8點至下午5點】,2015/05/09 17:0以後,06-2303756,2015/5/8~2015/5/10,717台南市仁德區     
【停水區域一】桃園市中壢區健行路與中北路等地區(東興里;石頭里)。,2015/05/21 22:0至2015/05/22 9:0,2015/05/22 9:0以後,免付費服務電話：1910  中壢服務所:03-4251506,2015/5/8~2015/5/23,320桃園市中壢區     
【停水區域一】台中市太平區長龍路一段;長龍路二段;長龍路三段;北田路等附近一帶,2015/05/08 9:40至2015/05/08 14:40,2015/05/08 14:40以後,22442469.1910,2015/5/8~2015/5/9,411台中市太平區     
【停水區域一】新北市樹林區中山路2段151巷全部(含巷弄)、東興街16巷28、30號,2015/05/11 9:0至2015/05/11 18:0,2015/05/11 18:0以後,02-26812254,2015/5/8~2015/5/12,238新北市樹林區     
【停水區域一】桃園市大園區沙崙里,2015/05/08 9:36至2015/05/08 17:0,2015/05/08 17:0以後,3862156,2015/5/8~2015/5/9,337桃園市大園區     
【停水區域一】高雄市左營區文康路１６３巷巷口附近一帶,2015/05/08 9:40至2015/05/08 12:40,2015/05/08 12:40以後,07-7321319,2015/5/8~2015/5/9,813高雄市左營區     
【停水區域一】苗栗縣苗栗市長春街全部,2015/05/08 8:50至2015/05/08 14:50,2015/05/08 14:50以後,037320335.037330637,2015/5/8~2015/5/9,360苗栗縣苗栗市     
【停水區域一】台中市北屯區橫坑巷等附近一帶,2015/05/08 10:0至2015/05/08 18:0,2015/05/08 18:0以後,22442469.1910,2015/5/8~2015/5/9,406台中市北屯區     
【停水區域一】南投縣名間鄉部下村全部,2015/05/08 9:50至2015/05/08 12:0,2015/05/08 12:0以後,049222635,2015/5/8~2015/5/9,551南投縣名間鄉     
【停水區域一】屏東縣東港鎮全部村里;屏東縣林邊鄉全部村里;屏東縣琉球鄉全部村里;屏東縣新園鄉全部村里,2015/05/12 9:0至2015/05/13 0:0,2015/05/13 0:0以後,08-832550,2015/5/8~2015/5/14,928屏東縣東港鎮     927屏東縣林邊鄉     929屏東縣琉球鄉     932屏東縣新園鄉     
【停水區域一】桃園市蘆竹區坑果路、海山路、海山路一段,2015/05/08 10:0至2015/05/08 18:0,2015/05/08 18:0以後,03-3346127,2015/5/8~2015/5/9,338桃園市蘆竹區     
【停水區域一】桃園市觀音區藍埔里,2015/05/08 9:55至2015/05/08 18:0,2015/05/08 18:0以後,3862156,2015/5/8~2015/5/9,328桃園市觀音區     
【停水區域一】新北市樹林區太平路、東豐街全部,2015/05/08 10:0至2015/05/08 13:30,2015/05/08 13:30以後,02-26812254,2015/5/8~2015/5/9,238新北市樹林區     
【停水區域一】宜蘭縣五結鄉季水路(免費客務專線1910;廣興給水廠服務電話039553098);,2015/05/08 10:0至2015/05/08 12:0,2015/05/08 12:0以後,0937849881,2015/5/8~2015/5/9,268宜蘭縣五結鄉     
【停水區域一】台中市大甲區新美里,2015/05/08 10:16至2015/05/08 12:0,2015/05/08 12:0以後,免費客服專線1910；大甲營運所04-26872777,2015/5/8~2015/5/9,437台中市大甲區     
【停水區域一】高雄市小港區大業北路宮和街交點附近一帶,2015/05/08 10:25至2015/05/08 12:25,2015/05/08 12:25以後,07-7321319,2015/5/8~2015/5/9,812高雄市小港區     
【區域1】台中市新社區中正里;中和里;中興里;永源里;協成里;東興里;復盛里;新社里;慶西里,2015/05/08 10:35至2015/05/08 14:0 ,2015/05/08 14:0以後,,2015/5/8~2015/5/9,426台中市新社區     
【區域1】台中市新社區中正里;中和里;中興里;永源里;協成里;東興里;復盛里;新社里;慶西里,2015/05/08 10:35至2015/05/08 14:0 ,2015/05/08 14:0以後,,2015/5/8~2015/5/9,426台中市新社區     
【停水區域一】高雄市路竹區中山路20號至1000號之間{全部},2015/05/08 10:0至2015/05/08 12:0,2015/05/08 12:0以後,0933-661-183,2015/5/8~2015/5/9,821高雄市路竹區     
【停水區域一】桃園市觀音區樹林里,2015/05/08 10:45至2015/05/08 15:0,2015/05/08 15:0以後,3862156,2015/5/8~2015/5/9,328桃園市觀音區     
【停水區域一】基隆市安樂區新西街含各巷、弄等一帶。,2015/05/08 10:45至2015/05/08 16:0,2015/05/08 16:0以後,24252103-59,2015/5/8~2015/5/9,204基隆市安樂區     
【停水區域一】南投縣水里鄉頂崁村,2015/05/08 10:55至2015/05/08 12:0,2015/05/08 12:0以後,0492762076,2015/5/8~2015/5/9,553南投縣水里鄉     
【區域1】苗栗縣竹南鎮竹南鎮新南里、;苗栗縣頭份鎮頭份鎮田寮里,2015/05/08 10:52至2015/05/08 15:52 ,2015/05/08 15:52以後,,2015/5/8~2015/5/9,350苗栗縣竹南鎮     351苗栗縣頭份鎮     
【停水區域一】嘉義縣中埔鄉金蘭村;富收村,2015/05/08 11:0至2015/05/08 15:0,2015/05/08 15:0以後,2611075,2015/5/8~2015/5/9,606嘉義縣中埔鄉     
【區域1】苗栗縣竹南鎮竹南鎮新南里、;苗栗縣頭份鎮頭份鎮田寮里,2015/05/08 10:52至2015/05/08 15:52 ,2015/05/08 15:52以後,,2015/5/8~2015/5/9,350苗栗縣竹南鎮     351苗栗縣頭份鎮     
【停水區域一】桃園市龜山區長庚養生村.樂善街.振興路.西勢湖路,2015/05/08 11:0至2015/05/08 18:0,2015/05/08 18:0以後,0911898609,2015/5/8~2015/5/9,333桃園市龜山區     
【停水區域一】宜蘭縣礁溪鄉淇武蘭路周邊及附近用戶,2015/05/08 10:30至2015/05/08 11:50,2015/05/08 11:50以後,9233017,2015/5/8~2015/5/9,262宜蘭縣礁溪鄉     
【停水區域一】雲林縣林內鄉中西路、新興路、林內路二段、瑞農路,2015/05/08 11:10至2015/05/08 15:0,2015/05/08 15:0以後,,2015/5/8~2015/5/9,643雲林縣林內鄉     
【停水區域一】高雄市旗山區大德里大同街附近,2015/05/08 11:0至2015/05/08 19:0,2015/05/08 19:0以後,076613807,2015/5/8~2015/5/9,842高雄市旗山區     
【停水區域一】桃園市中壢區福州一~二街、福星一~七街,2015/05/08 13:0至2015/05/08 19:0,2015/05/08 19:0以後,4251506,2015/5/8~2015/5/9,320桃園市中壢區     
【停水區域一】南投縣埔里鎮鐵山里、愛蘭里,2015/05/08 9:0至2015/05/08 16:0,2015/05/08 16:0以後,0492915176,2015/5/8~2015/5/9,545南投縣埔里鎮     
【停水區域一】台中市北屯區文心路四段;遼寧路一段 等附近,2015/05/08 11:46至2015/05/08 15:46,2015/05/08 15:46以後,22442469-1910,2015/5/8~2015/5/9,406台中市北屯區     
【停水區域一】彰化縣二林鎮南光里,2015/05/08 13:0至2015/05/08 16:0,2015/05/08 16:0以後,048960240,2015/5/8~2015/5/9,526彰化縣二林鎮     
【停水區域一】台中市太平區中平路;永平南路;成功東路;成功路;永平路一段;大仁街;大勇街;新平路一段等附近一帶,2015/05/08 12:10至2015/05/08 15:0,2015/05/08 15:0以後,22442469.1910,2015/5/8~2015/5/9,411台中市太平區     
【區域1】宜蘭縣蘇澳鎮德星四路,2015/05/08 13:0至2015/05/08 17:0 ,2015/05/08 17:0以後,,2015/5/8~2015/5/9,270宜蘭縣蘇澳鎮     
【區域1】宜蘭縣蘇澳鎮德興四路,2015/05/08 13:0至2015/05/08 17:0 ,2015/05/08 17:0以後,,2015/5/8~2015/5/9,270宜蘭縣蘇澳鎮     
【停水區域一】台南市北門區仁里里;二重港,2015/05/08 13:40至2015/05/08 18:0,2015/05/08 18:0以後,7222477,2015/5/8~2015/5/9,727台南市北門區     
【停水區域一】台東縣台東市強國街與精誠路口附近;臨海路一段,2015/05/08 13:30至2015/05/08 17:0,2015/05/08 17:0以後,0978-775829,2015/5/8~2015/5/9,950台東縣台東市     
【停水區域一】嘉義縣民雄鄉金興村,2015/05/08 14:0至2015/05/08 17:0,2015/05/08 17:0以後,0932978332,2015/5/8~2015/5/9,621嘉義縣民雄鄉     
【停水區域一】桃園市中壢區環中東路(中山東路~昆明街),2015/05/08 14:0至2015/05/08 17:0,2015/05/08 17:0以後,4251506,2015/5/8~2015/5/9,320桃園市中壢區     
【停水區域一】高雄市岡山區嘉興里;華崗里;三和里,2015/05/08 7:26至2015/05/08 20:0,2015/05/08 20:0以後,,2015/5/8~2015/5/9,820高雄市岡山區     
【停水區域一】苗栗縣通霄鎮楓樹里,2015/05/08 14:0至2015/05/08 17:0,2015/05/08 17:0以後,037986206   037986218,2015/5/8~2015/5/9,357苗栗縣通霄鎮     
【停水區域一】台中市清水區鰲新三街全部,2015/05/08 14:0至2015/05/08 17:0,2015/05/08 17:0以後,04-26222614,2015/5/8~2015/5/9,436台中市清水區     
【停水區域一】台南市安南區大安街,2015/05/08 14:0至2015/05/08 17:0,2015/05/08 17:0以後,06-3036097,2015/5/8~2015/5/9,709台南市安南區     
【區域1】台東縣大武鄉尚武村,2015/05/08 14:0至2015/05/08 15:0【2015/05/08 下午2點至下午3點】,2015/05/08 15:0以後,089-782902,2015/5/8~2015/5/9,965台東縣大武鄉     
【停水區域一】新北市五股區凌雲路三段24巷,2015/05/08 14:20至2015/05/08 20:0,2015/05/08 20:0以後,29097480,2015/5/8~2015/5/9,248新北市五股區     
【停水區域一】新北市三峽區中正路2段含周邊巷道,2015/05/08 14:0至2015/05/08 17:0,2015/05/08 17:0以後,02-26792224,2015/5/8~2015/5/9,237新北市三峽區     
【停水區域一】高雄市左營區華夏路728號附近一帶,2015/05/08 14:25至2015/05/08 18:25,2015/05/08 18:25以後,07-7321319,2015/5/8~2015/5/9,813高雄市左營區     
【區域1】台中市新社區中正里;中和里;中興里;永源里;協成里;東興里;慶西里;福興里;新社里;復盛里,2015/05/08 14:25至2015/05/08 17:30 ,2015/05/08 17:30以後,,2015/5/8~2015/5/9,426台中市新社區     
【區域1】台中市新社區中正里;中和里;中興里;永源里;協成里;東興里;慶西里;福興里;新社里;復盛里,2015/05/08 14:25至2015/05/08 17:30 ,2015/05/08 17:30以後,,2015/5/8~2015/5/9,426台中市新社區     
【區域1】台中市新社區中正里;中和里;中興里;永源里;協成里;東興里;慶西里;福興里;新社里;復盛里,2015/05/08 14:25至2015/05/08 17:30 ,2015/05/08 17:30以後,,2015/5/8~2015/5/9,426台中市新社區     
【停水區域一】屏東縣車城鄉中正路26號一帶,2015/05/08 15:0至2015/05/08 17:0,2015/05/08 17:0以後,08-8892265,2015/5/8~2015/5/9,944屏東縣車城鄉     
【停水區域一】彰化縣鹿港鎮彰化縣鹿港鎮彰濱工業區及山崙里、洋厝里、草中里、頂番里、頭南里、頭崙里,2015/05/10 9:0至2015/05/10 10:30,2015/05/10 10:30以後,04-7772127,2015/5/8~2015/5/11,505彰化縣鹿港鎮     
【停水區域一】台東縣台東市濟南街全部,2015/05/08 15:30至2015/05/08 22:0,2015/05/08 22:0以後,0978-775829,2015/5/8~2015/5/9,950台東縣台東市     
【停水區域一】嘉義市西區湖內里湖子內路溪底全部;湖內里湖子內路638號至920號;湖內里湖子內路636巷全部 ;湖內里湖子內路688巷全部;湖內里湖子內路734巷全部;湖內里湖子內路746巷全部,2015/05/13 8:0至2015/05/13 18:0,2015/05/13 18:0以後,本案聯絡人：洪國彬05-2252670分機315，行動電話：0978-060558承包商蘇良川         行動電話：0987-866283,2015/5/8~2015/5/14,600嘉義市西區       
【區域1】台中市東勢區東新里,2015/05/08 15:46至2015/05/08 16:30 ,2015/05/08 16:30以後,,2015/5/8~2015/5/9,423台中市東勢區     
【區域1】台中市東勢區東新里,2015/05/08 15:46至2015/05/08 16:30 ,2015/05/08 16:30以後,,2015/5/8~2015/5/9,423台中市東勢區     
【停水區域一】新竹市東區原興路;千甲路;溪州路;太原路;水利路;仰德路,2015/05/08 16:0至2015/05/08 20:0,2015/05/08 20:0以後,1910，5712141,2015/5/8~2015/5/9,300新竹市東區       
【停水區域一】南投縣埔里鎮鐵山里,2015/05/08 16:10至2015/05/08 19:0,2015/05/08 19:0以後,0492915176,2015/5/8~2015/5/9,545南投縣埔里鎮     
【停水區域一】嘉義縣竹崎鄉龍山村;義崎,2015/05/08 16:30至2015/05/08 20:0,2015/05/08 20:0以後,2611075,2015/5/8~2015/5/9,604嘉義縣竹崎鄉     
【停水區域一】新竹市東區光復路一段;新竹縣竹東鎮中興路四段;竹中路;竹美路一段;竹美路二段;員山路;下員山路;下員山,2015/05/09 8:0至2015/05/09 18:0,2015/05/09 18:0以後,5712141-5733523    監工人員0928578810,2015/5/8~2015/5/10,300新竹市東區       310新竹縣竹東鎮     
【停水區域一】花蓮縣花蓮市中原路,2015/05/08 16:0至2015/05/08 19:0,2015/05/08 19:0以後,038325304,2015/5/8~2015/5/9,970花蓮縣花蓮市     
【停水區域一】花蓮縣花蓮市中原路;中正路110巷5弄{全部};福建街106巷{全部};福建街92巷{全部};福建街83巷{全部};福建街71巷{全部};福建街66巷{全部};福建街50巷{全部};福仁路215巷{全部},2015/05/12 8:0至2015/05/12 17:0,2015/05/12 17:0以後,8325304,2015/5/8~2015/5/13,970花蓮縣花蓮市     
【停水區域一】桃園市蘆竹區桃園市蘆竹區長興路二段沿線,2015/05/08 16:30至2015/05/08 19:0,2015/05/08 19:0以後,,2015/5/8~2015/5/9,338桃園市蘆竹區     
【區域1】台東縣台東市豐谷北路、常德路、仁昌街、漢陽北路169巷,2015/05/11 8:0至2015/05/12 18:0【每日上午8點至下午6點】,2015/05/12 18:0以後,承包商電話:0919-322763(翁一正)    監造人員電話:0928-170847(林明毅),2015/5/8~2015/5/13,950台東縣台東市     
【停水區域一】台中市東區十甲路;十甲東路;東英路;東英十街;東英十一街;東英十二街;東英十三街;東英十五街等附近一帶,2015/05/08 16:45至2015/05/08 23:45,2015/05/08 23:45以後,22442469.1910,2015/5/8~2015/5/9,401台中市東區       
【停水區域一】高雄市旗山區中寮里,2015/05/08 8:0至2015/05/08 22:0,2015/05/08 22:0以後,076613807,2015/5/8~2015/5/9,842高雄市旗山區     
【停水區域一】高雄市三民區德西里中庸街(九如三路至中華橫路)一帶,2015/05/09 10:0至2015/05/09 18:0,2015/05/09 18:0以後,3312292-237,2015/5/8~2015/5/10,807高雄市三民區     
【區域1】南投縣竹山鎮延和里;延祥里,2015/05/08 17:10至2015/05/08 20:0 ,2015/05/08 20:0以後,0492672074,2015/5/8~2015/5/9,557南投縣竹山鎮     
【區域1】南投縣竹山鎮延和里;延祥里,2015/05/08 17:10至2015/05/08 20:0 ,2015/05/08 20:0以後,0492672074,2015/5/8~2015/5/9,557南投縣竹山鎮     
【停水區域一】基隆市中山區中華路;通明街含各巷、弄等一帶。,2015/05/08 17:10至2015/05/08 21:0,2015/05/08 21:0以後,24252103-59,2015/5/8~2015/5/9,203基隆市中山區     
【停水區域一】台中市東區進化路;精武路;十甲巷;南京東路一段 等附近,2015/05/08 17:15至2015/05/08 22:15,2015/05/08 22:15以後,22442469-1910,2015/5/8~2015/5/9,401台中市東區       
【停水區域一】彰化縣田中鎮中潭里;東閔路三段;東閔路二段;員集路三段;崁頂路;彰化縣田尾鄉福田村;新興村,2015/05/09 7:0至2015/05/10 19:0,2015/05/10 19:0以後,048793277,2015/5/8~2015/5/11,520彰化縣田中鎮     522彰化縣田尾鄉     
【停水區域一】台中市大肚區自由路305巷一帶,2015/05/08 9:0至2015/05/08 18:0,2015/05/08 18:0以後,04-26312127,2015/5/8~2015/5/9,432台中市大肚區     
【停水區域一】台南市將軍區忠寮,2015/05/09 9:0至2015/05/09 13:0,2015/05/09 13:0以後,7222477,2015/5/8~2015/5/10,725台南市將軍區     
【停水區域一】雲林縣麥寮鄉麥津村;麥豐村;海豐村;中山路;豐安路,2015/05/08 8:0至2015/05/08 20:0,2015/05/08 20:0以後,05-6982250,2015/5/8~2015/5/9,638雲林縣麥寮鄉     
【停水區域一】台中市南區台中路;正氣街;正義街;建成路;仁和路;仁和一街;仁和二街;民意街;忠孝路;國光路;濟世街,2015/05/08 17:30至2015/05/09 1:0,2015/05/09 1:0以後,22442469、1910,2015/5/8~2015/5/10,402台中市南區       
【停水區域一】雲林縣麥寮鄉麥津村;麥豐村;海豐村;中山路;豐安路,2015/05/09 8:0至2015/05/09 18:0,2015/05/09 18:0以後,05-6982250,2015/5/8~2015/5/10,638雲林縣麥寮鄉     
【停水區域一】台中市大里區甲堤南路;甲堤路;立仁路;好來五街;好來一街;好來二街;新仁路一段;台中市太平區永豐路,2015/05/08 18:0至2015/05/09 1:0,2015/05/09 1:0以後,22442469、1910,2015/5/8~2015/5/10,412台中市大里區     411台中市太平區     
【區域1】台中市石岡區龍興里,2015/05/08 17:50至2015/05/08 23:0 ,2015/05/08 23:0以後,,2015/5/8~2015/5/9,422台中市石岡區     
【區域1】台中市石岡區龍興里,2015/05/08 17:50至2015/05/08 23:0 ,2015/05/08 23:0以後,,2015/5/8~2015/5/9,422台中市石岡區     
【區域1】宜蘭縣礁溪鄉四結路,2015/05/08 17:0至2015/05/08 19:0 ,2015/05/08 19:0以後,,2015/5/8~2015/5/9,262宜蘭縣礁溪鄉     
【停水區域一】嘉義縣朴子市文化南路;新進路,2015/05/09 8:0至2015/05/09 18:0,2015/05/09 18:0以後,05-3700625,2015/5/8~2015/5/10,613嘉義縣朴子市     
【停水區域一】宜蘭縣五結鄉五濱路一段;宜蘭縣蘇澳鎮濱海路三段;蘇濱路(免費客服電話1910;廣興給水廠服務電話9553098),2015/05/11 13:0至2015/05/11 17:0,2015/05/11 17:0以後,03-9553098,2015/5/8~2015/5/12,268宜蘭縣五結鄉     270宜蘭縣蘇澳鎮     
【區域1】南投縣竹山鎮延和里;延祥里,2015/05/08 17:10至2015/05/08 21:0 ,2015/05/08 21:0以後,0492672074,2015/5/8~2015/5/9,557南投縣竹山鎮     
【區域1】桃園市新屋區中山路、中正路附近一帶,2015/05/09 7:21至2015/05/09 11:0 ,2015/05/09 11:0以後,,2015/5/9~2015/5/10,327桃園市新屋區     
【停水區域一】高雄市內門區內豐里;光興里,2015/05/09 10:0至2015/05/09 13:0,2015/05/09 13:0以後,07-6613808,2015/5/9~2015/5/10,845高雄市內門區     
【停水區域一】嘉義市西區福全里北港路551號-561號單數;世賢路二段120巷12號;高鐵大道3號;世賢路2段196巷全部;大同路376巷全部含沿線巷弄等附近一帶,2015/05/09 9:0至2015/05/09 17:30,2015/05/09 17:30以後,05-2779117,2015/5/9~2015/5/10,600嘉義市西區       
【停水區域一】嘉義市西區大溪里大溪路及大安路全部等附近一帶,2015/05/09 9:0至2015/05/09 17:30,2015/05/09 17:30以後,2779117,2015/5/9~2015/5/10,600嘉義市西區       
【停水區域一】屏東縣高樹鄉鹽樹村;新南村;新豐路;自強新村;日新新村,2015/05/09 10:10至2015/05/09 12:20,2015/05/09 12:20以後,087963973,2015/5/9~2015/5/10,906屏東縣高樹鄉     
【停水區域一】嘉義市西區竹村里全部,2015/05/09 9:0至2015/05/09 17:30,2015/05/09 17:30以後,05-2779117,2015/5/9~2015/5/10,600嘉義市西區       
【區域1】桃園市中壢區福州一街~二街、福星一街~六街、福壽街一街~五街,2015/05/09 8:50至2015/05/09 15:0 ,2015/05/09 15:0以後,,2015/5/9~2015/5/10,320桃園市中壢區     
【區域1】苗栗縣頭份鎮合興里、後庄里,2015/05/09 9:0至2015/05/09 12:0 ,2015/05/09 12:0以後,,2015/5/9~2015/5/10,351苗栗縣頭份鎮     
【區域1】台南市永康區中山南路316巷2號(發佈單位:台南給水廠)，本訊息無停水區域，唯台南市(永華六區)會有水壓降低情形【不會造成停水，但水壓降低情形會持續至限水解除為止】，無法直接供水3F，若貴用戶發現內線無水時，請檢查1F直接供水之水龍頭與間接加壓設備是否正常。,2015/05/09 9:0至2015/05/09 9:1【不會造成停水，但水壓會降低(會持續至限水解除為止)】,2015/05/09 9:1以後,1910，3036097,2015/5/9~2015/5/10,710台南市永康區     
【區域1】宜蘭縣蘇澳鎮德興五路一帶,2015/05/09 10:0至2015/05/09 13:0 ,2015/05/09 13:0以後,,2015/5/9~2015/5/10,270宜蘭縣蘇澳鎮     
【停水區域一】桃園市楊梅區和平路,2015/05/09 9:30至2015/05/09 17:0,2015/05/09 17:0以後,03-4789261,2015/5/9~2015/5/10,326桃園市楊梅區     
【停水區域一】台中市北屯區東山路一段等附近一帶,2015/05/09 9:40至2015/05/09 13:40,2015/05/09 13:40以後,1910,2015/5/9~2015/5/10,406台中市北屯區     
【停水區域一】台中市北屯區橫坑巷等全部,2015/05/09 10:0至2015/05/09 18:0,2015/05/09 18:0以後,1910;22442469,2015/5/9~2015/5/10,406台中市北屯區     
【區域1】高雄市前鎮區福民街,2015/05/09 9:30至2015/05/09 12:30 ,2015/05/09 12:30以後,,2015/5/9~2015/5/10,806高雄市前鎮區     
【停水區域一】桃園市觀音區新富路、中觀路一段、富源里,2015/05/09 9:50至2015/05/09 13:0,2015/05/09 13:0以後,03-4251506,2015/5/9~2015/5/10,328桃園市觀音區     
【區域1】花蓮縣吉安鄉吉興一街、南山五街一帶,2015/05/09 9:45至2015/05/09 14:0 ,2015/05/09 14:0以後,,2015/5/9~2015/5/10,973花蓮縣吉安鄉     
【區域1】彰化縣花壇鄉全區,2015/05/09 9:0至2015/05/09 13:0 ,2015/05/09 13:0以後,,2015/5/9~2015/5/10,503彰化縣花壇鄉     
【停水區域一】台中市南區台中路;正氣街;正義街;建成路;仁和路;仁和一街;仁和二街;民意街;忠孝路;國光路;濟世街,2015/05/09 10:10至2015/05/09 16:0,2015/05/09 16:0以後,1910   22442469,2015/5/9~2015/5/10,402台中市南區       
【區域1】新北市板橋區民族路151巷全、219巷全(含巷弄),2015/05/09 10:0至2015/05/09 15:0 ,2015/05/09 15:0以後,,2015/5/9~2015/5/10,220新北市板橋區     
【停水區域一】台中市烏日區光日路、公園一街、環河北及西路,2015/05/09 10:30至2015/05/09 14:30,2015/05/09 14:30以後,04-23381614,2015/5/9~2015/5/10,414台中市烏日區     
【區域1】高雄市岡山區致遠路附近一帶,2015/05/09 10:45至2015/05/09 12:45 ,2015/05/09 12:45以後,,2015/5/9~2015/5/10,820高雄市岡山區     
【停水區域一】新北市三峽區大學路及學府路周邊巷弄.,2015/05/09 13:0至2015/05/09 17:0,2015/05/09 17:0以後,02-26792224轉8,2015/5/9~2015/5/10,237新北市三峽區     
【區域1】新北市淡水區鄧公路、學府路2號~134號全部,2015/05/09 10:30至2015/05/09 17:0 ,2015/05/09 17:0以後,,2015/5/9~2015/5/10,251新北市淡水區     
【區域1】台南市仁德區勝利路;中正路二段,2015/05/09 11:0至2015/05/09 15:0 ,2015/05/09 15:0以後,,2015/5/9~2015/5/10,717台南市仁德區     
【停水區域一】花蓮縣吉安鄉吉興一街;南山三街;南山五街;南山四街吉祥七街,2015/05/09 11:0至2015/05/09 16:0,2015/05/09 16:0以後,8325304,2015/5/9~2015/5/10,973花蓮縣吉安鄉     
【區域1】高雄市岡山區致遠路附近一帶;高雄市彌陀區山壩菸路,2015/05/09 10:45至2015/05/09 12:45 ,2015/05/09 12:45以後,,2015/5/9~2015/5/10,820高雄市岡山區     827高雄市彌陀區     
【區域1】台南市將軍區忠寮,2015/05/09 9:0至2015/05/09 16:0 ,2015/05/09 16:0以後,7222477,2015/5/9~2015/5/10,725台南市將軍區     
