停水範圍,停水期間,恢復供水時間,查詢電話,發佈期間,發佈區域
基隆市基金一、二、三路、武隆所、武聖街、武訓街、武嶺街、武崙街(含各巷弄)。,104年5月18日早上10時,104年5月18日下午6時,(02)24245200,2015/5/12~2015/5/18,204基隆市安樂區     
【區域1】台南市新市區大社里;潭頂里,2014/12/11 10:0至2015/05/31 23:0 ,2015/05/31 23:0以後,06-5973437,2014/12/11~2015/6/1,744台南市新市區     
【區域1】新竹縣湖口鄉和興村、東興村、德盛村、愛勢村、仁勢村、孝勢村、信勢村、中勢村、中正村、信義村、長嶺村、長安村、湖口村、湖鏡村;新竹縣新豐鄉瑞興村、福興村、後湖村,2015/04/01 0:0至2015/06/30 0:0 ,2015/06/30 0:0以後,03-5981603  1910,2015/3/23~2015/7/1,303新竹縣湖口鄉     304新竹縣新豐鄉     
【區域1】新竹縣湖口鄉和興村、東興村、德盛村、愛勢村、仁勢村、孝勢村、信勢村、中勢村、中正村、信義村、長嶺村、長安村、湖口村、湖鏡村;新竹縣新豐鄉瑞興村、福興村、後湖村,2015/04/01 0:0至2015/06/30 0:0【每星期三;四;零晨0時起】,2015/06/30 0:0以後,03-5981603  1910,2015/3/23~2015/7/1,303新竹縣湖口鄉     304新竹縣新豐鄉     
【區域1】屏東縣高樹鄉南華村;泰山村三民路1號至10號之間,2015/03/27 8:0至2015/06/23 18:0【每日上午8點至下午6點】,2015/06/23 18:0以後,087962041,2015/3/27~2015/6/24,906屏東縣高樹鄉     
【區域1】新北市鶯歌區中山路,2015/04/08 9:0至2015/05/31 18:0【訂於104年04月08日至104年05月31日每日施工自上午9時至18時停水.當日施工自18時恢復供水】,2015/05/31 18:0以後,26792527.26792224,2015/4/7~2015/6/1,239新北市鶯歌區     
【區域1】嘉義縣大林鎮三和里;林子頭;林子前,2015/04/28 8:0至2015/05/22 18:0【每日上午8點至下午6點】,2015/05/22 18:0以後,05-2262806,2015/4/21~2015/5/23,622嘉義縣大林鎮     
【區域1】新北市五股區五股區全部    五股工業區(新北產業園區);新北市泰山區泰山區全部;新北市新莊區壽山路   新莊區福興里部份    新北產業園區,2015/03/10 22:0至2015/05/31 6:0【22:00--06:00】,2015/05/31 6:0以後,1910,2015/4/22~2015/6/1,248新北市五股區     243新北市泰山區     242新北市新莊區     
【區域1】嘉義縣大林鎮三和里,2015/04/28 8:0至2015/05/22 18:0【上午8時至下午6時】,2015/05/22 18:0以後,0937355685,2015/4/23~2015/5/23,622嘉義縣大林鎮     
【區域1】彰化縣員林鎮光明里、三義里、三條里、東和里、新興里、和平里、仁美里、三信里、三愛里、新生里、中山里、三多里、三橋里、南平里、南興里、大埔里、源潭里、中正里、仁愛里、三和里全部。,2015/04/23 8:0至2015/05/15 18:0【每日上午8點至下午6點】,2015/05/15 18:0以後,1910   員林營運所04-8320083   04-8321341,2015/4/23~2015/5/16,510彰化縣員林鎮     
【區域3】彰化縣員林鎮光明里、三義里、三條里、東和里、新興里、和平里、仁美里、三信里、三愛里、新生里、中山里、三多里、三橋里、南平里、南興里、大埔里、源潭里、中正里、仁愛里、三和里全部。,2015/04/23 8:0至2015/05/15 18:0【每日上午8點至下午6點】,2015/05/15 18:0以後,1910   員林營運所04-8320083   04-8321341,2015/4/23~2015/5/16,510彰化縣員林鎮     
【區域1】台南市仁德區全部,2015/04/24 0:0至2015/05/15 0:0 ,2015/05/15 0:0以後,,2015/4/24~2015/5/16,717台南市仁德區     
【區域1】台南市仁德區全部,2015/04/24 0:0至2015/05/15 0:0 ,2015/05/15 0:0以後,,2015/4/24~2015/5/16,717台南市仁德區     
【區域1】台南市仁德區全部,2015/04/24 0:0至2015/05/15 0:0 ,2015/05/15 0:0以後,,2015/4/24~2015/5/16,717台南市仁德區     
【區域1】台南市仁德區全部,2015/04/24 0:0至2015/05/15 0:0 ,2015/05/15 0:0以後,,2015/4/24~2015/5/16,717台南市仁德區     
【區域1】嘉義市東區興南里吳鳳南路17巷、25巷、37巷、49巷及垂楊路211巷,2015/04/27 8:0至2015/05/15 18:0【每日上午8點至下午6點(管線末端用戶至下午8點)施工範圍內依工程進度分區停供水】,2015/05/15 18:0以後,05-2252670轉252,2015/4/27~2015/5/16,600嘉義市嘉義市     
【區域1】彰化縣員林鎮員林鎮大饒路659巷、659巷686弄，543巷、543巷310、320、322弄，803巷，341巷等等,2015/04/27 9:0至2015/05/17 18:0【每日上午9點至下午6點】,2015/4/27至2015/5/17每日下午 06:00以後,04-8320083,2015/4/27~2015/5/18,510彰化縣員林鎮     
【區域1】新北市五股區每星期五、六停水：;新北市/泰山區/泰山區全區停水， 山腳里、同榮里、明志里、同興里、泰友里、貴子里、貴和里、貴賢里、新明里、楓樹里、義仁里、義學里、福泰里、黎明里、全興里、福興里。;新北市/五股區/五股區新五路一段、二段以西（不含成泰路三段及御史路92號及77號前）、德音里、貿商里、陸一里、成泰里、五龍里、五福里、五股里、德泰里、水碓里、民義里、六福里、福德里（登林路91號及114-1號以前）（不含福德里登林路91號及114-1號以後）。;新北市泰山區每星期五、六停水：;新北市/泰山區/泰山區全區停水， 山腳里、同榮里、明志里、同興里、泰友里、貴子里、貴和里、貴賢里、新明里、楓樹里、義仁里、義學里、福泰里、黎明里、全興里、福興里。;新北市/五股區/五股區新五路一段、二段以西（不含成泰路三段及御史路92號及77號前）、德音里、貿商里、陸一里、成泰里、五龍里、五福里、五股里、德泰里、水碓里、民義里、六福里、福德里（登林路91號及114-1號以前）（不含福德里登林路91號及114-1號以後）。,2015/05/01 0:0至2015/05/31 6:0【 每星期五、六停水】,2015/05/31 6:0以後,1910,2015/4/28~2015/6/1,248新北市五股區     243新北市泰山區     
【區域1】新北市五股區每星期三、四停水：;新北市/泰山區/大科里、黎明里（黎明路9號以後、自強路、泰林路三段、同榮里犁頭窠）。;新北市/五股區/福德里（登林路91號及114-1號以後）。;;;轄內高地區或管線末端可能延後復水,2015/04/29 0:0至2015/05/29 6:0【每星期三、四停水】,2015/05/29 6:0以後,1910,2015/4/28~2015/5/30,248新北市五股區     
【區域1】屏東縣琉球鄉上福村;杉福村,2015/05/04 8:0至2015/05/31 20:0 ,2015/05/31 20:0以後,08-8325550,2015/4/28~2015/6/1,929屏東縣琉球鄉     
【區域1】台中市太平區長龍路二段.長龍路三段.北田路.福利巷.南國巷.長龍路三段290巷.長龍路三段245巷等附近一帶,2015/05/04 8:0至2015/06/04 17:0【每日上午8點至下午5點】,2015/5/4至2015/6/4每日下午 05:00以後,22442469.1910,2015/4/28~2015/6/5,411台中市太平區     
【區域1】台中市太平區宜文街;新平路二段;溪洲西路;宜昌路;宜安街,2015/05/04 8:0至2015/06/30 6:30【每日上午8點至下午6點30分】,2015/06/30 6:30以後,04-22442469;1910,2015/4/29~2015/7/1,411台中市太平區     
【區域1】台南市仁德區全部,2015/04/24 0:0至2015/05/15 0:0 ,2015/05/15 0:0以後,,2015/4/29~2015/5/16,717台南市仁德區     
【區域1】台南市永康區忠孝路、復興路、勝學路、成功路、中興路、振興路、大灣路、大同街、富強路一段、民族路、正強街、文賢街、新興街、鹽洲二街、鹽行路、仁愛街、三村一街、三村二街、中華西街、中山南路,2015/04/27 10:0至2015/05/20 18:0 ,2015/5/20 18:0以後,1910   06-2325714,2015/5/2~2015/5/21,710台南市永康區     
【區域3】台南市永康區忠孝路、復興路,2015/4/27 10:0至2015/5/20 18:0 ,2015/5/20 18:0以後,1910   06-2325714,2015/5/2~2015/5/21,710台南市永康區     
【區域1】彰化縣伸港鄉全部;彰化縣和美鎮全部;彰化縣彰化市全部;彰化縣線西鄉全部,2015/05/04 12:0至2015/07/31 23:0【每日上午0點至上午7點 及每日中午12點至下午6點 及每日晚間10點至晚間12點】,2015/07/31 23:0以後,04-7353883,2015/5/4~2015/8/1,509彰化縣伸港鄉     508彰化縣和美鎮     500彰化縣彰化市     507彰化縣線西鄉     
【區域1】高雄市田寮區全區（鹿埔里、古亭里除外）;高雄市阿蓮區（峰山里;中正路16巷);高雄市燕巢區全區,2015/05/18 10:0至2015/05/18 22:0 ,2015/05/18 22:0以後,1910,2015/5/4~2015/5/19,823高雄市田寮區     822高雄市阿蓮區     824高雄市燕巢區     
【區域1】高雄市永安區保興里,2015/05/13 13:0至2015/05/14 0:0 ,2015/05/14 0:0以後,1910,2015/5/4~2015/5/15,828高雄市永安區     
【區域1】台中市霧峰區吉峰路1號至46號、中正路1224巷至草湖橋頭1340號雙向(含巷弄),2015/05/05 8:30至2015/05/20 18:0【:每日上午8點30分至下午6點】,2015/05/20 18:0以後,04-23393138,2015/5/5~2015/5/21,413台中市霧峰區     
【區域1】彰化縣員林鎮員南路、坡姜巷、山腳路1段等,2015/05/05 8:0至2015/05/19 18:0【每日上午8點至下午6點】,2015/5/5至2015/5/19每日下午 06:00以後,承包商-雅喬工程有限公司蕭博鴻0984-459881，監工人員-梁福智04-7245031*302,2015/5/5~2015/5/20,510彰化縣員林鎮     
【區域1】新北市五股區新北市/泰山區/泰山區全區停水， 山腳里、同榮里、明志里、同興里、泰友里、貴子里、貴和里、貴賢里、新明里、楓樹里、義仁里、義學里、福泰里、黎明里、全興里、福興里。;新北市/五股區/五股區新五路一段、二段以西（不含成泰路三段及御史路92號及77號前）、德音里、貿商里、陸一里、成泰里、五龍里、五福里、五股里、德泰里、水碓里、民義里、六福里、福德里（登林路91號及114-1號以前）（不含福德里登林路91號及114-1號以後）。;新北市泰山區新北市/泰山區/泰山區全區停水， 山腳里、同榮里、明志里、同興里、泰友里、貴子里、貴和里、貴賢里、新明里、楓樹里、義仁里、義學里、福泰里、黎明里、全興里、福興里。;新北市/五股區/五股區新五路一段、二段以西（不含成泰路三段及御史路92號及77號前）、德音里、貿商里、陸一里、成泰里、五龍里、五福里、五股里、德泰里、水碓里、民義里、六福里、福德里（登林路91號及114-1號以前）（不含福德里登林路91號及114-1號以後）。,2015/05/08 0:0至2015/05/31 0:0【 每星期五、六停水】,2015/05/31 0:0以後,1910,2015/5/5~2015/6/1,248新北市五股區     243新北市泰山區     
【區域1】新北市五股區新北市/泰山區/大科里、黎明里（黎明路9號以後、自強路、泰林路三段、同榮里犁頭窠）。;新北市/五股區/福德里（登林路91號及114-1號以後）。;;;轄內高地區或管線末端可能延後復水：;新北市泰山區新北市/泰山區/大科里、黎明里（黎明路9號以後、自強路、泰林路三段、同榮里犁頭窠）。;新北市/五股區/福德里（登林路91號及114-1號以後）。;;;轄內高地區或管線末端可能延後復水：,2015/05/06 0:0至2015/05/29 0:0【每星期三、四停水】,2015/05/29 0:0以後,1910,2015/5/5~2015/5/30,248新北市五股區     243新北市泰山區     
【區域1】彰化縣田尾鄉新生村、南鎮村、新興村、光復路、平和路、新民路、地政路、裕民路、新興路、民權路、延平路、富農路等一帶,2015/05/05 8:0至2015/05/19 18:0【管線末端及高地區將延後至23點前復水】,2015/5/5至2015/5/19每日下午 06:00以後,04-7245031-301監工人員楊凱鈞、0933-561826承包商沅盛工程有限公司,2015/5/5~2015/5/20,522彰化縣田尾鄉     
【區域1】彰化縣大村鄉美港村、擺塘村及各沿線巷道等附近範圍。;彰化縣員林鎮三多里、三信里、三愛里、三義里、三橋里、大埔里、中山里、和平里、南平里、南興里、浮圳里、新生里、新興里、源潭里及各沿線巷道等附近範圍。,2015/05/19 13:30至2015/05/19 15:0 ,2015/05/19 15:0以後,1910   員林營運所04-8320083   04-8321341,2015/5/6~2015/5/20,515彰化縣大村鄉     510彰化縣員林鎮     
【區域3】彰化縣員林鎮三和里、三條里、大明里、中正里，仁美里、中央里、民生里、光明里、東和里、忠孝里、浮圳里、崙雅里、惠來里、新生里、源潭里、萬年里、黎明里、溝皂里、大饒里及各沿線巷道等附近範圍。,2015/05/19 13:30至2015/05/19 15:0 ,2015/05/19 15:0以後,1910   員林營運所04-8320083   04-8321341,2015/5/6~2015/5/20,510彰化縣員林鎮     
【區域1】彰化縣員林鎮三和里、、三條里、大明里、中正里，仁美里、中央里、民生里、光明里、東和里、忠孝里、浮圳里、崙雅里、惠來里、新生里、源潭里、萬年里、黎明里、溝皂里、大饒里及各沿線巷道等附近範圍。,2015/05/20 13:30至2015/05/20 15:0 ,2015/5/20 15:0以後,1910   員林營運所04-8320083   04-8321341,2015/5/6~2015/5/21,510彰化縣員林鎮     
【區域3】彰化縣大村鄉美港村、擺塘村及各沿線巷道等附近範圍。;彰化縣員林鎮三多里、三信里、三愛里、三義里、三橋里、大埔里、中山里、和平里、南平里、南興里、浮圳里、新生里、新興里、源潭里及各沿線巷道等附近範圍。,2015/5/20 13:30至2015/5/20 15:0 ,2015/5/20 15:0以後,1910   員林營運所04-8320083   04-8321341,2015/5/6~2015/5/21,515彰化縣大村鄉     510彰化縣員林鎮     
【區域1】新北市蘆洲區信義路197號至281號(雙側含巷弄),2015/05/07 19:0至2015/05/18 8:0【每日晚間七點至隔日早上八點】,2015/05/18 8:0以後,02-2996-8961,2015/5/6~2015/5/19,247新北市蘆洲區     
【區域1】嘉義縣溪口鄉三疊溪.下員林,2015/05/13 8:0至2015/06/18 18:0【每日上午8點至下午6點】,2015/06/18 18:0以後,0937355685,2015/5/7~2015/6/19,623嘉義縣溪口鄉     
【區域1】嘉義縣大林鎮溪口鄉三疊溪;下員林,2015/05/13 8:0至2015/06/18 18:0【每日上午8點至下午6點】,2015/06/18 18:0以後,05-2262806,2015/5/7~2015/6/19,622嘉義縣大林鎮     
【停水區域一】南投縣草屯鎮草溪路(溝墘巷至富貴巷)一帶,2015/05/08 8:0至2015/05/22 16:0,2015/05/22 16:0以後,049-2563505,2015/5/7~2015/5/23,542南投縣草屯鎮     
【區域1】台南市關廟區新光里;許厝湖,2015/05/01 8:0至2015/05/15 17:0【每日上午8點至下午5點】,2015/05/15 17:0以後,,2015/5/7~2015/5/16,718台南市關廟區     
【停水區域一】桃園市中壢區健行路與中北路等地區(東興里;石頭里)。,2015/05/21 22:0至2015/05/22 9:0,2015/05/22 9:0以後,免付費服務電話：1910  中壢服務所:03-4251506,2015/5/8~2015/5/23,320桃園市中壢區     
【停水區域一】屏東縣東港鎮全部村里;屏東縣林邊鄉全部村里;屏東縣琉球鄉全部村里;屏東縣新園鄉全部村里,2015/05/12 9:0至2015/05/13 0:0,2015/05/13 0:0以後,08-832550,2015/5/8~2015/5/14,928屏東縣東港鎮     927屏東縣林邊鄉     929屏東縣琉球鄉     932屏東縣新園鄉     
【停水區域一】嘉義市西區湖內里湖子內路溪底全部;湖內里湖子內路638號至920號;湖內里湖子內路636巷全部 ;湖內里湖子內路688巷全部;湖內里湖子內路734巷全部;湖內里湖子內路746巷全部,2015/05/13 8:0至2015/05/13 18:0,2015/05/13 18:0以後,本案聯絡人：洪國彬05-2252670分機315，行動電話：0978-060558承包商蘇良川         行動電話：0987-866283,2015/5/8~2015/5/14,600嘉義市西區       
【停水區域一】雲林縣台西鄉山寮村;山寮,2015/05/11 8:0至2015/05/14 18:0,2015/05/14 18:0以後,05-6982250,2015/5/10~2015/5/15,636雲林縣台西鄉     
【停水區域一】台中市太平區東村橋路以南、東平路以北、中和街全部及東村街一帶。,2015/05/14 10:0至2015/05/14 17:0,2015/05/14 17:0以後,24821831 24820158,2015/5/11~2015/5/15,411台中市太平區     
【區域1】新北市蘆洲區信義里 信義路280巷、292巷、302巷;鷺江里 信義路351巷、361巷,2015/05/05 9:0至2015/09/30 16:0【每日上午9點至下午4點】,2015/09/30 16:0以後,(02)22821817,2015/5/11~2015/10/1,247新北市蘆洲區     
【區域1】新北市蘆洲區信義里 信義路280巷、292巷、302巷;鷺江里 信義路351巷、361巷,2015/05/05 9:0至2015/09/30 16:0【每日上午9點至下午4點】,2015/09/30 16:0以後,(02)22821817,2015/5/11~2015/10/1,247新北市蘆洲區     
【停水區域一】嘉義縣民雄鄉福樂村;北斗村,2015/05/13 8:0至2015/05/15 18:0,2015/05/15 18:0以後,05-22628063,2015/5/11~2015/5/16,621嘉義縣民雄鄉     
【區域1】新北市蘆洲區信義里 信義路280巷、292巷、302巷;鷺江里 信義路351巷、361巷,2015/05/05 9:0至2015/09/30 16:0【每日上午9點至下午4點】,2015/09/30 16:0以後,(02)22821817,2015/5/11~2015/10/1,247新北市蘆洲區     
【區域1】新北市蘆洲區信義里 信義路280巷、292巷、302巷;鷺江里 信義路351巷、361巷,2015/05/05 9:0至2015/09/30 16:0【每日上午9點至下午4點】,2015/09/30 16:0以後,(02)22821817,2015/5/11~2015/10/1,247新北市蘆洲區     
【區域1】新北市蘆洲區信義里 信義路280巷、292巷、302巷;鷺江里 信義路351巷、361巷,2015/05/05 9:0至2015/09/30 16:0【每日上午9點至下午4點】,2015/09/30 16:0以後,(02)22821817,2015/5/11~2015/10/1,247新北市蘆洲區     
【停水區域一】南投縣埔里鎮枇杷里、北安里、泰安里、北梅里、大湳里、牛眠里、西門里、北門里,2015/05/12 10:0至2015/05/18 23:0,2015/05/18 23:0以後,049-2915176,2015/5/12~2015/5/19,545南投縣埔里鎮     
【停水區域一】南投縣埔里鎮枇杷里、北安里、泰安里、北梅里、大湳里、牛眠里、西門里、北門里,2015/05/12 10:0至2015/05/18 23:0,2015/05/18 23:0以後,049-2915176,2015/5/12~2015/5/19,545南投縣埔里鎮     
【停水區域一】新北市淡水區新北市淡水區鄧公路、平遠街、忠愛街等全部及學府路2~134號含各巷弄,2015/05/13 10:0至2015/05/14 1:0,2015/05/14 1:0以後,02-26212267,2015/5/12~2015/5/15,251新北市淡水區     
【區域1】台南市仁德區保安路二段全部、田厝一、二、三街全部、三甲村全部,2015/05/13 8:0至2015/05/15 17:0【每日上午8點至下午5點】,2015/05/15 17:0以後,,2015/5/12~2015/5/16,717台南市仁德區     
【區域1】台南市仁德區保安路二段全部、田厝一、二、三街全部、三甲村全部,2015/05/13 8:0至2015/05/15 17:0【每日上午8點至下午5點】,2015/05/15 17:0以後,06-2303756,2015/5/12~2015/5/16,717台南市仁德區     
【停水區域一】彰化縣鹿港鎮鹿港鎮全部村里,2015/05/13 13:40至2015/05/13 15:40,2015/05/13 15:40以後,04-7772127,2015/5/12~2015/5/14,505彰化縣鹿港鎮     
【停水區域一】彰化縣福興鄉二港村;三和村;同安村;西勢村;秀厝村;頂粘村;麥厝村;廈粘村;福南村;福興村;福寶村;鎮平村,2015/05/14 13:40至2015/05/14 15:40,2015/05/14 15:40以後,04-7772127,2015/5/12~2015/5/15,506彰化縣福興鄉     
【停水區域一】屏東縣屏東市中正路、自由路、公正三街等,2015/05/13 10:0至2015/05/13 16:0,2015/05/13 16:0以後,08-7226170、7220040,2015/5/12~2015/5/14,900屏東縣屏東市     
【停水區域一】台南市鹽水區自後宅72-1號至77-2號.大庄1-8號至1-9號,2015/05/14 9:0至2015/05/14 16:0,2015/05/14 16:0以後,06-6322240,2015/5/12~2015/5/15,737台南市鹽水區     
【停水區域一】台中市太平區長龍路一.二.三段、中山巷、北田路、南國巷、中民巷等附近一帶,2015/05/13 8:30至2015/05/13 16:30,2015/05/13 16:30以後,1910;22442469,2015/5/12~2015/5/14,411台中市太平區     
【停水區域一】新北市土城區明德路二段65號-131號、學府路二段119巷全部,2015/05/11 9:0至2015/05/15 17:0,2015/05/15 17:0以後,02-22655172,2015/5/12~2015/5/16,236新北市土城區     
【停水區域一】嘉義縣朴子市文化南路;新興路;八德路,2015/05/13 9:0至2015/05/13 18:0,2015/05/13 18:0以後,05-3700625,2015/5/12~2015/5/14,613嘉義縣朴子市     
【停水區域一】新北市土城區青雲路295巷、青雲路295巷16弄及仁愛路16巷全部,2015/05/13 9:0至2015/05/13 18:0,2015/05/13 18:0以後,0622655172,2015/5/12~2015/5/14,236新北市土城區     
【停水區域一】苗栗縣三灣鄉永和村北坑地區,2015/05/12 15:30至2015/05/13 10:30,2015/05/13 10:30以後,823513    623500,2015/5/12~2015/5/14,352苗栗縣三灣鄉     
【停水區域一】台南市白河區關嶺里全部,2015/05/14 9:0至2015/05/14 17:0,2015/05/14 17:0以後,06-6852135,2015/5/12~2015/5/15,732台南市白河區     
【停水區域一】苗栗縣三義鄉廣盛村,2015/05/12 19:30至2015/05/13 12:30,2015/05/13 12:30以後,037-986206 037-986218,2015/5/12~2015/5/14,367苗栗縣三義鄉     
【停水區域一】南投縣南投市營北里營北路等一帶,2015/05/13 8:30至2015/05/13 13:30,2015/05/13 13:30以後,0492563505,2015/5/13~2015/5/14,540南投縣南投市     
【停水區域一】嘉義縣中埔鄉鹽館村;中埔村;隆興村,2015/05/13 7:48至2015/05/13 15:0,2015/05/13 15:0以後,05-2611075,2015/5/13~2015/5/14,606嘉義縣中埔鄉     
【停水區域一】嘉義縣中埔鄉頂埔村,2015/05/13 10:30至2015/05/13 17:0,2015/05/13 17:0以後,05-2611075,2015/5/13~2015/5/14,606嘉義縣中埔鄉     
【停水區域一】嘉義縣中埔鄉裕民村,2015/05/13 12:0至2015/05/13 19:0,2015/05/13 19:0以後,05-2611075,2015/5/13~2015/5/14,606嘉義縣中埔鄉     
【停水區域一】嘉義縣中埔鄉鹽館村;中埔村;隆興村;龍門村;裕民村,2015/05/13 7:48至2015/05/13 15:0,2015/05/13 15:0以後,05-2611075,2015/5/13~2015/5/14,606嘉義縣中埔鄉     
【停水區域一】雲林縣二崙鄉大華村;華西路,2015/05/13 13:0至2015/05/13 17:0,2015/05/13 17:0以後,05-6962070,2015/5/13~2015/5/14,649雲林縣二崙鄉     
【停水區域一】台中市大里區中興路二段以東、新光路二段以西、達明路以南、新南路以北一帶。,2015/05/13 10:0至2015/05/13 17:0,2015/05/13 17:0以後,24821831 24820158,2015/5/13~2015/5/14,412台中市大里區     
【停水區域一】嘉義縣太保市北新里;合德新村;中興路一段;中興路二段;仁愛路;和平路;北興路;中正路,2015/05/13 10:0至2015/05/13 15:0,2015/05/13 15:0以後,05-3742044,2015/5/13~2015/5/14,612嘉義縣太保市     
【停水區域一】桃園市龜山區桃園縣/龜山鄉/忠義路一段;大坑路二段;大坑路三段;大湖一路;大湖頂;大湖路;公園路;文七一街;文七九街;文七二街;文七三街;文七五街;文二一街;文二三街;文三一街;文三二街;文三三街;文山街;文化一路;文化七路;文化二路;文化三路;文化五路;文化東路;文化南路;文光街;文全街;文安街;文昌一街;文昌二街;文昌三街;文昌五街;文明一街;文明二街;文明三街;文明路;文東一街;文東三街;文東五街;文武街;文康街;文善街;文德二路;文德路;文興路;北油一區;北油路;西勢湖;西勢湖路;忠義路二段;忠義路三段;東方球場路;長庚一街;長庚七街;長庚九街;長庚二街;長庚八街;長庚十一街;長庚十二街;長庚十三街;長庚十五街;長庚十六街;長庚十四街;長庚十街;長庚三街;長庚五街;長庚六街;長庚四街;長庚球場路;長庚醫護新村;長青路;青山路二段;後厝;科技一路;科技七路;科技九路;科技二路;科技八路;科技三路;科技五路;科技六路;科技四路;苦苓林;風尾坑;員林坑;振興路;陳厝坑;頂湖;頂湖一街;頂湖七街;頂湖九街;頂湖二街;頂湖十一街;頂湖三街;頂湖五街;頂湖六街;頂湖路;復華新村;復興一路;復興二路;復興三路;復興北路;復興南路;復興街;復興街永樂巷;復興街宏聲巷;復興街金龍巷;華亞一路;華亞二路;華亞三路;華亞五路;華亞四路;華美一街;華美二街;新興一街;新興街;新興一街;福德巷;樟腦寮;樂善街;樂安街;樹人路;興華一街;興華二街;興華三街;興華五街;龜山一路(含全部巷弄),2015/05/13 12:0至2015/05/13 18:0,2015/05/13 18:0以後,03-329-4999,2015/5/13~2015/5/14,333桃園市龜山區     
【停水區域一】南投縣中寮鄉八仙村、福盛村、廣興村、崁頂村、和興村、,2015/05/13 8:30至2015/05/13 17:30,2015/05/13 17:30以後,2222635,2015/5/13~2015/5/14,541南投縣中寮鄉     
【停水區域一】台南市新營區台1線(由東山三路口至土庫路口).土庫里,2015/05/13 9:0至2015/05/13 14:0,2015/05/13 14:0以後,06-6322240,2015/5/13~2015/5/14,730台南市新營區     
【停水區域一】桃園市觀音區藍埔里,2015/05/13 8:55至2015/05/13 16:0,2015/05/13 16:0以後,3862156,2015/5/13~2015/5/14,328桃園市觀音區     
【停水區域一】台南市新營區復興路/長榮路,2015/05/13 9:0至2015/05/13 17:0,2015/05/13 17:0以後,06-6322240,2015/5/13~2015/5/14,730台南市新營區     
【停水區域一】南投縣埔里鎮籃城里,2015/05/13 11:0至2015/05/13 17:0,2015/05/13 17:0以後,0492915176,2015/5/13~2015/5/14,545南投縣埔里鎮     
【區域1】台南市仁德區保安路二段全部、田厝一、二、三街全部、三甲村全部,2015/05/13 8:0至2015/05/16 17:0【每日上午8點至下午5點】,2015/05/16 17:0以後,06-2303756,2015/5/13~2015/5/17,717台南市仁德區     
【停水區域一】高雄市岡山區三和里;山隙路一帶,2015/05/13 9:0至2015/05/13 13:30,2015/05/13 13:30以後,07-6222814,2015/5/13~2015/5/14,820高雄市岡山區     
【停水區域一】桃園市觀音區保障里,2015/05/13 9:5至2015/05/13 15:0,2015/05/13 15:0以後,3862156,2015/5/13~2015/5/14,328桃園市觀音區     
【停水區域一】台中市豐原區鎌村路,2015/05/13 9:30至2015/05/13 13:30,2015/05/13 13:30以後,04-25722643,2015/5/13~2015/5/14,420台中市豐原區     
【區域1】新北市蘆洲區信義里 信義路280巷、292巷、302巷，民族路167巷;鷺江里 信義路351巷、361巷,2015/05/14 9:0至2015/05/17 16:0【每日上午9點至下午4點】,2015/05/17 16:0以後,(02)22821817,2015/5/13~2015/5/18,247新北市蘆洲區     
【區域2】新北市蘆洲區鷺江里 信義路351巷、361巷,2015/05/18 9:0至2015/05/27 16:0【每日上午9點至下午4點】,2015/05/27 16:0以後,(02)22821817,2015/5/13~2015/5/28,247新北市蘆洲區     
【區域5】新北市蘆洲區信義里 信義路280巷、292巷、302巷，民族路167巷,2015/05/28 9:0至2015/06/05 16:0【每日上午9點至下午4點】,2015/06/05 16:0以後,(02)22821817,2015/5/14~2015/6/6,247新北市蘆洲區     
【停水區域一】花蓮縣花蓮市延平街,2015/05/13 9:0至2015/05/13 14:0,2015/05/13 14:0以後,8325304,2015/5/13~2015/5/14,970花蓮縣花蓮市     
【停水區域一】新竹市北區中正路、城北街,2015/05/13 9:30至2015/05/13 15:30,2015/05/13 15:30以後,1910;5712141,2015/5/13~2015/5/14,300新竹市北區       
【停水區域一】台中市西屯區福中十一街;福中十二街;中工二路 等附近,2015/05/13 9:35至2015/05/13 12:35,2015/05/13 12:35以後,22442469-1910,2015/5/13~2015/5/14,407台中市西屯區     
【停水區域一】苗栗縣後龍鎮海寶里.全部,2015/05/13 9:40至2015/05/13 14:40,2015/05/13 14:40以後,037330637.037320335,2015/5/13~2015/5/14,356苗栗縣後龍鎮     
【區域1】台南市仁德區中生里;中洲里,2015/05/13 9:45至2015/05/13 12:0 ,2015/05/13 12:0以後,,2015/5/13~2015/5/14,717台南市仁德區     
【區域1】苗栗縣卓蘭鎮內灣里,2015/05/14 11:0至2015/05/14 14:0 ,2015/05/14 14:0以後,,2015/5/13~2015/5/15,369苗栗縣卓蘭鎮     
【區域1】苗栗縣卓蘭鎮內灣里,2015/05/14 11:0至2015/05/14 14:0 ,2015/05/14 14:0以後,,2015/5/13~2015/5/15,369苗栗縣卓蘭鎮     
【停水區域一】花蓮縣吉安鄉（一）吉安鄉仁和村局部地區停水 仁和村吉豐路一段67-26號至廣賢路2-1號總計50戶停水。（二）吉安鄉仁和村部份地區水壓下降。注意事項：一、停水期間請自來水用戶儲水備用。二、公寓或住家抽水機請關閉電源暫停抽水；熱水器暫停使用並關閉水龍頭，以免停水期間造成不必要之損害。三、水龍頭套接橡皮管請暫時拆除，以免虹吸污水進入水管。四、若因天候狀況及其他不可抗拒因素影響，則另期施工。連絡電話：如有需服務事項請撥：吉安壽豐服務所038523131轉203監造人員李進隆洽詢。,2015/05/13 14:0至2015/05/13 17:0,2015/05/13 17:0以後,03-8523131,2015/5/13~2015/5/14,973花蓮縣吉安鄉     
【停水區域一】嘉義市西區福州2街.福州4街.福州7街.廣州街等ㄧ帶,2015/05/13 9:50至2015/05/13 12:0,2015/05/13 12:0以後,0933277822,2015/5/13~2015/5/14,600嘉義市西區       
【區域1】台中市新社區崑山里,2015/05/13 9:55至2015/05/13 12:0 ,2015/05/13 12:0以後,,2015/5/13~2015/5/14,426台中市新社區     
【區域1】台中市新社區崑山里,2015/05/13 9:55至2015/05/13 12:0 ,2015/05/13 12:0以後,,2015/5/13~2015/5/14,426台中市新社區     
【停水區域一】宜蘭縣三星鄉三星路三段;三星路四段(免費客服電話1910;廣興給水廠服務電話9553098),2015/05/13 10:10至2015/05/13 12:10,2015/05/13 12:10以後,0937849872,2015/5/13~2015/5/14,266宜蘭縣三星鄉     
【停水區域一】新北市泰山區壽山路、德安街,2015/05/13 10:5至2015/05/13 13:0,2015/05/13 13:0以後,29097480,2015/5/13~2015/5/14,243新北市泰山區     
【停水區域一】台中市北屯區橫坑巷全部,2015/05/13 10:20至2015/05/13 17:20,2015/05/13 17:20以後,1910;22442469,2015/5/13~2015/5/14,406台中市北屯區     
【停水區域一】台中市潭子區潭富路一、二段、雅豐街、大豐路東一街~大豐東三街、大豐路二段~三段、雅潭路二段萬豐巷,2015/05/13 10:0至2015/05/13 14:0,2015/05/13 14:0以後,04-25722643,2015/5/13~2015/5/14,427台中市潭子區     
【停水區域一】南投縣埔里鎮水頭里、枇杷里、珠格里、溪南里、東門里、南門里、同聲里、杷城里、清新里、西門里、薰化里、大城里,2015/05/14 8:30至2015/05/14 18:0,2015/05/14 18:0以後,049-2915176,2015/5/13~2015/5/15,545南投縣埔里鎮     
【停水區域一】桃園市蘆竹區桃園市蘆竹區南山路沿線(南山路一段、二段、三段),2015/05/13 10:30至2015/05/13 14:0,2015/05/13 14:0以後,,2015/5/13~2015/5/14,338桃園市蘆竹區     
【停水區域一】新北市林口區中正路334~398號雙號{全部};中正路419~443號單號{全部};竹林路53巷1號~22號;竹林路1~71號;中山路145號;佳林路217~267號,2015/05/13 10:30至2015/05/13 17:0,2015/05/13 17:0以後,02-26031880,2015/5/13~2015/5/14,244新北市林口區     
【停水區域一】台南市永康區中山南路316巷2號(發佈單位:台南給水廠)，本訊息無停水區域，唯台南市(永華六區)會有水壓降低情形【不會造成停水，但水壓降低情形會持續至限水解除為止】，無法直接供水3F，若貴用戶發現內線無水時，請檢查1F直接供水之水龍頭與間接加壓設備是否正常。,2015/05/13 8:0至2015/05/13 8:1,2015/05/13 8:1以後,1910，3036097,2015/5/13~2015/5/14,710台南市永康區     
【停水區域一】新竹縣五峰鄉大隘村;大隘;五峰;新竹縣竹東鎮上坪里,2015/05/13 11:0至2015/05/13 15:0,2015/05/13 15:0以後,035-963359,2015/5/13~2015/5/14,311新竹縣五峰鄉     310新竹縣竹東鎮     
【停水區域一】新竹市東區光復路一段;光復路二段;新竹縣竹東鎮竹美路一段;竹美路二段;員山路;下員山;下員山路;中興路四段;竹中路,2015/05/11 9:0至2015/05/16 18:0,2015/05/16 18:0以後,5712141-5733523    監工人員竺正平0928578810,2015/5/13~2015/5/17,300新竹市東區       310新竹縣竹東鎮     
【停水區域一】桃園市平鎮區鎮興里;桃園市楊梅區埔心里,2015/05/13 11:30至2015/05/13 15:0,2015/05/13 15:0以後,4789261,2015/5/13~2015/5/14,324桃園市平鎮區     326桃園市楊梅區     
【停水區域一】嘉義市東區仁義里嘉南街、嘉北街97巷全部,2015/05/13 11:40至2015/05/13 13:40,2015/05/13 13:40以後,05-2779117,2015/5/13~2015/5/14,600嘉義市東區       
【停水區域一】高雄市燕巢區角宿里;滾水路一帶;與橋頭區中崎路一帶,2015/05/13 12:0至2015/05/13 18:30,2015/05/13 18:30以後,07-6955962,2015/5/13~2015/5/14,824高雄市燕巢區     
【停水區域一】高雄市杉林區大愛里;月眉里,2015/05/13 8:0至2015/05/13 12:0,2015/05/13 12:0以後,076613807,2015/5/13~2015/5/14,846高雄市杉林區     
【停水區域一】基隆市安樂區基金一路;基金二路;基金三路;武隆街;武聖街;武訓街;武嶺街;武崙街、含各巷、弄等一帶。,2015/05/18 10:0至2015/05/18 18:0,2015/05/18 18:0以後,24252103-59,2015/5/13~2015/5/19,204基隆市安樂區     
【停水區域一】台南市南區新建路、新興路,2015/05/13 10:30至2015/05/13 17:30,2015/05/13 17:30以後,06-3036097,2015/5/13~2015/5/14,702台南市南區       
【停水區域一】高雄市旗山區大德里(大同街、大仁街、至誠巷、明德巷、旗山轉運南站)、中華路、復新東街,2015/05/13 11:30至2015/05/13 18:0,2015/05/13 18:0以後,076613807,2015/5/13~2015/5/14,842高雄市旗山區     
【停水區域一】花蓮縣吉安鄉山下一街;山下二街;山下三街;山下五街;山下四街;山下路;山上;山腳;山腳一街;干城;干城一街;干城二街;干城三街;吉安路六段,2015/05/13 12:0至2015/05/13 15:0,2015/05/13 15:0以後,8325304,2015/5/13~2015/5/14,973花蓮縣吉安鄉     
【停水區域一】花蓮縣秀林鄉佳民;花蓮縣新城鄉康樂;北埔路;加灣花蓮市華西100號一帶.花蓮市府前路.美崙一帶佳民.大漢,2015/05/13 7:50至2015/05/13 16:30,2015/05/13 16:30以後,8325304,2015/5/13~2015/5/14,972花蓮縣秀林鄉     971花蓮縣新城鄉     
【停水區域一】宜蘭縣羅東鎮羅東鎮中正路(東側)2號起至88號,2015/05/13 13:30至2015/05/13 17:30,2015/05/13 17:30以後,03-9589176,2015/5/13~2015/5/14,265宜蘭縣羅東鎮     
【停水區域一】苗栗縣三義鄉廣盛村,2015/05/13 12:20至2015/05/13 17:0,2015/05/13 17:0以後,037986206  037986218,2015/5/13~2015/5/14,367苗栗縣三義鄉     
【停水區域一】彰化縣大村鄉擺塘巷沿線巷道;彰化縣員林鎮復興路沿線巷道及惠農路172巷沿線巷弄等,2015/05/13 13:0至2015/05/13 18:0,2015/05/13 18:0以後,8320083,2015/5/13~2015/5/14,515彰化縣大村鄉     510彰化縣員林鎮     
【停水區域一】桃園市平鎮區中豐路、新富一~四街等區域,2015/05/13 12:50至2015/05/13 15:0,2015/05/13 15:0以後,03-4251506,2015/5/13~2015/5/14,324桃園市平鎮區     
【停水區域一】嘉義縣六腳鄉下雙溪,2015/05/14 8:30至2015/05/14 18:0,2015/05/14 18:0以後,05-3792117,2015/5/13~2015/5/15,615嘉義縣六腳鄉     
【停水區域一】高雄市六龜區中庄,2015/05/13 12:0至2015/05/13 15:0,2015/05/13 15:0以後,07-6812250,2015/5/13~2015/5/14,844高雄市六龜區     
【停水區域一】高雄市大社區嘉誠里全部,2015/05/13 14:1至2015/05/13 15:54,2015/05/13 15:54以後,3513332,2015/5/13~2015/5/14,815高雄市大社區     
【區域1】高雄市燕巢區海城社區，角宿社區,2015/05/13 12:30至2015/05/13 19:0 ,2015/05/13 19:0以後,,2015/5/13~2015/5/14,824高雄市燕巢區     
【區域1】高雄市燕巢區海城社區，角宿社區,2015/05/13 12:30至2015/05/13 19:0 ,2015/05/13 19:0以後,,2015/5/13~2015/5/14,824高雄市燕巢區     
【停水區域一】台中市南屯區文心路一段;大墩四街;大墩六街;大墩七街;大墩十街;大墩十一街;大墩十二街;大觀路;大通街;大富街;大芳街;大正街;大川街;五權西路二段;河南路四段;向上路一段;向上路二段;惠中路三段;惠文路;向心路;向學路 等附近,2015/05/13 14:6至2015/05/13 17:0,2015/05/13 17:0以後,22442469-1910,2015/5/13~2015/5/14,408台中市南屯區     
【停水區域一】桃園市蘆竹區桃園區(國際路二段口至新興街口),2015/05/13 14:0至2015/05/13 17:0,2015/05/13 17:0以後,033346127,2015/5/13~2015/5/14,338桃園市蘆竹區     
【停水區域一】台中市大里區大明路;台中市南區五權南路;高工路,2015/05/13 13:30至2015/05/13 19:0,2015/05/13 19:0以後,22442469、1910,2015/5/13~2015/5/14,412台中市大里區     402台中市南區       
【停水區域一】新竹市東區水源街、清大校園及週邊地區,2015/05/13 14:10至2015/05/13 17:0,2015/05/13 17:0以後,1910;5712141,2015/5/13~2015/5/14,300新竹市東區       
【停水區域一】台中市太平區樹德路;樹德一街;樹德八街;立功路;育才路;廣三街;立德街;振福路;中山路三段等附近一帶,2015/05/13 14:25至2015/05/13 18:25,2015/05/13 18:25以後,22442469.1910,2015/5/13~2015/5/14,411台中市太平區     
【停水區域一】台中市北區華美街二段;中清西二街 等附近,2015/05/13 14:25至2015/05/13 18:25,2015/05/13 18:25以後,22442469-1910,2015/5/13~2015/5/14,404台中市北區       
【停水區域一】新北市土城區中央路二段2~150號,2015/05/15 9:0至2015/05/25 17:0,2015/05/25 17:0以後,02-22655172,2015/5/13~2015/5/26,236新北市土城區     236新北市土城區     236新北市土城區     
【區域1】台中市新社區永源里;中興里,2015/05/13 14:30至2015/05/13 16:30 ,2015/05/13 16:30以後,,2015/5/13~2015/5/14,426台中市新社區     
【區域1】台中市新社區永源里;中興里,2015/05/13 14:30至2015/05/13 16:30 ,2015/05/13 16:30以後,,2015/5/13~2015/5/14,426台中市新社區     
【停水區域一】苗栗縣苗栗市中正路;欣欣;社寮街;長安街;建民街;為公路;紫園;為民街,2015/05/13 14:30至2015/05/13 19:0,2015/05/13 19:0以後,客服專線1910苗栗營運所037320334,2015/5/13~2015/5/14,360苗栗縣苗栗市     
【停水區域一】高雄市美濃區成功路一帶皆受影響。,2015/05/13 14:0至2015/05/13 17:30,2015/05/13 17:30以後,0933376319,2015/5/13~2015/5/14,843高雄市美濃區     
【停水區域一】基隆市仁愛區仁二路;仁三路;愛二路;愛一路;愛三路，含各巷;弄等一帶。,2015/05/13 13:45至2015/05/14 0:0,2015/05/14 0:0以後,24252103-59,2015/5/13~2015/5/15,200基隆市仁愛區     
【停水區域一】南投縣南投市營北里仁德路、仁愛路等一帶,2015/05/13 14:30至2015/05/13 18:0,2015/05/13 18:0以後,0492563505,2015/5/13~2015/5/14,540南投縣南投市     
【停水區域一】台南市仁德區一甲里忠義路.忠義一街.二街.三街.義林路等含巷弄.,2015/05/13 15:0至2015/05/13 18:0,2015/05/13 18:0以後,06-2303756,2015/5/13~2015/5/14,717台南市仁德區     
【停水區域一】高雄市三民區覺民路531巷口附近一帶,2015/05/13 15:13至2015/05/13 19:10,2015/05/13 19:10以後,07-7321319,2015/5/13~2015/5/14,807高雄市三民區     
【停水區域一】台南市東區立德1.2.3.4.5.6.7.8.9.10.11路、大同路2段,2015/05/13 14:0至2015/05/13 18:0,2015/05/13 18:0以後,06-3036097,2015/5/13~2015/5/14,701台南市東區       
【停水區域一】台中市太平區振福路;振武路;新高路;樹德一街等附近一帶,2015/05/13 15:25至2015/05/13 19:0,2015/05/13 19:0以後,22442469.1910,2015/5/13~2015/5/14,411台中市太平區     
【停水區域一】苗栗縣頭份鎮尖下.濫坑里,2015/05/13 15:20至2015/05/13 17:20,2015/05/13 17:20以後,623500,2015/5/13~2015/5/14,351苗栗縣頭份鎮     
【停水區域一】桃園市中壢區新生路四段、領航南路二段、致遠一~三街、致維街、致成街、公園路一段、青埔路二段等區域水壓降低,2015/05/13 16:10至2015/05/13 22:0,2015/05/13 22:0以後,03-4251506,2015/5/13~2015/5/14,320桃園市中壢區     
【停水區域一】台中市南區仁義街;永東街;永和街;忠孝路;建成路;頂橋二巷;頂橋三巷;復新街;學府路,2015/05/13 17:0至2015/05/13 22:0,2015/05/13 22:0以後,22442469、1910,2015/5/13~2015/5/14,402台中市南區       
【停水區域一】彰化縣鹿港鎮鹿和路一段,2015/05/13 23:0至2015/05/13 23:3,2015/05/13 23:3以後,04-7772127，04-7772609,2015/5/13~2015/5/14,505彰化縣鹿港鎮     
【停水區域一】彰化縣鹿港鎮鹿和路一段,2015/05/13 23:0至2015/05/13 23:3,2015/05/13 23:3以後,04-7772127，04-7772609,2015/5/13~2015/5/14,505彰化縣鹿港鎮     
【停水區域一】宜蘭縣羅東鎮中山路四段;中山路四段123巷(免費客服電話1910;廣興給水廠服務電話9553098),2015/05/13 16:30至2015/05/13 20:0,2015/05/13 20:0以後,0937849881,2015/5/13~2015/5/14,265宜蘭縣羅東鎮     
【停水區域一】台中市烏日區三榮路1、2段及三榮一、三、五路,2015/05/13 16:30至2015/05/13 19:30,2015/05/13 19:30以後,04-23381614,2015/5/13~2015/5/14,414台中市烏日區     
【停水區域一】台南市新營區新北三街/秦漢街/長榮路/金華路/新北五街/新北街,2015/05/15 9:0至2015/05/15 17:0,2015/05/15 17:0以後,06-6322240,2015/5/13~2015/5/16,730台南市新營區     
【停水區域一】基隆市中山區中和路含各巷、弄等一帶。,2015/05/13 16:50至2015/05/13 22:0,2015/05/13 22:0以後,24252103-59,2015/5/13~2015/5/14,203基隆市中山區     
【停水區域一】南投縣埔里鎮北梅里、北安里、泰安里、枇杷里、大湳里、西門里、北門里,2015/05/13 17:30至2015/05/13 21:30,2015/05/13 21:30以後,049-2915176,2015/5/13~2015/5/14,545南投縣埔里鎮     
【區域1】宜蘭縣宜蘭市龍權路二段一帶,2015/05/13 18:5至2015/05/13 20:10 ,2015/05/13 20:10以後,0910057328,2015/5/13~2015/5/14,260宜蘭縣宜蘭市     
【區域1】台南市仁德區田厝里，三甲里,2015/05/13 19:58至2015/05/13 22:0 ,2015/05/13 22:0以後,0912988478,2015/5/13~2015/5/14,717台南市仁德區     
【停水區域一】新北市五股區外寮路;登林路;泰林路;;新北市林口區中正路264巷;中山路97巷2號至22號;竹林路48號至82號;仁愛路一段全部;新寮路;粉寮路一段全部;粉寮路二段全部;中正路全部;中原街;興林路;工一路至工九路;自強一街至自強九街;東林街;醒吾新村;宏昌街;粉寮一街;新生街;中興路;中山路,2015/05/13 20:50至2015/05/14 1:50,2015/05/14 1:50以後,02-26031880,2015/5/13~2015/5/15,248新北市五股區     244新北市林口區     
【區域1】台南市仁德區田厝里，三甲里,2015/05/13 19:58至2015/05/13 23:0 ,2015/05/13 23:0以後,0912988478,2015/5/13~2015/5/14,717台南市仁德區     
【停水區域一】新北市林口區林口路187巷全部,2015/05/14 8:0至2015/05/14 18:0,2015/05/14 18:0以後,26031880;1910,2015/5/14~2015/5/15,244新北市林口區     
【停水區域一】屏東縣三地門鄉賽嘉村,2015/05/14 8:45至2015/05/14 10:0,2015/05/14 10:0以後,087963973,2015/5/14~2015/5/15,901屏東縣三地門鄉   
【停水區域一】嘉義縣竹崎鄉昇平村;嘉義縣番路鄉民和村;番路村,2015/05/14 10:0至2015/05/14 18:0,2015/05/14 18:0以後,05-2611075,2015/5/14~2015/5/15,604嘉義縣竹崎鄉     602嘉義縣番路鄉     
【停水區域一】嘉義縣竹崎鄉紫雲村,2015/05/14 8:3至2015/05/14 13:0,2015/05/14 13:0以後,05-2611075,2015/5/14~2015/5/15,604嘉義縣竹崎鄉     
【停水區域一】嘉義縣朴子市文化南路;新興路;八德路,2015/05/14 8:30至2015/05/14 18:0,2015/05/14 18:0以後,05-3700625,2015/5/14~2015/5/15,613嘉義縣朴子市     
【停水區域一】新竹市東區光復路一段;新竹縣竹東鎮中興路四段,2015/05/14 9:0至2015/05/14 18:0,2015/05/14 18:0以後,5712141-5733523 (301)   監工人員竺正平0928578810,2015/5/14~2015/5/15,300新竹市東區       310新竹縣竹東鎮     
【停水區域一】新竹市東區光復路一段;新竹縣竹東鎮中興路四段{單號},2015/05/14 9:0至2015/05/14 18:0,2015/05/14 18:0以後,5712141-5733523 (301)   監工人員竺正平0928578810,2015/5/14~2015/5/15,300新竹市東區       310新竹縣竹東鎮     
【停水區域一】南投縣名間鄉新街村、東湖村、大埔巷、田寮巷、華山新城,2015/05/14 10:0至2015/05/14 19:0,2015/05/14 19:0以後,2222635,2015/5/14~2015/5/15,551南投縣名間鄉     
【停水區域一】桃園市龜山區忠義路二段493號~638號.大湖ㄧ路.新興街,2015/05/14 9:0至2015/05/14 18:0,2015/05/14 18:0以後,03-329-4999,2015/5/14~2015/5/15,333桃園市龜山區     
【停水區域一】台南市六甲區中山路{全部無水},2015/05/14 12:30至2015/05/14 18:0,2015/05/14 18:0以後,(06)5721166,2015/5/14~2015/5/15,734台南市六甲區     
【停水區域一】苗栗縣銅鑼鄉銅鑼村,2015/05/14 8:45至2015/05/14 11:0,2015/05/14 11:0以後,037-986206  037-986218,2015/5/14~2015/5/15,366苗栗縣銅鑼鄉     
【停水區域一】宜蘭縣宜蘭市慈安路1-102號(含巷內),2015/05/18 13:0至2015/05/18 17:0,2015/05/18 17:0以後,03-9233017,2015/5/14~2015/5/19,260宜蘭縣宜蘭市     
【停水區域一】雲林縣二崙鄉油車村,2015/05/14 13:0至2015/05/14 17:0,2015/05/14 17:0以後,05-6962070,2015/5/14~2015/5/15,649雲林縣二崙鄉     
【停水區域一】苗栗縣造橋鄉豐湖村,2015/05/14 8:50至2015/05/14 12:30,2015/05/14 12:30以後,623500,2015/5/14~2015/5/15,361苗栗縣造橋鄉     
【停水區域一】苗栗縣後龍鎮校椅里,2015/05/14 9:0至2015/05/14 12:0,2015/05/14 12:0以後,客服專線1910苗栗營運所037320334,2015/5/14~2015/5/15,356苗栗縣後龍鎮     
【停水區域一】台中市南屯區同安西巷 等附近,2015/05/14 9:16至2015/05/14 12:16,2015/05/14 12:16以後,22442469-1910,2015/5/14~2015/5/15,408台中市南屯區     
【停水區域一】台中市北屯區環中東路二段以東.東山路一段以南.和順路以西.軍福十三路以北.(和平里),2015/05/15 8:30至2015/05/15 16:0,2015/05/15 16:0以後,22210169,2015/5/14~2015/5/16,406台中市北屯區     
【停水區域一】台中市西屯區青海南街以東.上安路以南.黎明路三段以西.青海南街以北(潮洋里),2015/05/13 8:30至2015/05/13 16:0,2015/05/13 16:0以後,04-22210169,2015/5/14~2015/5/14,407台中市西屯區     
【停水區域一】高雄市仁武區八卦里八德南路100巷4弄52號用戶新裝工程新設管線與舊有管線連接,2015/05/14 9:30至2015/05/14 12:30,2015/05/14 12:30以後,073513332,2015/5/14~2015/5/15,814高雄市仁武區     
【停水區域一】台中市東區東光園路以東.樂業路以南.東光園路以西.振興路以北.(樂成里),2015/06/02 8:30至2015/06/02 16:0,2015/06/02 16:0以後,04-22210169,2015/5/14~2015/6/3,401台中市東區       
【停水區域一】台中市南屯區永春東二路以東.互榮巷以南.楓樹巷以西.楓和路以北(楓樹里),2015/06/04 8:30至2015/06/04 16:0,2015/06/04 16:0以後,04-22210169,2015/5/14~2015/6/5,408台中市南屯區     
【停水區域一】新竹縣湖口鄉新竹縣湖口鄉中正路三段361~400號及湖口老街1~121號、學府街10~90號。,2015/05/14 8:0至2015/05/14 17:0,2015/05/14 17:0以後,免費客服專線1910；湖口營運所035-981603,2015/5/14~2015/5/15,303新竹縣湖口鄉     
【停水區域一】基隆市信義區東信路;培德路;崇法街;東光路含各巷弄,2015/05/14 9:30至2015/05/14 15:0,2015/05/14 15:0以後,24252103轉59,2015/5/14~2015/5/15,201基隆市信義區     
【停水區域一】花蓮縣花蓮市中原路;中正路110巷5弄{全部};福建街106巷{全部};福建街92巷{全部};福建街83巷{全部};福建街71巷{全部};福建街66巷{全部};福建街50巷{全部};福仁路215巷{全部};中順街{全部};長安街{全部};長春街{全部};,2015/05/14 8:0至2015/05/14 17:0,2015/05/14 17:0以後,8325304,2015/5/14~2015/5/15,970花蓮縣花蓮市     
【停水區域一】高雄市鳳山區青年路二段以東、水管路以西、大埤路以南、自由路以北,2015/05/14 9:0至2015/05/14 18:0,2015/05/14 18:0以後,7883714,2015/5/14~2015/5/15,830高雄市鳳山區     
【停水區域一】台南市善化區胡家里;胡厝里,2015/05/14 9:30至2015/05/14 12:0,2015/05/14 12:0以後,06-5973437,2015/5/14~2015/5/15,741台南市善化區     
【停水區域一】台中市大肚區社腳里;王田里;中和里;福山里;營埔里,2015/05/14 8:0至2015/05/20 18:0,2015/05/20 18:0以後,04-26312127,2015/5/14~2015/5/21,432台中市大肚區     
【停水區域一】花蓮縣瑞穗鄉鶴岡村梧繞一街～梧繞二街;鶴東路,2015/05/14 9:45至2015/05/14 12:45,2015/05/14 12:45以後,(03)8882403,2015/5/14~2015/5/15,978花蓮縣瑞穗鄉     
【停水區域一】台南市歸仁區大光一街全部(含其巷弄),2015/05/14 9:0至2015/05/14 12:0,2015/05/14 12:0以後,06-2303756,2015/5/14~2015/5/15,711台南市歸仁區     
【停水區域一】高雄市旗山區延平一;復新東街,2015/05/14 9:30至2015/05/14 14:0,2015/05/14 14:0以後,076613807,2015/5/14~2015/5/15,842高雄市旗山區     
【停水區域一】新北市林口區吉林街全,2015/05/14 10:0至2015/05/14 14:0,2015/05/14 14:0以後,26031880,2015/5/14~2015/5/15,244新北市林口區     
【停水區域一】高雄市旗山區三協里半天寮,2015/05/14 10:0至2015/05/14 15:0,2015/05/14 15:0以後,076613807,2015/5/14~2015/5/15,842高雄市旗山區     
【停水區域一】台中市豐原區陽明街,2015/05/14 10:10至2015/05/14 13:10,2015/05/14 13:10以後,04-25722643,2015/5/14~2015/5/15,420台中市豐原區     
【停水區域一】高雄市田寮區新路,2015/05/14 10:0至2015/05/14 13:0,2015/05/14 13:0以後,07-6934819,2015/5/14~2015/5/15,823高雄市田寮區     
【停水區域一】屏東縣高樹鄉南華村民權路,2015/05/14 10:0至2015/05/14 12:0,2015/05/14 12:0以後,08-7962041,2015/5/14~2015/5/15,906屏東縣高樹鄉     
【停水區域一】台中市豐原區圓環北路二段;豐勢路一段;東仁街;明仁街;明義街;東興街;直興街;明興街;水源路,2015/05/14 10:20至2015/05/14 14:20,2015/05/14 14:20以後,04-25722643,2015/5/14~2015/5/15,420台中市豐原區     
【停水區域一】高雄市梓官區梓信里;與彌陀區;南寮里一帶,2015/05/14 10:30至2015/05/14 17:30,2015/05/14 17:30以後,07-6955225,2015/5/14~2015/5/15,826高雄市梓官區     
【停水區域一】高雄市鳥松區文前路2巷口附近一帶,2015/05/14 10:30至2015/05/14 13:30,2015/05/14 13:30以後,07-7321319,2015/5/14~2015/5/15,833高雄市鳥松區     
【停水區域一】屏東縣恆春鎮仁壽里大埔路一帶,2015/05/14 10:30至2015/05/14 13:30,2015/05/14 13:30以後,8892265,2015/5/14~2015/5/15,946屏東縣恆春鎮     
【停水區域一】桃園市中壢區游泳路、龍岡路三段、龍岡路二段沿線,2015/05/14 10:35至2015/05/14 16:0,2015/05/14 16:0以後,4251506,2015/5/14~2015/5/15,320桃園市中壢區     
【停水區域一】新北市板橋區溪崑二街80~89-2號全部,2015/05/15 9:0至2015/05/15 18:0,2015/05/15 18:0以後,02-26812254,2015/5/14~2015/5/16,220新北市板橋區     
【區域1】新竹縣新豐鄉中崙村2.4.6鄰,2015/05/14 10:30至2015/05/14 13:30 ,2015/05/14 13:30以後,03-5981603,2015/5/14~2015/5/15,304新竹縣新豐鄉     
【停水區域一】桃園市新屋區望間里;大坡里,2015/05/14 10:0至2015/05/14 17:30,2015/05/14 17:30以後,4789261,2015/5/14~2015/5/15,327桃園市新屋區     
【停水區域一】屏東縣屏東市建興南路、棒球路、自立南路、自立南路56、70、93、145、157、164、171巷等,2015/05/14 8:0至2015/05/22 18:0,2015/05/22 18:0以後,08-7226170、7220040,2015/5/14~2015/5/23,900屏東縣屏東市     
【停水區域一】新竹市東區公道五路二段;慈雲路;慈祥路;埔頂一路;埔頂路;占梅路;埔頂二路;埔頂三路;祥園街;龍山西路;龍山東路,2015/05/14 11:0至2015/05/14 17:0,2015/05/14 17:0以後,1910;5712141,2015/5/14~2015/5/15,300新竹市東區       
【停水區域一】桃園市大園區大園里;田心里;北港里;圳頭里;埔心里;橫峰里,2015/05/14 11:10至2015/05/14 16:0,2015/05/14 16:0以後,3862156,2015/5/14~2015/5/15,337桃園市大園區     
【停水區域一】花蓮縣玉里鎮忠勇路;忠智路;城南七街～城南九街,2015/05/14 11:15至2015/05/14 12:15,2015/05/14 12:15以後,(03)8882403,2015/5/14~2015/5/15,981花蓮縣玉里鎮     
【停水區域一】台中市太平區東平路;新平路一段;中平路;永平路二段;大仁街;大勇街;大富街等附近一帶,2015/05/14 11:25至2015/05/14 16:25,2015/05/14 16:25以後,22442469.1910,2015/5/14~2015/5/15,411台中市太平區     
【停水區域一】新北市樹林區備內街3~17號單號側及備內街1巷(含巷弄),2015/05/12 9:0至2015/05/13 15:0,2015/05/13 15:0以後,02-26812526,2015/5/14~2015/5/14,238新北市樹林區     
【停水區域一】台中市清水區中清路九段876巷全部;平等路單號全部包含巷弄;平等西路全部,2015/05/14 9:30至2015/05/14 11:45,2015/05/14 11:45以後,04-26222614,2015/5/14~2015/5/15,436台中市清水區     
【停水區域一】新北市三峽區中正路一段.大同路.光明街.永安街.介壽路一.二段,2015/05/14 13:0至2015/05/14 19:0,2015/05/14 19:0以後,26792527.26792224,2015/5/14~2015/5/15,237新北市三峽區     
【停水區域一】南投縣埔里鎮籃城里、泰安里、大城里、西門里、北梅里、北安里、北門里、大湳里、枇杷里,2015/05/14 13:30至2015/05/14 20:30,2015/05/14 20:30以後,0492915176,2015/5/14~2015/5/15,545南投縣埔里鎮     
