停水範圍,停水期間,恢復供水時間,查詢電話,發佈期間,發佈區域
一、台灣自來水公司第三區管理處通霄銅鑼營運所，因辦理「三義鄉新生路汰換管線工程」新舊管線連絡及用戶改接，訂於(1)104年8月24日至8月28日改接新生路(市場35戶) (2)104年8月31日至9月4日改接新生路(中正1巷60戶) (3)104年9月7日至9月11日改接新生路(中正2巷65戶)，分成3區塊，每日上午9時至下午5時止，每日停水8小時。<BR>二、停水範圍：三義鄉廣盛村(新生路、中正路1巷、中正路2巷等)，影響用戶數約為160戶<BR>,104年08月24日起,104年9月11日止(每日上午9時起至17時止，共8小時停水施作，晚上恢復供水),1910、通霄銅鑼營運所：037-986206,2015/8/17~2015/9/14,000訂閱全部區域     
基隆市中山區復興路、德安路、文化路、協和街、新西街、定國街、西定路、中和路全部(含各巷弄),104年9月8日 上午 9時,104年9月8日 下午 5時,(02)24245200基隆所,2015/8/27~2015/9/8,203基隆市中山區     
基隆市安一路全部(含各巷弄)、崇德路15巷、樂一路、基金一路1-46號。,104年9月9日 上午 9時,104年9月9日 下午 5時,(02)24245200基隆所,2015/8/27~2015/9/9,204基隆市安樂區     
【區域1】新北市蘆洲區信義里 信義路280巷、292巷、302巷;鷺江里 信義路351巷、361巷,2015/05/05 9:0至2015/09/30 16:0【每日上午9點至下午4點】,2015/09/30 16:0以後,(02)22821817,2015/5/11~2015/10/1,247新北市蘆洲區     
【區域1】新北市蘆洲區信義里 信義路280巷、292巷、302巷;鷺江里 信義路351巷、361巷,2015/05/05 9:0至2015/09/30 16:0【每日上午9點至下午4點】,2015/09/30 16:0以後,(02)22821817,2015/5/11~2015/10/1,247新北市蘆洲區     
【區域1】新北市蘆洲區信義里 信義路280巷、292巷、302巷;鷺江里 信義路351巷、361巷,2015/05/05 9:0至2015/09/30 16:0【每日上午9點至下午4點】,2015/09/30 16:0以後,(02)22821817,2015/5/11~2015/10/1,247新北市蘆洲區     
【區域1】新北市蘆洲區信義里 信義路280巷、292巷、302巷;鷺江里 信義路351巷、361巷,2015/05/05 9:0至2015/09/30 16:0【每日上午9點至下午4點】,2015/09/30 16:0以後,(02)22821817,2015/5/11~2015/10/1,247新北市蘆洲區     
【區域1】新北市蘆洲區信義里 信義路280巷、292巷、302巷;鷺江里 信義路351巷、361巷,2015/05/05 9:0至2015/09/30 16:0【每日上午9點至下午4點】,2015/09/30 16:0以後,(02)22821817,2015/5/11~2015/10/1,247新北市蘆洲區     
【停水區域一】桃園市中壢區新興里(全) 志航街 黃興街 自忠街~二街 逢甲一~三街 天祥一~三街 少康一~三街 執信一~二街 林森路10巷16巷等 以上含所有巷道(施工沿線時停水),2015/05/01 8:0至2015/08/31 18:0,2015/08/31 18:0以後,03-4259492,2015/5/19~2015/9/1,320桃園市中壢區     
【停水區域一】彰化縣伸港鄉伸港鄉全部;彰化縣和美鎮和美鎮全部;彰化縣彰化市彰化市全部;彰化縣線西鄉線西鄉全部,2015/06/12 18:0至2015/08/31 23:59,2015/08/31 23:59以後,04-7353883,2015/6/12~2015/9/1,509彰化縣伸港鄉     508彰化縣和美鎮     500彰化縣彰化市     507彰化縣線西鄉     
【區域1】新北市樹林區八德街202巷全部;東豐街全部,2015/07/01 9:0至2015/09/30 19:0【每日上午9點至下午7點】,2015/09/30 19:0以後,,2015/6/30~2015/10/1,238新北市樹林區     
【區域1】新北市樹林區八德街212巷全部;東豐街全部,2015/07/01 9:0至2015/09/30 19:0【每日上午9點至下午7點】,2015/09/30 19:0以後,,2015/6/30~2015/10/1,238新北市樹林區     
【區域1】新北市鶯歌區西湖街曾厝巷全部;西湖街53巷全部,2015/07/01 8:0至2015/08/31 19:0【每日上午8點至下午7點】,2015/08/31 19:0以後,,2015/6/30~2015/9/1,239新北市鶯歌區     
【區域1】新北市樹林區八德街212巷全部;東豐街全部;太平路203~228號全部;味王街38號至53號之間{全部},2015/07/01 9:0至2015/09/30 19:0【每日上午9點至下午7點】,2015/09/30 19:0以後,,2015/7/1~2015/10/1,238新北市樹林區     
【停水區域一】新北市新莊區新莊區公園一路(中正路-新泰路)含 75 巷、中正路 376 巷;每日上午9點至下午6點(若遇大雨未施工則順延),2015/07/13 9:0至2015/09/01 18:0,2015/09/01 18:0以後,29968961#306,2015/7/8~2015/9/2,242新北市新莊區     
【停水區域一】台南市楠西區東勢里;楠西里;中興南路;中興路;民族路;中華路,2015/07/20 8:0至2015/08/31 18:0,2015/08/31 18:0以後,06-5742323,2015/7/15~2015/9/1,715台南市楠西區     
【停水區域一】南投縣集集鎮北勢巷,2015/07/27 8:30至2015/08/27 18:30,2015/08/27 18:30以後,049-2762076,2015/7/27~2015/8/28,552南投縣集集鎮     
【停水區域一】台中市豐原區田心路二段(含巷弄);田心路二段272巷;豐田路(含巷弄);市政路;豐南街,2015/08/03 8:30至2015/08/31 18:30,2015/08/31 18:30以後,04-25722643,2015/7/31~2015/9/1,420台中市豐原區     
【停水區域一】雲林縣虎尾鎮穎川里;西安里,2015/08/01 8:0至2015/08/31 18:0,2015/08/31 18:0以後,05-6322047,2015/8/3~2015/9/1,632雲林縣虎尾鎮     
【停水區域一】新北市三峽區三峽區大仁路18巷至66巷、中山路(大智路至文化路口)、復興路(大智路至文化路210巷口),2015/08/03 9:0至2015/08/31 17:0,2015/08/31 17:0以後,(02)26792224,2015/8/4~2015/9/1,237新北市三峽區     
【停水區域一】雲林縣褒忠鄉中民村;中勝村;有才村;田洋村;埔姜村;中勝路;太湖路;埔姜街;新湖;新湖路;新湖,2015/08/05 8:0至2015/08/31 18:0,2015/08/31 18:0以後,05-6622545 范雅聞,2015/8/4~2015/9/1,634雲林縣褒忠鄉     
【停水區域一】雲林縣元長鄉山內村;山內村;後湖村;雲林縣台西鄉和豐村;五榔村;富琦村;雲林縣東勢鄉四美村;同安村;新坤村;全部村里;雲林縣褒忠鄉有才村;田洋村;新湖村;全部村里,2015/08/05 8:0至2015/08/31 18:0,2015/08/31 18:0以後,05-6622545  05-6625545,2015/8/4~2015/9/1,655雲林縣元長鄉     636雲林縣台西鄉     635雲林縣東勢鄉     634雲林縣褒忠鄉     
【停水區域一】台中市大雅區橫山里;永和路三甲巷,2015/08/06 9:0至2015/08/31 18:0,2015/08/31 18:0以後,25661234,2015/8/5~2015/9/1,428台中市大雅區     
【停水區域一】屏東縣琉球鄉全部村里(因須配合鄉公所各村里活動及四案工程施工期程;供水受影響區域于施工前會先與各村里鄉親機動協調告知;非全面性停水),2015/08/01 8:0至2015/08/31 20:0,2015/08/31 20:0以後,08-8325550,2015/8/5~2015/9/1,929屏東縣琉球鄉     
【停水區域一】高雄市岡山區嘉興里;嘉峰里;潭底里;華崗里;一帶,2015/07/27 9:0至2015/08/31 18:0,2015/08/31 18:0以後,07-6222814,2015/8/5~2015/9/1,820高雄市岡山區     
【停水區域一】台中市北屯區興安路二段以東.松竹路二段以南.遼寧路一段以西.崇德六路一段以北(松安里),2015/08/27 8:30至2015/08/27 16:0,2015/08/27 16:0以後,22210169,2015/8/5~2015/8/28,406台中市北屯區     
【停水區域一】台中市潭子區圓通南路(鐵路以東)含巷道;復興路一段,2015/08/17 8:0至2015/09/30 17:0,2015/09/30 17:0以後,04-25722643豐原給水廠,2015/8/6~2015/10/1,427台中市潭子區     
【停水區域一】南投縣國姓鄉長流村;長福村;長豐村;北港村;石門村;國姓村;柑林村;福龜村;乾溝村;北山村;南港村;大石村;大旗村,2015/08/05 9:0至2015/10/27 20:0,2015/10/27 20:0以後,049-2915176,2015/8/6~2015/10/28,544南投縣國姓鄉     
【停水區域一】花蓮縣吉安鄉砂婆礑淨水場(影響用戶約700戶)影響範圍：慶豐、中山路3段、北昌村等區域。;花蓮縣秀林鄉富世淨水場(影響用戶約500戶)影響範圍：三棧、富世等區域。;池南淨水場(影響用戶約800戶)影響範圍：池南村、米亞丸、銅門、榕樹、銅蘭、文蘭等區域。;花蓮縣花蓮市尚志淨水場(影響用戶約600戶)影響範圍：華西、上美崙、府前路、司法、勵志、警光新村、中美路(街)等區域。;砂婆礑淨水場(影響用戶約100戶)影響範圍：林森路(巷)等區域。;花蓮縣新城鄉富世淨水場(影響用戶約400戶)影響範圍：康樂村、佳民等區域。;尚志淨水場(影響用戶約300戶)影響範圍：北埔村、嘉里村、新城村等區域。;花蓮縣壽豐鄉池南淨水場(影響用戶約200戶)影響範圍：林園路等區域。,2015/08/06 10:0至2015/08/31 23:59,2015/08/31 23:59以後,03-8325304,2015/8/6~2015/9/1,973花蓮縣吉安鄉     972花蓮縣秀林鄉     970花蓮縣花蓮市     971花蓮縣新城鄉     974花蓮縣壽豐鄉     
【區域1】高雄市岡山區嘉興里;嘉峰里;潭底里;華崗里;一帶,2015/07/27 9:0至2015/08/31 18:0【於7/27至8/31日每日上午9點至下午18點】,2015/08/31 18:0以後,07-6222814,2015/8/6~2015/9/1,820高雄市岡山區     
【停水區域一】雲林縣莿桐鄉埔子村(榮村)、埔子村榮村巷道等、埔尾村等部分零星用戶。,2015/08/10 8:0至2015/08/31 19:0,2015/08/31 19:0以後,05-5862163,2015/8/10~2015/9/1,647雲林縣莿桐鄉     
【停水區域一】彰化縣社頭鄉員集路四段;彰化縣員林鎮員集路一段,2015/08/11 8:0至2015/08/31 18:0,2015/08/31 18:0以後,048793211,2015/8/11~2015/9/1,511彰化縣社頭鄉     510彰化縣員林鎮     
【停水區域一】台中市豐原區向陽路自強街惠陽街直興街愛國街自成街自立街豐陽路,2015/08/11 8:30至2015/08/31 18:30,2015/08/31 18:30以後,(04)25722643  (04)25262721,2015/8/11~2015/9/1,420台中市豐原區     
【停水區域一】新北市八里區文化路;文心街;忠一街;忠七街;忠二街;忠八街;忠三街;忠五街;忠六街;忠四街;忠孝路,2015/08/11 9:0至2015/08/31 17:0,2015/08/31 17:0以後,02-22821817轉205,2015/8/11~2015/9/1,249新北市八里區     
【停水區域一】台中市豐原區成功路. ;中興路. ;西勢路. ;協力街. ;社興路. ;社興一街~社興五街.;一心路.;西勢一街~西勢六街.;安和路,2015/08/15 8:0至2015/08/27 17:30,2015/08/27 17:30以後,豐原服務所25269895豐原給水廠25722643,2015/8/13~2015/8/28,420台中市豐原區     
【停水區域一】台南市佳里區一.佳里區公園路447號至465號(門牌單號);二.佳里區公園路467.469巷;三.佳里區公園路471~533號及佳祥托兒所.佳里國小;中山路;新生路;義民街;文化路;和平街;延平路,2015/08/15 9:0至2015/08/27 18:0,2015/08/27 18:0以後,06-7222477,2015/8/20~2015/8/28,722台南市佳里區     
【停水區域一】嘉義市東區王田里五福街20巷及82巷所有住戶,2015/08/24 8:0至2015/09/05 18:0,2015/09/05 18:0以後,05-2252670轉252,2015/8/21~2015/9/6,600嘉義市東區       
【停水區域一】屏東縣里港鄉土庫村信國路、高雄市美濃區吉洋里精忠新村等,2015/08/24 8:0至2015/09/05 18:0,2015/09/05 18:0以後,08-7226170、7220040,2015/8/21~2015/9/6,905屏東縣里港鄉     
【停水區域一】新北市樹林區光武街11~62號(含巷弄)全部,2015/08/22 9:0至2015/09/06 18:0,2015/09/06 18:0以後,02-26812254,2015/8/21~2015/9/7,238新北市樹林區     
【停水區域一】新北市新莊區瓊林南路102號至220號(含周邊巷弄)每日上午9點至下午6點(若遇大雨未施工則順延),2015/08/24 9:0至2015/08/31 18:0,2015/08/31 18:0以後,29966681,2015/8/21~2015/9/1,242新北市新莊區     
【停水區域一】台南市安南區安中路三段273~381號單號側(含巷弄),2015/08/24 8:0至2015/08/28 18:0,2015/08/28 18:0以後,06-2138101-307,2015/8/21~2015/8/29,709台南市安南區     
【停水區域一】彰化縣永靖鄉彰化縣永靖鄉瑚璉路、中山路一段、中山路一段779巷、永久路、八德巷;四維巷、永坡路、西門路、育才路、王厝路、仁一路、西南巷、文建街、水尾路、水尾路50巷72巷100巷148巷160巷186巷202巷230巷280巷291巷等;彰化縣埔心鄉奉天路,2015/08/24 8:0至2015/09/07 18:0,2015/09/07 18:0以後,承包商-沅盛工程有限公司陳耀煌0933561826、監工人員-楊凱鈞047245031*301,2015/8/24~2015/9/8,512彰化縣永靖鄉     513彰化縣埔心鄉     
【停水區域一】彰化縣埔鹽鄉大新路一巷,2015/08/24 10:0至2015/09/07 18:0,2015/09/07 18:0以後,監工人員-工務課朱延清(04-7245031*312)、承包商-振益水電工業股份有限公司許德偉(0910-537813),2015/8/24~2015/9/8,516彰化縣埔鹽鄉     
【停水區域一】雲林縣北港鎮雲縣北港鎮大北里汰換管線工程施工部份用戶停水,2015/08/24 10:40至2015/08/29 18:0,2015/08/29 18:0以後,0972991588-057832040,2015/8/24~2015/8/30,651雲林縣北港鎮     
【停水區域一】宜蘭縣五結鄉1.興盛北路  2.興盛北路126巷  3.五結路三段328號  4.中福北路,2015/08/26 13:0至2015/08/26 17:0,2015/08/26 17:0以後,03-9589177*31,2015/8/24~2015/8/27,268宜蘭縣五結鄉     
【停水區域一】高雄市岡山區華崗里;嘉興里一帶,2015/09/01 9:0至2015/10/28 18:0,2015/10/28 18:0以後,07-6222814,2015/8/24~2015/10/29,820高雄市岡山區     
【停水區域一】南投縣南投市下庄巷全部;營北路73巷36弄;向上路143巷;營北路295巷28弄;營北路227巷(含巷弄)例假日及雨天不施工,2015/08/10 8:0至2015/08/31 20:30,2015/08/31 20:30以後,049-2563505,2015/8/24~2015/9/1,540南投縣南投市     540南投縣南投市     
【區域1】台南市北門區臺17線以西之三光里;中樞里;永華里;慈安里,2015/08/26 9:30至2015/08/26 14:0 ,2015/08/26 14:0以後,7222477,2015/8/24~2015/8/27,727台南市北門區     
【停水區域一】新北市五股區德音里、貿商里、陸一里、成泰里、五龍里、五福里、五股里、德泰里、水碓里、民義里、六福里、福德里;新北市泰山區山腳里、福泰里、福興里、楓樹里、同榮里、同興里、全興里、義學里、羲仁里、明志里、泰友里、新明里、貴子里、貴賢里、貴和里、黎明里,2015/08/25 12:0至2015/08/26 0:0,2015/08/26 0:0以後,29097480,2015/8/24~2015/8/27,248新北市五股區     243新北市泰山區     
【停水區域一】台南市鹽水區福德里/過港,2015/08/26 9:0至2015/08/28 18:0,2015/08/28 18:0以後,066322240,2015/8/25~2015/8/29,737台南市鹽水區     
【停水區域一】台中市豐原區向陽路惠陽街豐陽路,2015/09/01 8:30至2015/09/30 18:30,2015/09/30 18:30以後,04-25722643,2015/8/25~2015/10/1,420台中市豐原區     
【停水區域一】台中市霧峰區育賢路.育智街.育群路,2015/08/24 8:30至2015/08/31 18:0,2015/08/31 18:0以後,23393138,2015/8/25~2015/9/1,413台中市霧峰區     
【停水區域一】屏東縣內埔鄉內埔工業區、內埔菸酒公賣局、豐田國小、富田國小、福壽路、永豐路、屏東監獄、屏東看守所、竹圍村,2015/08/26 8:0至2015/08/26 18:0,2015/08/26 18:0以後,08-7226170、7220040,2015/8/25~2015/8/27,912屏東縣內埔鄉     
【停水區域一】台中市大雅區文雅里;中山北路{中山北路與永和路口至中山路口},2015/08/22 9:0至2015/08/31 18:0,2015/08/31 18:0以後,25661234,2015/8/25~2015/9/1,428台中市大雅區     
【區域1】新北市石碇區格頭里;北宜路五段潭腰巷;北宜路五段崙尾寮巷;北宜路五段坑內巷;北宜路五段竹坑巷;北宜路五段火燒樟巷;北宜路五段五郎寮巷;北宜路五段小格頭巷;北宜路五段大湖巷;北宜路五段土巷;北宜路五段十股寮巷;北宜路五段;北宜路五段濕水子巷;北宜路四段;北宜路四段栳寮巷;四分子;蛇舌子;樟空子,2015/08/25 12:0至2015/08/26 12:0 ,2015/08/26 12:0以後,26631096,2015/8/25~2015/8/27,223新北市石碇區     
【停水區域一】嘉義縣民雄鄉金興村,2015/08/26 9:0至2015/08/26 17:0,2015/08/26 17:0以後,0937355685,2015/8/25~2015/8/27,621嘉義縣民雄鄉     
【停水區域一】台中市北區雙十路一段以東.北屯路24巷以南.進化路以西.興進路以北(錦祥里),2015/09/15 8:30至2015/09/15 16:0,2015/09/15 16:0以後,22210169,2015/8/25~2015/9/16,404台中市北區       
【停水區域一】台中市南屯區新富五街以東.新富十五路以南.新富路以西.永春路以北(新生里),2015/09/11 8:30至2015/09/11 16:0,2015/09/11 16:0以後,22210169,2015/8/25~2015/9/12,408台中市南屯區     
【停水區域一】桃園市平鎮區平鎮工業區;湧安里;湧豐里;湧光里;莊敬里,2015/08/26 9:0至2015/08/26 12:0,2015/08/26 12:0以後,4789261,2015/8/25~2015/8/27,324桃園市平鎮區     
【停水區域一】桃園市中壢區明德里(全)、信義里(全) 水壓降低：健行里(全),2015/08/26 0:0至2015/08/26 6:0,2015/08/26 6:0以後,4251506,2015/8/25~2015/8/27,320桃園市中壢區     
【停水區域一】宜蘭縣大同鄉四季村,2015/08/26 10:0至2015/08/26 14:0,2015/08/26 14:0以後,(03)9233017,2015/8/25~2015/8/27,267宜蘭縣大同鄉     
【區域1】台東縣台東市豐年路1段9~262號等巷道,2015/08/24 8:0至2015/08/29 18:0【每日上午8點至下午6點】,2015/08/29 18:0以後,承包商電話:0937-390925(陳連文)    監造人員電話:0932-559811(謝仲科),2015/8/25~2015/8/30,950台東縣台東市     
【區域1】新北市烏來區全部村里,2015/08/25 17:0至2015/08/26 17:0 ,2015/08/26 17:0以後,02-26631096,2015/8/25~2015/8/27,233新北市烏來區     
【停水區域一】雲林縣二崙鄉義庄村;大華村;楊賢村,2015/08/25 8:0至2015/08/31 18:0,2015/08/31 18:0以後,05-5862163,2015/8/25~2015/9/1,649雲林縣二崙鄉     
【停水區域一】台中市烏日區溪壩里溪南路一段(分段施工）,2015/08/26 8:30至2015/09/30 17:30,2015/09/30 17:30以後,04-23381614,2015/8/25~2015/10/1,414台中市烏日區     
,,,02-29966681,2015/8/25~2015/8/27,
【停水區域一】雲林縣元長鄉後湖村;山內村;雲林縣台西鄉富琦村;五榔村;和豐村;雲林縣東勢鄉全部村里;雲林縣褒忠鄉全部村里,2015/09/05 9:0至2015/09/05 19:0,2015/09/05 19:0以後,05-6622545,2015/8/25~2015/9/6,655雲林縣元長鄉     636雲林縣台西鄉     635雲林縣東勢鄉     634雲林縣褒忠鄉     
【停水區域一】雲林縣土庫鎮全部村里;石廟里;順天里;興新里;石廟里;雲林縣元長鄉瓦村;卓運村;後湖村;鹿北村;鹿南村;山內村;頂寮村;山內村;雲林縣台西鄉五榔村;和豐村;富琦村;雲林縣東勢鄉全部村里;雲林縣虎尾鎮東屯里;芳草里;西屯里;雲林縣褒忠鄉全部村里,2015/08/26 8:0至2015/09/13 19:0,2015/09/13 19:0以後,05-6622545,2015/8/25~2015/9/14,633雲林縣土庫鎮     655雲林縣元長鄉     636雲林縣台西鄉     635雲林縣東勢鄉     632雲林縣虎尾鎮     634雲林縣褒忠鄉     
【停水區域一】雲林縣台西鄉五榔村;富琦村;和豐村;雲林縣東勢鄉龍潭村;東南村;東北村;新坤村,2015/08/25 8:0至2015/08/28 20:0,2015/08/28 20:0以後,05-6622545,2015/8/25~2015/8/29,636雲林縣台西鄉     635雲林縣東勢鄉     
【停水區域一】雲林縣西螺鎮全部村里;廣福里,2015/08/26 6:40至2015/08/26 17:0,2015/08/26 17:0以後,055862163,2015/8/26~2015/8/27,648雲林縣西螺鎮     
【停水區域一】高雄市左營區立大路335巷與文萊路一帶,2015/08/26 14:0至2015/08/26 17:0,2015/08/26 17:0以後,07-3312292-237,2015/8/26~2015/8/27,813高雄市左營區     
【區域1】新北市石碇區楓子林;新北市深坑區全部村里;新北市新店區全部村里,2015/08/26 8:0至2015/08/27 8:0 ,2015/08/27 8:0以後,02-26631096,2015/8/26~2015/8/28,223新北市石碇區     222新北市深坑區     231新北市新店區     
【停水區域一】花蓮縣吉安鄉北昌一街;建昌路;莊敬路,2015/08/26 8:15至2015/08/26 10:0,2015/08/26 10:0以後,8325304,2015/8/26~2015/8/27,973花蓮縣吉安鄉     
【停水區域一】屏東縣恆春鎮省北路1巷.恆公路一帶,2015/08/26 8:20至2015/08/26 10:0,2015/08/26 10:0以後,08-8892265,2015/8/26~2015/8/27,946屏東縣恆春鎮     
【停水區域一】花蓮縣吉安鄉南華4街至南華8街範圍小區斷水測試,2015/08/26 8:20至2015/08/26 10:20,2015/08/26 10:20以後,03-8351141,2015/8/26~2015/8/27,973花蓮縣吉安鄉     
【停水區域一】花蓮縣壽豐鄉平和村與吳全公墓附近區域,2015/08/26 8:30至2015/08/26 11:30,2015/08/26 11:30以後,03-8351141,2015/8/26~2015/8/27,974花蓮縣壽豐鄉     
【停水區域一】花蓮縣吉安鄉吉昌1、2、3街範圍小區斷水測試,2015/08/26 8:30至2015/08/26 10:30,2015/08/26 10:30以後,03-8351141,2015/8/26~2015/8/27,973花蓮縣吉安鄉     
【停水區域一】高雄市大寮區大寮區華東路(建民街至田單一街)、建民街(華東路至田單一街),2015/08/27 13:0至2015/08/27 17:0,2015/08/27 17:0以後,07-7424163,2015/8/26~2015/8/28,831高雄市大寮區     
【停水區域一】屏東縣來義鄉南和村;屏東縣春日鄉力里村,2015/08/25 21:0至2015/08/26 12:0,2015/08/26 12:0以後,08-8325550,2015/8/26~2015/8/27,922屏東縣來義鄉     942屏東縣春日鄉     
【停水區域一】桃園市桃園區春日路沿線(包含巷弄),2015/08/26 9:0至2015/08/26 17:0,2015/08/26 17:0以後,033346127,2015/8/26~2015/8/27,330桃園市桃園區     
【停水區域一】南投縣集集鎮富山里石磐巷.洞角巷,2015/08/26 9:0至2015/08/26 12:0,2015/08/26 12:0以後,0492762076,2015/8/26~2015/8/27,552南投縣集集鎮     
【停水區域一】花蓮縣吉安鄉自立2街2巷範圍小區斷水測試,2015/08/26 9:20至2015/08/26 11:20,2015/08/26 11:20以後,03-8351141,2015/8/26~2015/8/27,973花蓮縣吉安鄉     
【停水區域一】新北市板橋區四川路一段371~489號、信義路1巷全部(已上均含巷弄),2015/08/26 9:0至2015/08/26 14:0,2015/08/26 14:0以後,29612196.29612197,2015/8/26~2015/8/27,220新北市板橋區     
【停水區域一】新竹市北區牛埔路,2015/08/26 9:30至2015/08/26 12:0,2015/08/26 12:0以後,1910、新竹服務所 03-5714321、區管理處03-5712141～3,2015/8/26~2015/8/27,300新竹市北區       
【停水區域一】桃園市八德區長興路493巷(沿線),2015/08/26 9:30至2015/08/26 17:0,2015/08/26 17:0以後,03-3346127,2015/8/26~2015/8/27,334桃園市八德區     
,,,1910   員林營運所04-8320083   04-8321341,2015/8/26~2015/9/8,
【停水區域一】桃園市平鎮區廟前路(全)、東勢里,2015/08/26 10:30至2015/08/26 16:0,2015/08/26 16:0以後,4251506,2015/8/26~2015/8/27,324桃園市平鎮區     
【停水區域一】新北市三峽區溪東路、成福路、紫新路、竹崙路、介壽路三段、,2015/08/26 10:30至2015/08/26 14:30,2015/08/26 14:30以後,26792527.26792224,2015/8/26~2015/8/27,237新北市三峽區     
【停水區域一】花蓮縣花蓮市民權七街;民權九街;凌雲四村;縣府新村;勵志新村;警光新村,2015/08/26 9:0至2015/08/26 14:0,2015/08/26 14:0以後,8325304,2015/8/26~2015/8/27,970花蓮縣花蓮市     
【停水區域一】花蓮縣吉安鄉中原路一段;和平路一段;自強路;自立路一段;自立路二段,2015/08/26 10:0至2015/08/26 12:0,2015/08/26 12:0以後,8325304,2015/8/26~2015/8/27,973花蓮縣吉安鄉     
【停水區域一】台中市大里區中興路一段以東、塗城路以西、中興路一段306巷以南、萬壽街以北一帶。中興路一段、塗城路923巷、萬壽街、上興街一段等一帶。,2015/08/27 10:0至2015/08/27 17:0,2015/08/27 17:0以後,24821831 24820158,2015/8/26~2015/8/28,412台中市大里區     
【停水區域一】南投縣名間鄉客庄巷、華山街、彰南路,2015/08/26 10:40至2015/08/26 13:40,2015/08/26 13:40以後,2222635,2015/8/26~2015/8/27,551南投縣名間鄉     
【停水區域一】南投縣水里鄉新興村,2015/08/26 10:40至2015/08/26 16:0,2015/08/26 16:0以後,049-2915176,2015/8/26~2015/8/27,553南投縣水里鄉     
【停水區域一】新北市泰山區仁愛路單號側、仁德路單號側、仁義路單號側、仁義路11巷、仁德路97巷、全興路111~165號、明志路一段501巷,2015/08/27 9:0至2015/08/27 18:0,2015/08/27 18:0以後,29097480,2015/8/26~2015/8/28,243新北市泰山區     
【停水區域一】台南市安南區安和路一段、郡安路3.4.5段、府安路3.4.5段,2015/08/26 11:0至2015/08/26 14:0,2015/08/26 14:0以後,06-3036097,2015/8/26~2015/8/27,709台南市安南區     
【區域1】台中市東勢區上城里;下城里;東關路,2015/08/26 11:25至2015/08/26 17:0 ,2015/08/26 17:0以後,,2015/8/26~2015/8/27,423台中市東勢區     
【區域1】台中市東勢區上城里;下城里;東關路;慶東里,2015/08/26 11:25至2015/08/26 17:0 ,2015/08/26 17:0以後,,2015/8/26~2015/8/27,423台中市東勢區     
【停水區域一】新北市新莊區中平路110巷~152巷(全含巷弄)、中和街59巷,2015/08/26 11:0至2015/08/26 18:0,2015/08/26 18:0以後,02-29966681,2015/8/26~2015/8/27,242新北市新莊區     
【停水區域一】高雄市鼓山區龍德路87號前(近水溝旁)附近一帶,2015/08/26 12:0至2015/08/26 16:0,2015/08/26 16:0以後,07-7321319,2015/8/26~2015/8/27,804高雄市鼓山區     
【停水區域一】桃園市大溪區公園路與埔頂路一段交叉口往仁和路一段方向整區停水。;（內含埔頂一街、二街、三街、五街、六街、七街、八街，慈光街、埔頂街,2015/08/26 12:0至2015/08/26 17:0,2015/08/26 17:0以後,03-4712002,2015/8/26~2015/8/27,335桃園市大溪區     
【停水區域一】台南市楠西區照興里;興北;興南,2015/08/27 8:0至2015/10/26 18:0,2015/10/26 18:0以後,065742323,2015/8/26~2015/10/27,715台南市楠西區     
【停水區域一】新北市板橋區國慶路1~211號單號側(已上含巷弄)遇雨順延,2015/08/24 9:30至2015/08/31 16:0,2015/08/31 16:0以後,29612196.29612197,2015/8/26~2015/9/1,220新北市板橋區     
【停水區域一】新北市三峽區大利路.嘉添路.添福路.,2015/08/26 14:30至2015/08/26 19:30,2015/08/26 19:30以後,26792527.26792224,2015/8/26~2015/8/27,237新北市三峽區     
【停水區域一】花蓮縣花蓮市富安路;裕祥路富裕13街,2015/08/26 11:15至2015/08/26 16:15,2015/08/26 16:15以後,8325304,2015/8/26~2015/8/27,970花蓮縣花蓮市     
【停水區域一】南投縣南投市福山里、鳳鳴里、鳳山里,2015/08/26 10:0至2015/08/26 16:0,2015/08/26 16:0以後,2222635,2015/8/26~2015/8/27,540南投縣南投市     
【停水區域一】新北市林口區下福里(含西濱公路),2015/08/26 14:0至2015/08/26 16:0,2015/08/26 16:0以後,02-26031880,2015/8/26~2015/8/27,244新北市林口區     
【停水區域一】新北市板橋區實踐路(館前東路-成都街口)(已上含巷弄)遇雨順延,2015/08/26 9:0至2015/08/30 16:0,2015/08/30 16:0以後,29612196.29612197,2015/8/26~2015/8/31,220新北市板橋區     
【停水區域一】台中市豐原區南陽路;永康路;安康路;保康路;田心路,2015/08/26 13:59至2015/08/26 18:59,2015/08/26 18:59以後,豐原服務所25269895豐原給水廠25722643,2015/8/26~2015/8/27,420台中市豐原區     
【停水區域一】南投縣南投市吉利路、幸福別墅,2015/08/26 14:30至2015/08/26 18:30,2015/08/26 18:30以後,2222635,2015/8/26~2015/8/27,540南投縣南投市     
【停水區域一】桃園市大園區溪海里,2015/08/26 14:10至2015/08/26 20:0,2015/08/26 20:0以後,3862156,2015/8/26~2015/8/27,337桃園市大園區     
【停水區域一】花蓮縣吉安鄉吉安路二段;吉昌一街;吉昌二街;吉昌三街,2015/08/26 14:15至2015/08/26 16:15,2015/08/26 16:15以後,8325304,2015/8/26~2015/8/27,973花蓮縣吉安鄉     
【停水區域一】基隆市中正區中正路393-465號等一帶。,2015/08/26 14:30至2015/08/26 18:0,2015/08/26 18:0以後,24252103-59,2015/8/26~2015/8/27,202基隆市中正區     
【停水區域一】台中市太平區光興路;光興路四０一南巷;光明路;興隆路;東光街近一帶,2015/08/26 14:55至2015/08/26 17:55,2015/08/26 17:55以後,22442469.1910,2015/8/26~2015/8/27,411台中市太平區     
【停水區域一】宜蘭縣冬山鄉永興路一段395巷.301巷.259巷2弄.4弄.順安國中(免費客務專線1910廣興給水廠服務電話039553098),2015/08/26 10:0至2015/08/26 16:30,2015/08/26 16:30以後,0937849872,2015/8/26~2015/8/27,269宜蘭縣冬山鄉     
【停水區域一】雲林縣斗六市鎮西里建成路,2015/08/26 15:15至2015/08/26 18:0,2015/08/26 18:0以後,0912129526,2015/8/26~2015/8/27,640雲林縣斗六市     
【停水區域一】嘉義縣民雄鄉金興村,2015/08/27 9:0至2015/08/27 17:0,2015/08/27 17:0以後,0937355685,2015/8/26~2015/8/28,621嘉義縣民雄鄉     
【停水區域一】高雄市旗山區花旗二路、內南里、瑞山里,2015/08/26 11:0至2015/08/26 16:30,2015/08/26 16:30以後,076613807,2015/8/26~2015/8/27,842高雄市旗山區     
【停水區域一】基隆市中正區祥豐街197至497號等一帶。,2015/08/26 13:30至2015/08/26 20:0,2015/08/26 20:0以後,24252103-59,2015/8/26~2015/8/27,202基隆市中正區     
【停水區域一】台南市南化區小崙里;中坑里;北平里;西埔里;東和里;南化里;高雄市內門區三平里;內興里;木柵里;石坑里;東埔里,2015/09/02 9:0至2015/09/02 19:0,2015/09/02 19:0以後,06-5742323,2015/8/26~2015/9/3,716台南市南化區     845高雄市內門區     
【停水區域一】雲林縣崙背鄉大同路,2015/08/27 8:0至2015/08/31 18:0,2015/08/31 18:0以後,05-5862163,2015/8/26~2015/9/1,637雲林縣崙背鄉     
【停水區域一】桃園市中壢區明德里(全)、信義里(全) 水壓降低：健行里(全),2015/08/27 0:0至2015/08/27 6:0,2015/08/27 6:0以後,4251506,2015/8/26~2015/8/28,320桃園市中壢區     
【停水區域一】南投縣南投市民族路、大同街、民權街、復興路,2015/08/26 16:40至2015/08/26 18:40,2015/08/26 18:40以後,2222635,2015/8/26~2015/8/27,540南投縣南投市     
【停水區域一】苗栗縣三義鄉雙潭村;廣盛村,2015/08/26 17:12至2015/08/26 19:0,2015/08/26 19:0以後,037986206  037986218,2015/8/26~2015/8/27,367苗栗縣三義鄉     
【停水區域一】台南市柳營區育英街及巷口,2015/08/26 17:30至2015/08/26 19:0,2015/08/26 19:0以後,066322240,2015/8/26~2015/8/27,736台南市柳營區     
【停水區域一】嘉義縣水上鄉回歸村北回60、60-1、60-5、61、63、65、65-2、66、66-5、67、70、80、85、90、90-5號，柳鄉村柳子林192-37、192-38、192-39、192-40、192-41、192-42、192-43、192-48、192-56、199、199-1、199-9、199-10、199-15、199-20、199-25、199-28號，寬士村崎仔頭49-16、49-20、49-50號等所有住戶。,2015/08/26 8:0至2015/08/26 21:0,2015/08/26 21:0以後,05-2779117,2015/8/26~2015/8/27,608嘉義縣水上鄉     
【停水區域一】台中市龍井區東海里。遊園北路22巷、台灣大道五段336號~台灣大道六段6號附近區域含巷弄。,2015/08/26 22:0至2015/08/27 6:0,2015/08/27 6:0以後,04-26312127,2015/8/26~2015/8/28,434台中市龍井區     
【停水區域一】宜蘭縣冬山鄉中城路30~286號、舊寮路6-1~55號、舊寮路73巷18號 附近用戶,2015/08/27 13:0至2015/08/27 17:0,2015/08/27 17:0以後,03-9589176,2015/8/26~2015/8/28,269宜蘭縣冬山鄉     
【停水區域一】台中市沙鹿區沙鹿區竹林里中山路紅竹巷1號-76號含巷弄,2015/08/26 17:40至2015/08/26 19:40,2015/08/26 19:40以後,26312127,2015/8/26~2015/8/27,433台中市沙鹿區     
【區域1】新北市烏來區全部村里,2015/08/26 17:0至2015/08/27 17:0 ,2015/08/27 17:0以後,02-26631096,2015/8/26~2015/8/28,233新北市烏來區     
【停水區域一】高雄市路竹區忠孝路;中興路,2015/08/26 14:0至2015/08/26 20:0,2015/08/26 20:0以後,076934819,2015/8/26~2015/8/27,821高雄市路竹區     
【區域1】苗栗縣竹南鎮公義里.大埔里,2015/08/26 18:0至2015/08/27 8:0 ,2015/08/27 8:0以後,,2015/8/26~2015/8/28,350苗栗縣竹南鎮     
【區域1】新北市石碇區楓子林;崩山;潭邊里;新北市深坑區土庫里;北深路一段;文山路一段,2015/08/26 18:0至2015/08/27 18:0 ,2015/08/27 18:0以後,02-26631096,2015/8/26~2015/8/28,223新北市石碇區     222新北市深坑區     
【區域1】桃園市中壢區明德里(全)、信義里(全) 水壓降低：健行里(全),2015/08/27 0:0至2015/08/27 6:0 ,2015/08/27 6:0以後,4251506,2015/8/26~2015/8/28,320桃園市中壢區     
【停水區域一】高雄市小港區店中路店鳳街宮和街一帶,2015/08/27 14:0至2015/08/27 17:0,2015/08/27 17:0以後,07-3312292-237,2015/8/27~2015/8/28,812高雄市小港區     
【停水區域一】嘉義縣番路鄉番路村,2015/08/27 8:30至2015/08/27 15:0,2015/08/27 15:0以後,05-2611075,2015/8/27~2015/8/28,602嘉義縣番路鄉     
【停水區域一】嘉義縣竹崎鄉內埔村;白杞村;塘興村;義隆村;義和村,2015/08/27 10:0至2015/08/27 17:0,2015/08/27 17:0以後,05-2611075,2015/8/27~2015/8/28,604嘉義縣竹崎鄉     
【停水區域一】嘉義縣竹崎鄉義隆村;義和村,2015/08/27 12:0至2015/08/27 20:0,2015/08/27 20:0以後,05-2611075,2015/8/27~2015/8/28,604嘉義縣竹崎鄉     
【停水區域一】台南市東區崇學路、崇善路、德光街,2015/08/27 8:0至2015/08/27 15:0,2015/08/27 15:0以後,06-3036097,2015/8/27~2015/8/28,701台南市東區       
【停水區域一】高雄市鳳山區瑞隆東路、南京路、瑞隆路、五甲路、保泰路附近地區,2015/08/27 9:0至2015/08/27 21:0,2015/08/27 21:0以後,7883714,2015/8/27~2015/8/28,830高雄市鳳山區     
【停水區域一】高雄市大寮區鳳林一路128巷、鳳林一路、鳳林公路等附近地區,2015/08/27 9:0至2015/08/27 20:0,2015/08/27 20:0以後,7883714,2015/8/27~2015/8/28,831高雄市大寮區     
【停水區域一】台南市龍崎區楠坑里全部。;台南市關廟區布袋里，田中里，龜洞里等全部。,2015/08/27 9:0至2015/08/27 12:0,2015/08/27 12:0以後,06-2303756,2015/8/27~2015/8/28,719台南市龍崎區     718台南市關廟區     
【停水區域一】高雄市林園區力行路、北汕路、中正路、鳳芸路、石化三路、漁港路等附近地區,2015/08/27 9:0至2015/08/27 19:0,2015/08/27 19:0以後,7883714,2015/8/27~2015/8/28,832高雄市林園區     
【停水區域一】高雄市大寮區商協路、果協路、忠義路、鳳林公路、光華路等附近地區,2015/08/27 9:0至2015/08/27 19:0,2015/08/27 19:0以後,7883714,2015/8/27~2015/8/28,831高雄市大寮區     
【停水區域一】雲林縣斗六市湖山里,2015/08/27 8:30至2015/08/27 13:0,2015/08/27 13:0以後,05-5322362,2015/8/27~2015/8/28,640雲林縣斗六市     
【停水區域一】花蓮縣吉安鄉荳蘭1街、2街範圍小區斷水測試,2015/08/27 8:40至2015/08/27 10:40,2015/08/27 10:40以後,03-8351141,2015/8/27~2015/8/28,973花蓮縣吉安鄉     
【停水區域一】高雄市大社區嘉誠里全部,2015/08/27 9:0至2015/08/27 13:0,2015/08/27 13:0以後,07-3521886,2015/8/27~2015/8/28,815高雄市大社區     
【停水區域一】雲林縣水林鄉水林鄉瓊埔村塭底村等,2015/08/27 14:0至2015/08/27 17:0,2015/08/27 17:0以後,05-7832040-0937573811,2015/8/27~2015/8/28,652雲林縣水林鄉     
【停水區域一】花蓮縣玉里鎮大禹里大禹167號～254號,2015/08/27 9:0至2015/08/27 12:0,2015/08/27 12:0以後,(03)8882403,2015/8/27~2015/8/28,981花蓮縣玉里鎮     
【停水區域一】高雄市鳳山區光華路、青年路一段、國泰路、平等路、自由路等附近地區,2015/08/27 9:0至2015/08/27 18:0,2015/08/27 18:0以後,7883714,2015/8/27~2015/8/28,830高雄市鳳山區     
【停水區域一】花蓮縣吉安鄉山下路範圍小區斷水測試,2015/08/27 8:50至2015/08/27 10:50,2015/08/27 10:50以後,03-8351141,2015/8/27~2015/8/28,973花蓮縣吉安鄉     
【停水區域一】雲林縣水林鄉水林鄉後寮後寮埔等,2015/08/27 10:0至2015/08/27 13:0,2015/08/27 13:0以後,05-7832040-0937573811,2015/8/27~2015/8/28,652雲林縣水林鄉     
【停水區域一】屏東縣林邊鄉中林村,2015/08/27 10:0至2015/08/27 17:30,2015/08/27 17:30以後,08-8325550,2015/8/27~2015/8/28,927屏東縣林邊鄉     
【停水區域一】南投縣南投市下庄巷全部;營北路73巷36弄;向上路143巷;營北路295巷28弄;營北路227巷(含巷弄)例假日及雨天不施工,2015/08/31 8:0至2015/09/04 18:0,2015/09/04 18:0以後,049-2563505,2015/8/27~2015/9/5,540南投縣南投市     
【區域1】台中市清水區清水區高美路(三美路路口至海口南路口),2015/08/27 9:5至2015/08/27 12:0 ,2015/08/27 12:0以後,,2015/8/27~2015/8/28,436台中市清水區     
【停水區域一】花蓮縣壽豐鄉豐德街;中興街;豐山村中山路28號至256號之間{雙號};,2015/08/27 9:30至2015/08/27 17:0,2015/08/27 17:0以後,8325304,2015/8/27~2015/8/28,974花蓮縣壽豐鄉     
【停水區域一】嘉義市東區義教東路,2015/08/27 9:25至2015/08/27 16:0,2015/08/27 16:0以後,0978060560,2015/8/27~2015/8/28,600嘉義市東區       
【停水區域一】宜蘭縣蘇澳鎮隘界路,2015/08/27 9:50至2015/08/27 12:0,2015/08/27 12:0以後,039553098 ㄤ; 1910,2015/8/27~2015/8/28,270宜蘭縣蘇澳鎮     
【停水區域一】南投縣草屯鎮富寮里;中正路;中正路富光巷;富中路;富昌路;富林路一段;富頂路一段;富德街;富春路(均含巷弄),2015/08/27 9:30至2015/08/27 17:30,2015/08/27 17:30以後,049-2563505,2015/8/27~2015/8/28,542南投縣草屯鎮     
【停水區域一】高雄市鼓山區鼓山二路228號附近一帶,2015/08/27 9:50至2015/08/27 12:50,2015/08/27 12:50以後,07-7321319,2015/8/27~2015/8/28,804高雄市鼓山區     
【停水區域一】新北市土城區中華路2段2號至中華路2段88號,2015/08/26 9:0至2015/08/26 17:0,2015/08/26 17:0以後,02-22655172,2015/8/27~2015/8/27,236新北市土城區     236新北市土城區     
【停水區域一】南投縣埔里鎮北梅里,2015/08/27 10:0至2015/08/27 14:0,2015/08/27 14:0以後,049-2915176,2015/8/27~2015/8/28,545南投縣埔里鎮     
【停水區域一】台中市太平區永豐北路;中興路;太平路;中平路;中興路113巷;中興路103巷近一帶,2015/08/27 10:30至2015/08/27 14:30,2015/08/27 14:30以後,22442469.1910,2015/8/27~2015/8/28,411台中市太平區     
【停水區域一】高雄市內門區瑞山里下埔尾,2015/08/27 11:0至2015/08/27 17:0,2015/08/27 17:0以後,076613807,2015/8/27~2015/8/28,845高雄市內門區     
【停水區域一】嘉義縣大林鎮上林里.中林里.;嘉義縣民雄鄉三興村,2015/08/27 14:0至2015/08/27 17:0,2015/08/27 17:0以後,0937-355-685,2015/8/27~2015/8/28,622嘉義縣大林鎮     621嘉義縣民雄鄉     
【停水區域一】高雄市仁武區烏林里及考潭里二里,2015/08/27 12:0至2015/08/27 15:23,2015/08/27 15:23以後,3513332,2015/8/27~2015/8/28,814高雄市仁武區     
【停水區域一】雲林縣斗六市三平里西平路北側（8/24起-上海路至明德北路二段、西平路至慶生路範圍停水） 南京路4～34號停水,2015/07/30 8:0至2015/08/31 20:0,2015/08/31 20:0以後,0912312835,2015/8/27~2015/9/1,640雲林縣斗六市     
【停水區域一】台中市太平區永平南路;永平路一段;永平路二段;永平路三段;永豐路;永豐北路;永豐路永新巷;中南路;長億六街;太平路;太平十九街;太平十七街;太平十六街;太平二十八街近一帶,2015/08/27 11:40至2015/08/27 15:40,2015/08/27 15:40以後,22442469.1910,2015/8/27~2015/8/28,411台中市太平區     
【停水區域一】台中市豐原區南陽路綠山巷,2015/08/26 17:50至2015/08/27 16:50,2015/08/27 16:50以後,豐原服務所25269895豐原給水廠25722643,2015/8/27~2015/8/28,420台中市豐原區     
【停水區域一】嘉義市東區短竹里彌陀路1至100號等附近一帶全部(彌陀寺;嘉義市環保局),2015/08/27 11:30至2015/08/27 15:30,2015/08/27 15:30以後,05-2779117,2015/8/27~2015/8/28,600嘉義市東區       
【停水區域一】宜蘭縣宜蘭市進士路;金古三路;金山東路;,2015/08/27 11:0至2015/08/27 14:0,2015/08/27 14:0以後,1910,2015/8/27~2015/8/28,260宜蘭縣宜蘭市     
【停水區域一】新北市泰山區泰林路一段、二段(含周邊巷弄),2015/08/29 9:0至2015/08/30 18:0,2015/08/30 18:0以後,29097480,2015/8/27~2015/8/31,243新北市泰山區     
【區域1】台中市清水區清水區高美路(三美路路口至海口南路口),2015/08/27 9:5至2015/08/27 13:0 ,2015/08/27 13:0以後,,2015/8/27~2015/8/28,436台中市清水區     
【停水區域一】桃園市中壢區崁頂路、永隆三村。,2015/08/27 12:0至2015/08/27 14:0,2015/08/27 14:0以後,03-4251506,2015/8/27~2015/8/28,320桃園市中壢區     
【停水區域一】雲林縣斗六市八德里,2015/08/27 12:0至2015/08/27 17:30,2015/08/27 17:30以後,05-5322844,2015/8/27~2015/8/28,640雲林縣斗六市     
