停水範圍,停水期間,恢復供水時間,查詢電話,發佈期間,發佈區域
新埔鎮：四座里、五埔里、田新里地區及關西鎮：東平里地區停水。,104年01月22日起,104年1月30日止(每日上午9時起至17時止，共8小時停水施作，晚上恢復供水),1910、竹北營運所 (03) 5516814、(03) 5552501 ,2015/1/14~2015/2/2,305新竹縣新埔鄉     
基隆市安樂、仁愛、信義及中正區。,104年1月27日10時,104年1月28日9時,(02)24245200,2015/1/20~2015/1/28,200基隆市仁愛區     201基隆市信義區     202基隆市中正區     204基隆市安樂區     
新豐鄉：松林村、松柏村、山崎村、忠孝村、員山村、崎頂村。<BR>湖口鄉：新竹工業區西區、鳳凰村、鳳山村。<BR>水壓降低地區：<BR>湖口鄉：波羅村。<BR>新豐鄉：中崙村、重興村、鳳坑村、上坑村、新豐村、坡頭村、埔和村、青埔村、瑞興村。<BR><BR>,104年01月31日下午16時起,104年02月1日02時止,1910、湖口營運所03-5981603,2015/1/23~2015/2/3,303新竹縣湖口鄉     304新竹縣新豐鄉     302新竹縣竹北市     
【區域1】彰化縣伸港鄉全部;彰化縣和美鎮全部;彰化縣彰化市全部;彰化縣線西鄉全部,2014/12/01 0:0至2015/01/31 23:59 ,2015/01/31 23:59以後,04-7353883,2014/12/5~2015/2/1,509彰化縣伸港鄉     508彰化縣和美鎮     500彰化縣彰化市     507彰化縣線西鄉     
【區域1】彰化縣伸港鄉全部;彰化縣和美鎮全部;彰化縣彰化市全部;彰化縣線西鄉全部,2014/12/01 0:0至2015/01/31 23:59 ,2015/01/31 23:59以後,04-7353883,2014/12/5~2015/2/1,509彰化縣伸港鄉     508彰化縣和美鎮     500彰化縣彰化市     507彰化縣線西鄉     
【區域3】彰化縣伸港鄉全部;彰化縣和美鎮全部;彰化縣彰化市全部;彰化縣線西鄉全部,2014/12/01 0:0至2015/01/31 23:59 ,2015/01/31 23:59以後,04-7353883,2014/12/5~2015/2/1,509彰化縣伸港鄉     508彰化縣和美鎮     500彰化縣彰化市     507彰化縣線西鄉     
【區域1】台南市新市區大社里;潭頂里,2014/12/11 10:0至2015/05/31 23:0 ,2015/05/31 23:0以後,06-5973437,2014/12/11~2015/6/1,744台南市新市區     
【區域1】高雄市內門區永吉里;永富里;永興里,2014/12/08 8:0至2015/01/31 18:0【每日上午8點至下午6點(地勢較高地區延至晚上9點復水)】,2015/01/31 18:0以後,07-6613807,2014/12/12~2015/2/1,845高雄市內門區     
【區域1】台中市豐原區一心路185巷;社興路;社皮路（含巷弄）,2014/12/22 8:30至2015/02/09 18:30 ,2014/12/22至2015/2/9每日下午 06:30以後,04-25722643,2014/12/23~2015/2/10,420台中市豐原區     
【區域1】高雄市苓雅區苓雅區五福里、正道里、正心里福德一、二路兩側（建國一路~建國一路140巷）、（福德二路~憲政路11號前）等處,2014/12/24 8:30至2015/01/31 19:0【每日上午0800至下午1900】,2014/12/24至2015/1/31每日下午 07:00以後,07-3312292-237,2014/12/24~2015/2/1,802高雄市苓雅區     
【區域1】桃園市八德區夜間減壓供水限水;桃園市大園區夜間減壓供水限水;桃園市大溪區夜間減壓供水限水;桃園市中壢區夜間減壓供水限水;桃園市平鎮區夜間減壓供水限水;桃園市桃園區夜間減壓供水限水;桃園市復興區夜間減壓供水限水;桃園市新屋區夜間減壓供水限水;桃園市楊梅區夜間減壓供水限水;桃園市龍潭區夜間減壓供水限水;桃園市龜山區夜間減壓供水限水;桃園市蘆竹區夜間減壓供水限水;桃園市觀音區夜間減壓供水限水;新北市五股區夜間減壓供水限水;新北市林口區夜間減壓供水限水;新北市泰山區夜間減壓供水限水;新北市鶯歌區夜間減壓供水限水;新竹縣湖口鄉夜間減壓供水限水;新竹縣新豐鄉夜間減壓供水限水,2014/11/27 23:0至2015/02/17 0:0【夜間減壓供水限水】,2015/02/17 0:0以後,免付費服務電話：1910,2014/12/29~2015/2/18,334桃園市八德區     337桃園市大園區     335桃園市大溪區     320桃園市中壢區     324桃園市平鎮區     330桃園市桃園區     336桃園市復興區     327桃園市新屋區     326桃園市楊梅區     325桃園市龍潭區     333桃園市龜山區     338桃園市蘆竹區     328桃園市觀音區     248新北市五股區     244新北市林口區     243新北市泰山區     239新北市鶯歌區     303新竹縣湖口鄉     304新竹縣新豐鄉     
【區域1】南投縣國姓鄉北山村,2014/12/29 9:0至2015/01/31 18:0【每日上午9點至下午6點】,2015/01/31 18:0以後,0492915176,2014/12/29~2015/2/1,544南投縣國姓鄉     
【區域3】彰化縣鹿港鎮全部村里;彰化縣福興鄉二港村;三汴村;三和村;同安村;外埔村;西勢村;秀厝村;社尾村;頂粘村;麥厝村;番婆村;廈粘村;萬豐村;福南村;福興村;福寶村;橋頭村;鎮平村,2015/01/05 23:0至2015/01/31 23:0 ,2015/01/31 23:0以後,04-7772127，04-7772609,2015/1/5~2015/2/1,505彰化縣鹿港鎮     506彰化縣福興鄉     
【區域1】台中市豐原區一心路185巷;社興路;社皮路（含巷弄）,2015/01/06 8:30至2015/02/09 18:30 ,2015/1/6至2015/2/9每日下午 06:30以後,04-25722643,2015/1/6~2015/2/10,420台中市豐原區     
【區域1】屏東縣枋寮鄉枋寮村;中興路;沿海路;德興路,2015/01/07 8:0至2015/01/26 17:0【每日上午8點至下午5點(例假日不施工)】,2015/01/26 17:0以後,08-8325550,2015/1/6~2015/1/27,940屏東縣枋寮鄉     
【區域1】嘉義市東區後湖里保仁三街、保仁二街、保仁一街、保愛一街、保成路131巷及保成路115-6號至115-10號等所有住戶,2015/01/08 8:0至2015/01/24 18:0【每日上午8點至下午6點(管線末端用戶至下午8點)】,2015/01/24 18:0以後,05-2252670轉252,2015/1/6~2015/1/25,600嘉義市東區       600嘉義市嘉義市     
【區域1】新北市林口區西林里中正路451至559號，文化一路二段36至68號,2015/01/20 10:0至2015/01/30 18:0 ,2015/01/30 18:0以後,免付費服務電話：1910    林口服務所:02-26031880,2015/1/9~2015/1/31,244新北市林口區     
【區域1】新北市五股區外寮路;登林路;登林路貿商巷    新北市五股區全區夜間減壓供水;新北市泰山區 新北市泰山區全區夜間減壓供水,2015/01/15 21:0至2015/01/31 8:0【21:00----08:00】,2015/01/31 8:0以後,1910,2015/1/9~2015/2/1,248新北市五股區     243新北市泰山區     
【區域1】彰化縣永靖鄉湳港村、新庄村、永社路等一帶;彰化縣田尾鄉平和路一帶,2015/01/12 8:0至2015/01/26 18:0【每日上午8點至下午6點】,2015/1/12至2015/1/26每日下午 06:00以後,04-7245031-301監工人員楊凱鈞、0933-561826承包商沅盛工程有限公司,2015/1/12~2015/1/27,512彰化縣永靖鄉     522彰化縣田尾鄉     
【區域1】彰化縣彰化市岸頭巷、英士路、環山路、南校街6巷、寶山路126巷等,2015/01/12 8:0至2015/01/26 18:0【每日上午8點至下午6點】,2015/01/26 18:0以後,04-7245031*309(承包商：旺威工程有限公司，陳欽賢0932535188),2015/1/12~2015/1/27,500彰化縣彰化市     
【區域1】彰化縣員林鎮山腳路5段、山腳路6段、山腳路6段254巷、山腳路6段132巷、東北巷、東北巷90弄等,2015/01/12 8:0至2015/01/26 18:0【每日上午8點至下午6點】,2015/1/12至2015/1/26每日下午 06:00以後,04-7245031*301(承包商：上校水管工程行，張圳益0920-900823),2015/1/12~2015/1/27,510彰化縣員林鎮     
【區域1】台中市南屯區保安二街以東.文山三街以南.保安一街以西.文山二街以北,2015/01/22 8:30至2015/01/22 16:0 ,2015/01/22 16:0以後,22210169,2015/1/12~2015/1/23,408台中市南屯區     
【區域1】台中市西屯區臺灣大道3段729巷以東.朝貴一街以南.朝貴一街以西.朝貴一街以北,2015/01/26 8:30至2015/01/26 16:0 ,2015/01/26 16:0以後,22210169,2015/1/12~2015/1/27,407台中市西屯區     
【區域1】台中市南屯區永春東一路以東.永平路以南.永平路421巷以西.向心南路169巷以北,2015/01/28 8:30至2015/01/28 16:0 ,2015/01/28 16:0以後,22210169,2015/1/12~2015/1/29,408台中市南屯區     
【區域1】台中市西屯區玉門路以東.國安二路以南.福林路以西.國安一路以北,2015/01/27 8:30至2015/01/27 16:0 ,2015/01/27 16:0以後,22210169,2015/1/12~2015/1/28,407台中市西屯區     
【區域1】新北市淡水區鄧公里鄧公路段,2015/01/13 11:0至2015/01/26 16:0【104年1月13日起至104年1月26日止每日上午11時至下午16時止】,2015/01/26 16:0以後,02-26212267,2015/1/12~2015/1/27,251新北市淡水區     
【區域1】台南市安平區(建平里)(怡平里)(華平里)  1.建平十七街(全部含巷弄)  2.慶平路1至571號(單號側含巷弄)2至446號(雙號側含巷弄)  3.華平路632至690號(雙號側含巷弄)581至619號(單號側含巷弄)  4.文平路449至545號(單號側含巷弄)  5.建平十二街103至177號(單號側含巷弄)140至396號(雙號側含巷弄)  6.建平十一街232至336號(雙號側含巷弄)  7.永華六街街182至218號(雙號側含巷弄)235至287號(單號側含巷弄),2015/01/13 8:0至2015/01/30 18:0【預計每日上午8點至下午18點 停水至18點以後恢復供水，遇雨順延】,2015/1/13至2015/1/30每日下午 06:00以後,06-3036097*301,2015/1/12~2015/1/31,708台南市安平區     
【區域1】台南市安南區1.安中路一段711至863號(單側含巷弄)  2.安中路一段705巷全部(含巷弄)  3.安中路一段757巷2-66號及1-71號   4.同安路382巷(含巷弄),2015/01/13 8:0至2015/01/26 18:0【預計每日上午8點至下午18點 停水至18點以後恢復供水，遇雨順延】,2015/1/13至2015/1/26每日下午 06:00以後,06-3036097*301,2015/1/13~2015/1/27,709台南市安南區     
【區域1】新竹縣新埔鎮五埔里;四座里;田新里;新竹縣關西鎮東平里,2015/01/22 9:0至2015/01/30 17:0【每日上午9點至下午5點】,2015/1/22至2015/1/30每日下午 05:00以後,03-5516814,2015/1/13~2015/1/31,305新竹縣新埔鎮     306新竹縣關西鎮     
【區域1】桃園市桃園區武陵里、萬壽里、南門里;桃園市龜山區山頂里、山德里,2015/01/27 22:0至2015/01/28 9:0 ,2015/01/28 9:0以後,免付費服務電話：1910    桃園服務所:03-3346128,2015/1/13~2015/1/29,330桃園市桃園區     333桃園市龜山區     
【區域1】台南市南區1.南區明興路1181巷2號 2.南區明興路1183號~1283號(含巷弄),2015/01/19 8:0至2015/01/31 18:0【預計每日上午8點至下午18點 停水至18點以後恢復供水，遇雨順延】,2015/1/19至2015/1/31每日下午 06:00以後,06-3036097,2015/1/15~2015/2/1,702台南市南區       
【區域1】南投縣南投市南投市中正路(雙號)南側(由中興圓環至向上路),2015/01/16 8:0至2015/01/23 17:0【每日上午8點至下午5點】,2015/1/16至2015/1/23每日下午 05:00以後,049-2563505,2015/1/16~2015/1/24,540南投縣南投市     
【區域1】南投縣草屯鎮草屯轄區,2015/01/17 0:0至2015/02/13 23:59 ,2015/02/13 23:59以後,049-2563505;2566689,2015/1/17~2015/2/14,542南投縣草屯鎮     
【區域1】高雄市三民區德智、德仁、達明、達德、達仁里瀋陽街東側及西側(由十全一路南側至九如二路北側)、瀋陽街(自由一路西側至吉林街東側)一帶,2015/01/19 9:0至2015/01/22 19:0【每日上午9點至下午6點】,2015/1/19至2015/1/22每日下午 07:00以後,07-3312292轉237,2015/1/19~2015/1/23,807高雄市三民區     
【區域1】嘉義縣竹崎鄉鹿滿村;鹿嗚路,2015/01/20 9:0至2015/01/22 20:0【每日上午9點至下午7點】,2015/01/22 20:0以後,05-2611075,2015/1/19~2015/1/23,604嘉義縣竹崎鄉     
【區域1】新竹縣湖口鄉中正村;湖鏡村;波羅村;中勢村;信勢村;愛勢村;德盛村;信義村;東興村,2015/01/29 8:0至2015/01/29 19:0 ,2015/01/29 19:0以後,03-5981603  1910,2015/1/19~2015/1/30,303新竹縣湖口鄉     
【區域1】嘉義縣竹崎鄉和平村;田寮;田寮仔;過溪;過溪仔,2015/01/19 8:0至2015/02/02 19:0【每日上午8點至下午6點】,2015/02/02 19:0以後,05-2611075,2015/1/19~2015/2/3,604嘉義縣竹崎鄉     
【區域1】新北市新莊區光復路2段87巷全部,2015/01/22 9:0至2015/01/22 18:0 ,2015/01/22 18:0以後,29966681轉208,2015/1/20~2015/1/23,242新北市新莊區     
【區域1】新北市新莊區化成路632號~816號(含及其周邊巷弄).化成路814巷(全部).光華路17~59號(單號側).光華路22~54號(雙號側).中山路290巷(全部).,2015/01/23 9:0至2015/01/23 18:0 ,2015/01/23 18:0以後,29966681轉208,2015/1/20~2015/1/24,242新北市新莊區     
【區域1】台南市中西區法華里、郡王里;五妃街(全部含巷弄)、法華街(全部含巷弄)、健康路一段(140.150.160.170巷全部含弄)、、慶中街(全部含巷弄),2015/01/22 8:0至2015/01/23 18:0【預計每日上午8點至下午18點 停水至18點以後恢復供水，遇雨順延】,2015/01/23 18:0以後,06-3036097,2015/1/20~2015/1/24,700台南市中西區     
【區域1】南投縣草屯鎮坪頂里7鄰,2015/01/16 8:30至2015/01/23 17:30【每日上午8點30分至下午5點30分(星期例假日及下雨天不施工)】,2015/01/23 17:30以後,049-2563505,2015/1/20~2015/1/24,542南投縣草屯鎮     
【區域1】新竹縣湖口鄉中正村;湖鏡村;波羅村;中勢村;信勢村;愛勢村;德盛村;信義村;東興村;湖南村;中興村;鳳山村;勝利村,2015/01/29 8:0至2015/01/29 19:0 ,2015/01/29 19:0以後,03-5981603  1910,2015/1/20~2015/1/30,303新竹縣湖口鄉     
【區域1】基隆市中山區光華路;中山三路;中山四路;太白街;基隆市中正區義一路;義二路;義三路;中船路;正義路;基隆市仁愛區光一路;光二路;華一街;華二街;華三街;華五街;華六街;華四街;仁一路;仁二路;仁三路;仁五路;仁四路;孝一路;孝二路;孝三路;孝四路;忠一路;忠二路;忠三路;忠四路;港西街;愛一路;愛二路;愛三路;愛四路;愛五路;愛六路;愛七路;愛九路;獅球路;成功一路;龍安街;崇安街;精一路;復興街;劉銘傳路;延平街;基隆市安樂區安和二街(四期國宅);安樂路一段;崇德路;麥金路2-220號;八德路;樂一路;安一路;基隆市信義區東明路;月眉路;東信路;崇法街;正信路(含威鎮八方社區);花源一街;花源七街;花源九街;花源二街;花源三街;花源五街;中興路;培德路;義七路;義九路;義三路;義五路;義六路;義四路;壽山路等偏高地邊遠地區，以上各區街路段含各巷弄等範圍。水壓降低地區:仁愛區、信義區部份及中正區市區水壓降低。,2015/01/27 10:0至2015/01/28 9:0【於1月27日早上10點至1月28日早上9點】,2015/01/28 9:0以後,24252103-59,2015/1/20~2015/1/29,203基隆市中山區     202基隆市中正區     200基隆市仁愛區     204基隆市安樂區     201基隆市信義區     
【區域1】高雄市鳳山區南光街、南和街(其巷弄)、五甲二路451~565等巷道、林森路121~195等巷道,2015/01/22 9:0至2015/01/23 18:0【每日上午9點至下午6點】,2015/01/23 18:0以後,07-7883714,2015/1/20~2015/1/24,830高雄市鳳山區     
【區域1】台中市神岡區圳前里;圳堵里;新庄村里;台中市清水區吳厝里;東山里;海風里;楊厝里,2015/01/24 8:0至2015/01/24 18:0【上午8點至下午6點】,2015/01/24 18:0以後,0425661234,2015/1/21~2015/1/25,429台中市神岡區     436台中市清水區     
【區域1】宜蘭縣宜蘭市宜蘭市清華路295、407號,2015/01/21 23:0至2015/01/22 3:0 ,2015/01/22 3:0以後,0912225487,2015/1/21~2015/1/23,260宜蘭縣宜蘭市     
【區域1】桃園市八德區銀和街,2015/01/24 10:0至2015/01/24 17:0 ,2015/01/24 17:0以後,033346128,2015/1/21~2015/1/25,334桃園市八德區     
【區域1】嘉義市東區保仁三街等用戶,2015/01/23 8:0至2015/02/13 18:0【每日上午8點至下午6點(管線末端用戶至下午8點)】,2015/02/13 18:0以後,05-2252670轉252,2015/1/21~2015/2/14,600嘉義市東區       
【區域1】台南市新營區新北五街,2015/01/23 9:0至2015/01/23 17:0【上午9點至下午5點】,2015/01/23 17:0以後,06-6322240,2015/1/21~2015/1/24,730台南市新營區     
【區域1】台中市西屯區甘肅路.文心路.西屯路.重慶路一帶,2015/01/21 20:0至2015/01/22 1:0 ,2015/01/22 1:0以後,1910,2015/1/21~2015/1/23,407台中市西屯區     
【區域1】宜蘭縣宜蘭市凱旋路附近一帶,2015/01/21 21:0至2015/01/22 1:0 ,2015/01/22 1:0以後,,2015/1/21~2015/1/23,260宜蘭縣宜蘭市     
【區域1】高雄市前鎮區漁港中二路,2015/01/22 14:0至2015/01/22 17:0 ,2015/01/22 17:0以後,07-3312292-237,2015/1/22~2015/1/23,806高雄市前鎮區     
【區域1】屏東縣高樹鄉田子村;鹽樹村;舊庄村;新南村;南昌路,2015/01/22 8:40至2015/01/22 11:0 ,2015/01/22 11:0以後,087963973,2015/1/22~2015/1/23,906屏東縣高樹鄉     
【區域1】嘉義縣竹崎鄉鹿滿村;鹿嗚路,2015/01/22 8:0至2015/01/22 18:0 ,2015/01/22 18:0以後,2611075,2015/1/22~2015/1/23,604嘉義縣竹崎鄉     
【區域1】桃園市大園區沙崙里,2015/01/22 8:30至2015/01/22 18:0 ,2015/01/22 18:0以後,3862156,2015/1/22~2015/1/23,337桃園市大園區     
【區域1】台南市安南區安中路一段491至687號(單號側含巷弄),2015/01/22 8:0至2015/01/30 18:0【預計每日上午8點至下午18點 ，18點以後恢復供水，遇雨順延】,2015/1/22至2015/1/30每日下午 06:00以後,06-3036097,2015/1/22~2015/1/31,709台南市安南區     
【區域1】桃園市龜山區復興ㄧ路雙號側,2015/01/22 9:0至2015/01/22 17:0 ,2015/01/22 17:0以後,03-329-4999,2015/1/22~2015/1/23,333桃園市龜山區     
【區域1】高雄市鳳山區中山四路以東、國泰路以西、保泰路以南 、臨海路以北,2015/01/22 9:0至2015/01/22 18:0 ,2015/01/22 18:0以後,7883714,2015/1/22~2015/1/23,830高雄市鳳山區     
【區域1】彰化縣永靖鄉四福路,2015/01/22 9:10至2015/01/22 12:10 ,2015/01/22 12:10以後,04-8882073  0933-558489,2015/1/22~2015/1/23,512彰化縣永靖鄉     
【區域1】高雄市鳳山區中山高以東、維武路以西、光復路以南、油管路以北,2015/01/22 9:0至2015/01/22 18:0 ,2015/01/22 18:0以後,7883714,2015/1/22~2015/1/23,830高雄市鳳山區     
【區域1】高雄市鳳山區中山高以東、光明路三段以西、建國路一段以南、內坑路以北,2015/01/22 9:0至2015/01/22 18:0 ,2015/01/22 18:0以後,7883714,2015/1/22~2015/1/23,830高雄市鳳山區     
【區域1】嘉義縣民雄鄉中和村社溝幸福市社區(原天使幼兒園舊址),2015/01/22 9:16至2015/01/22 11:15 ,2015/01/22 11:15以後,0932978332,2015/1/22~2015/1/23,621嘉義縣民雄鄉     
【區域1】南投縣魚池鄉大雁村,2015/01/22 9:15至2015/01/22 10:30 ,2015/01/22 10:30以後,0492915176,2015/1/22~2015/1/23,555南投縣魚池鄉     
【區域1】高雄市三民區安生里察哈爾一街(由十全一路南側至察哈爾一街北側)山東街(由山東街至孝順街)一帶,2015/01/22 10:0至2015/01/22 17:0【每日上午10點至下午5點 (間歇性)】,2015/01/22 17:0以後,07-3312292轉237,2015/1/22~2015/1/23,807高雄市三民區     
【區域1】苗栗縣後龍鎮大山里.外埔里.苗八線沿路用戶全部,2015/01/22 9:30至2015/01/22 15:0 ,2015/01/22 15:0以後,037330637.037320335,2015/1/22~2015/1/23,356苗栗縣後龍鎮     
【區域1】嘉義縣番路鄉觸口村,2015/01/22 9:20至2015/01/22 15:0 ,2015/01/22 15:0以後,2611075,2015/1/22~2015/1/23,602嘉義縣番路鄉     
【區域1】新北市鶯歌區尖山路.中正三路.國中街.二甲路.高職東街.,2015/01/22 9:20至2015/01/22 14:20 ,2015/01/22 14:20以後,26792527.26792224,2015/1/22~2015/1/23,239新北市鶯歌區     
【區域1】桃園市觀音區富林里,2015/01/22 9:28至2015/01/22 17:0 ,2015/01/22 17:0以後,3862156,2015/1/22~2015/1/23,328桃園市觀音區     
【區域1】宜蘭縣三星鄉大洲路;尾塹村;大洲村(免費服務專線0910.廣興給水廠服務專線039553098);上將路一段;上將路二段,2015/01/22 9:0至2015/01/22 11:0 ,2015/01/22 11:0以後,0937849872(免費服務專線0910.廣興給水廠服務專線039553098),2015/1/22~2015/1/23,266宜蘭縣三星鄉     
【區域1】台中市霧峰區吉峰西路74、76、78、80巷全部(含巷弄),2015/01/22 8:0至2015/02/10 18:0【每日上午8點至下午6點(晚上恢復供水)】,2015/02/10 18:0以後,04-23393138,2015/1/22~2015/2/11,413台中市霧峰區     
【區域1】南投縣埔里鎮水頭里,2015/01/22 9:40至2015/01/22 11:0 ,2015/01/22 11:0以後,0492915176,2015/1/22~2015/1/23,545南投縣埔里鎮     
【區域1】苗栗縣苗栗市維新里.維祥里.全部,2015/01/22 9:0至2015/01/22 17:0 ,2015/01/22 17:0以後,037320335.037330637,2015/1/22~2015/1/23,360苗栗縣苗栗市     
【區域1】屏東縣車城鄉射寮路一帶,2015/01/22 9:50至2015/01/22 11:50 ,2015/01/22 11:50以後,088892265,2015/1/22~2015/1/23,944屏東縣車城鄉     
【區域1】桃園市龍潭區龍潭區中豐路５４３巷週邊之用戶;烏林里,2015/01/22 9:43至2015/01/22 14:0 ,2015/01/22 14:0以後,4712002#302,2015/1/22~2015/1/23,325桃園市龍潭區     
【區域1】台中市西屯區福祥街 等附近,2015/01/22 10:0至2015/01/22 15:0 ,2015/01/22 15:0以後,22442469-1910,2015/1/22~2015/1/23,407台中市西屯區     
【區域1】南投縣南投市中正路等處;光華路;光華四路一街;光華四路;光華六路;光華三路;光華五路;光華十路;光華二路二街;光華二路一街;光華二路;光華七路,2015/01/22 9:20至2015/01/22 11:0 ,2015/01/22 11:0以後,0492563505,2015/1/22~2015/1/23,540南投縣南投市     
【區域1】花蓮縣花蓮市美工五街;華東;精美路,2015/01/22 10:10至2015/01/22 13:30 ,2015/01/22 13:30以後,8325304,2015/1/22~2015/1/23,970花蓮縣花蓮市     
【區域1】台南市永康區二王路、永二街、中山南路,2015/01/22 10:25至2015/01/22 14:0 ,2015/01/22 14:0以後,1910、06-2325714,2015/1/22~2015/1/23,710台南市永康區     
【區域1】新竹市東區中興路四段;下員山路;員山路;富貴街;竹中路;竹美路;光明路;公道五路一段等,2015/01/22 13:0至2015/01/22 15:0 ,2015/01/22 15:0以後,03-5733523;1910;03-5712141,2015/1/22~2015/1/23,300新竹市東區       
【區域1】雲林縣斗六市全部,2015/01/22 10:0至2015/01/22 12:0 ,2015/01/22 12:0以後,05-5322362,2015/1/22~2015/1/23,640雲林縣斗六市     
【區域1】南投縣名間鄉萬丹村新丹巷,2015/01/22 10:45至2015/01/22 12:45 ,2015/01/22 12:45以後,2222635,2015/1/22~2015/1/23,551南投縣名間鄉     
【區域1】基隆市信義區東信路含各巷弄一帶,2015/01/22 10:49至2015/01/22 18:0【於1月22日早上10點49分至下午6點】,2015/01/22 18:0以後,242452103-59,2015/1/22~2015/1/23,201基隆市信義區     
【區域1】南投縣南投市彰南路三段,2015/01/22 11:0至2015/01/22 12:0 ,2015/01/22 12:0以後,0492222635,2015/1/22~2015/1/23,540南投縣南投市     
【區域1】彰化縣員林鎮大饒路659巷全部、803巷及各沿線巷弄等附近範圍。,2015/01/22 11:0至2015/01/22 16:0 ,2015/01/22 16:0以後,,2015/1/22~2015/1/23,510彰化縣員林鎮     
【區域1】苗栗縣竹南鎮全部村里,2015/01/22 12:0至2015/01/23 0:0 ,2015/01/23 0:0以後,037-669621,2015/1/22~2015/1/24,350苗栗縣竹南鎮     
【區域1】台南市安南區安中路四段(含巷弄),2015/01/22 11:0至2015/01/22 13:0 ,2015/01/22 13:0以後,06-3036097,2015/1/22~2015/1/23,709台南市安南區     
【區域1】台中市烏日區溪南路1段126巷全部,2015/01/22 9:30至2015/01/22 13:30 ,2015/01/22 13:30以後,0423381614,2015/1/22~2015/1/23,414台中市烏日區     
【區域1】台南市安平區永華四街、永華路二段,2015/01/22 11:0至2015/01/22 16:0 ,2015/01/22 16:0以後,06-3036097,2015/1/22~2015/1/23,708台南市安平區     
【區域1】屏東縣恆春鎮坑內路一帶,2015/01/22 11:30至2015/01/22 14:0 ,2015/01/22 14:0以後,08-8892265,2015/1/22~2015/1/23,946屏東縣恆春鎮     
【區域1】宜蘭縣蘇澳鎮永光里;永春里;永榮里;聖湖里;新城里;蘇北里;蘇西里;蘇東里;蘇南里,2015/01/23 0:0至2015/01/23 3:0 ,2015/01/23 3:0以後,0937849881,2015/1/22~2015/1/24,270宜蘭縣蘇澳鎮     
【區域1】宜蘭縣蘇澳鎮永光里;永春里;永榮里;聖湖里;新城里;蘇北里;蘇西里;蘇東里;蘇南里,2015/01/23 0:0至2015/01/23 3:0 ,2015/01/23 3:0以後,0937849881,2015/1/22~2015/1/24,270宜蘭縣蘇澳鎮     
【區域1】台東縣台東市知本火車站附近,2015/01/22 11:30至2015/01/22 15:0 ,2015/01/22 15:0以後,089-322138,2015/1/22~2015/1/23,950台東縣台東市     
【區域1】宜蘭縣蘇澳鎮永光里;永春里;永榮里;聖湖里;新城里;蘇北里;蘇西里;蘇東里;蘇南里,2015/01/23 0:0至2015/01/23 3:0 ,2015/01/23 3:0以後,0937849881,2015/1/22~2015/1/24,270宜蘭縣蘇澳鎮     
【區域3】宜蘭縣蘇澳鎮永光里;永春里;永榮里;永樂里;聖湖里;新城里;隘丁里;蘇北里;蘇西里;蘇東里;蘇南里,2015/01/23 0:0至2015/01/23 3:0【晚間0點至凌晨3點壓降】,2015/01/23 3:0以後,0937849881,2015/1/22~2015/1/24,270宜蘭縣蘇澳鎮     
【區域1】台南市新化區礁坑里,2015/01/22 11:50至2015/01/22 14:0 ,2015/01/22 14:0以後,065974290,2015/1/22~2015/1/23,712台南市新化區     
【區域1】台中市北屯區中平路;貿易巷;敦化路;大德巷;經貿一路;經貿一路;復華巷 等附近,2015/01/22 11:40至2015/01/22 13:40 ,2015/01/22 13:40以後,22442469.1910,2015/1/22~2015/1/23,406台中市北屯區     
【區域1】彰化縣彰化市大埔路、埔內街、埔南街、埔西街、埔陽街、英士路、瑞陽街、延平路、岸頭巷等周邊,2015/01/22 12:0至2015/01/22 16:0 ,2015/01/22 16:0以後,04-7353883,2015/1/22~2015/1/23,500彰化縣彰化市     
【區域1】彰化縣花壇鄉白沙村;文德村,2015/01/22 11:30至2015/01/22 18:0 ,2015/01/22 18:0以後,,2015/1/22~2015/1/23,503彰化縣花壇鄉     
【區域1】台中市神岡區社皮路（含巷弄）;台中市豐原區一心路185巷;社興路;社興街,2015/01/12 8:30至2015/01/26 18:30 ,2015/1/12至2015/1/26每日下午 06:30以後,04-25722643,2015/1/22~2015/1/27,429台中市神岡區     420台中市豐原區     
【區域1】高雄市茄萣區白雲里;嘉賜里;嘉安里;嘉樂里;和協里;嘉定里,2015/01/22 12:30至2015/01/22 16:30 ,2015/01/22 16:30以後,07-6934819,2015/1/22~2015/1/23,852高雄市茄萣區     
【區域1】嘉義縣竹崎鄉復金村;竹崎村,2015/01/22 13:30至2015/01/22 19:0 ,2015/01/22 19:0以後,05-2611075,2015/1/22~2015/1/23,604嘉義縣竹崎鄉     
【區域1】基隆市中正區祥豐街及中正路580、640、656巷等一帶,2015/01/22 13:15至2015/01/22 21:0【於1月22日下午1點15分至晚上9點】,2015/01/22 21:0以後,24252103-59,2015/1/22~2015/1/23,202基隆市中正區     
【區域1】台中市潭子區民族路一段,2015/01/22 13:30至2015/01/22 17:30 ,2015/01/22 17:30以後,25722643,2015/1/22~2015/1/23,427台中市潭子區     
【區域1】高雄市小港區高坪二十二路介於高坪七路與高坪三十五街之間(樂仁啟智中心前)附近一帶,2015/01/22 13:30至2015/01/22 15:30 ,2015/01/22 15:30以後,07-7321319,2015/1/22~2015/1/23,812高雄市小港區     
【區域1】台南市善化區小新里,2015/01/22 13:30至2015/01/22 15:0 ,2015/01/22 15:0以後,06-5973437,2015/1/22~2015/1/23,741台南市善化區     
【區域1】台南市仁德區正義二街.中清二街.三街等含巷弄.,2015/01/22 13:50至2015/01/22 16:50 ,2015/01/22 16:50以後,06-2303756,2015/1/22~2015/1/23,717台南市仁德區     
【區域1】桃園市新屋區九斗里4鄰,2015/01/22 14:0至2015/01/22 16:0 ,2015/01/22 16:0以後,4789261,2015/1/22~2015/1/23,327桃園市新屋區     
【區域1】雲林縣斗南鎮明昌里,2015/01/22 10:0至2015/01/22 15:0 ,2015/01/22 15:0以後,05-5972682,2015/1/22~2015/1/23,630雲林縣斗南鎮     
【區域1】高雄市梓官區茄典里;典寶里;嘉展路一帶全部{全部},2015/01/22 14:0至2015/01/22 18:0 ,2015/01/22 18:0以後,07-6222814,2015/1/22~2015/1/23,826高雄市梓官區     
【區域1】雲林縣斗六市榴中里 湖山里;雲林縣林內鄉湖本村 九芎村,2015/01/22 14:30至2015/01/22 18:0 ,2015/01/22 18:0以後,05-5322362,2015/1/22~2015/1/23,640雲林縣斗六市     643雲林縣林內鄉     
【區域1】嘉義市西區大溪里大溪路及大安街附近一帶全部.,2015/01/22 13:40至2015/01/22 16:40 ,2015/01/22 16:40以後,2779117,2015/1/22~2015/1/23,600嘉義市西區       
【區域1】高雄市鼓山區鼓山二路台泥大門前附近一帶,2015/01/22 14:30至2015/01/22 16:30 ,2015/01/22 16:30以後,07-7321319,2015/1/22~2015/1/23,804高雄市鼓山區     
【區域1】新北市鶯歌區重慶街、國慶街、中正一路、中山路、建國路、行政路、忠孝街、仁愛街、信義街、和平街(含週邊巷弄),2015/01/22 11:30至2015/01/22 17:30 ,2015/01/22 17:30以後,26792527.26792224,2015/1/22~2015/1/23,239新北市鶯歌區     
【區域1】澎湖縣馬公市蒔裡里,2015/01/22 15:0至2015/01/22 18:0 ,2015/01/22 18:0以後,06-9273841,2015/1/22~2015/1/23,880澎湖縣馬公市     
【區域1】新竹市東區寶山路;水壓略低地區：建華街;高峰路;高翠路,2015/01/22 14:30至2015/01/22 19:30 ,2015/01/22 19:30以後,1910、新竹服務所 03-5714321、區管理處03-5712141～3,2015/1/22~2015/1/23,300新竹市東區       
【區域1】新竹市東區寶山路;水壓略低地區：建華街;高峰路;高翠路,2015/01/22 14:30至2015/01/22 19:30 ,2015/01/22 19:30以後,1910、新竹服務所 03-5714321、區管理處03-5712141～3,2015/1/22~2015/1/23,300新竹市東區       
【區域1】新竹市東區寶山路;水壓略低地區：建華街;高峰路;高翠路,2015/01/22 14:30至2015/01/22 19:30 ,2015/01/22 19:30以後,1910、新竹服務所 03-5714321、區管理處03-5712141～3,2015/1/22~2015/1/23,300新竹市東區       
【區域1】桃園市平鎮區福龍路一段、洪圳路、東豐路、東龍街、快速路一段、金陵路五~七段、金雞湖路、太平東(西)路、廟前路、龍祥路、平東路239(659、573)巷、東光路、星友街、龍南路666巷,2015/01/22 9:0至2015/01/22 17:0 ,2015/01/22 17:0以後,03-4251506,2015/1/22~2015/1/23,324桃園市平鎮區     
【區域1】新竹縣湖口鄉中山路2段428巷,2015/01/22 15:0至2015/01/22 17:0 ,2015/01/22 17:0以後,湖口營運所03-5981603,2015/1/22~2015/1/23,303新竹縣湖口鄉     
【區域1】桃園市桃園區秀山路、秀山路86巷、秀山路96巷、大同西路、大同西路47巷、大同西路61巷、大同西路69巷等,2015/01/22 9:0至2015/02/06 17:0【每日上午9點至下午5點】,2015/02/06 17:0以後,03-3346127,2015/1/22~2015/2/7,330桃園市桃園區     
【區域1】桃園市龍潭區八德里(梅龍路;梅龍三街;梅龍二街;梅龍一街),2015/01/22 14:49至2015/01/22 17:30 ,2015/01/22 17:30以後,4712002#302,2015/1/22~2015/1/23,325桃園市龍潭區     
【區域1】桃園市桃園區興邦路43巷,2015/01/24 11:0至2015/01/24 18:0【上午11點至下午6點】,2015/01/24 18:0以後,03-3346127,2015/1/22~2015/1/25,330桃園市桃園區     
【區域1】台南市北區實踐街,2015/01/22 14:30至2015/01/22 17:0 ,2015/01/22 17:0以後,06-3036097,2015/1/22~2015/1/23,704台南市北區       
【區域1】屏東縣泰武鄉武潭村,2015/01/22 14:0至2015/01/23 12:0 ,2015/01/23 12:0以後,08-8325550,2015/1/22~2015/1/24,921屏東縣泰武鄉     
【區域1】台南市南區金華路一段,2015/01/22 15:0至2015/01/22 19:0 ,2015/01/22 19:0以後,06-3036097,2015/1/22~2015/1/23,702台南市南區       
【區域1】台南市南區明興路1285巷至1457號(含巷弄),2015/01/25 8:0至2015/02/07 18:0【預計每日上午8點至下午18點 停水至18點以後恢復供水】,2015/1/25至2015/2/7每日下午 06:00以後,06-3036097,2015/1/22~2015/2/8,702台南市南區       
【區域1】雲林縣虎尾鎮虎尾鎮高鐵特區,2015/01/22 15:20至2015/01/22 18:0 ,2015/01/22 18:0以後,05-6322047,2015/1/22~2015/1/23,632雲林縣虎尾鎮     
【區域1】台南市東區裕豐街,2015/01/22 15:20至2015/01/22 17:30 ,2015/01/22 17:30以後,06-3036097,2015/1/22~2015/1/23,701台南市東區       
【區域1】基隆市中山區中山二路65巷等一帶,2015/01/22 15:30至2015/01/22 17:30【於1月22日下午3點30分至5點30分】,2015/01/22 17:30以後,24252103-59,2015/1/22~2015/1/23,203基隆市中山區     
【區域1】桃園市楊梅區上田里7鄰,2015/01/22 15:30至2015/01/22 18:0 ,2015/01/22 18:0以後,4789261,2015/1/22~2015/1/23,326桃園市楊梅區     
【區域1】苗栗縣通霄鎮平元里;;梅南里,2015/01/22 15:40至2015/01/22 18:0 ,2015/01/22 18:0以後,037986206  037986218,2015/1/22~2015/1/23,357苗栗縣通霄鎮     
【區域1】台中市東區建中街(全部)，大公街(全部)，台中路(全部)，建成路(全部)，建德街(全部)，立德街(全部)，立德東街(全部)，仁和路(全部)等附近一帶,2015/01/22 15:46至2015/01/22 19:0 ,2015/01/22 19:0以後,22442469、1910,2015/1/22~2015/1/23,401台中市東區       
【區域1】嘉義縣民雄鄉陳厝寮,2015/01/22 15:46至2015/01/22 16:46 ,2015/01/22 16:46以後,0932978332,2015/1/22~2015/1/23,621嘉義縣民雄鄉     
【區域1】雲林縣林內鄉九芎村 民族路  三權路,2015/01/22 15:48至2015/01/22 18:0 ,2015/01/22 18:0以後,0912129526,2015/1/22~2015/1/23,643雲林縣林內鄉     
【區域1】台中市西屯區永昌二街;永昌三街;永昌一街;文心路三段;寧夏路;重慶路;甘肅路一段 等附近,2015/01/22 15:50至2015/01/22 17:50 ,2015/01/22 17:50以後,22442469.1910,2015/1/22~2015/1/23,407台中市西屯區     
【區域1】彰化縣永靖鄉四湳路,2015/01/22 16:0至2015/01/22 19:0 ,2015/01/22 19:0以後,04-8882073  0933-558489,2015/1/22~2015/1/23,512彰化縣永靖鄉     
【區域1】宜蘭縣蘇澳鎮德興六路,2015/01/22 17:0至2015/01/22 20:0 ,2015/01/22 20:0以後,039553098 ; 0937849892,2015/1/22~2015/1/23,270宜蘭縣蘇澳鎮     
【區域1】桃園市八德區榮友新村;桃園市中壢區龍東路;桃園市平鎮區龍江路、龍平路,2015/01/22 16:0至2015/01/22 18:0 ,2015/01/22 18:0以後,4251506,2015/1/22~2015/1/23,334桃園市八德區     320桃園市中壢區     324桃園市平鎮區     
【區域1】台南市安平區建平十五街,2015/01/22 15:0至2015/01/22 17:0 ,2015/01/22 17:0以後,06-3036097,2015/1/22~2015/1/23,708台南市安平區     
【區域1】宜蘭縣三星鄉成功路全部;三星路六段;三星路五段;集慶村,2015/01/22 16:30至2015/01/22 19:0 ,2015/01/22 19:0以後,039553098 ; 0932087863,2015/1/22~2015/1/23,266宜蘭縣三星鄉     
【區域1】苗栗縣西湖鄉二湖村(2鄰),2015/01/22 17:17至2015/01/23 16:0 ,2015/01/23 16:0以後,037986206  037986218,2015/1/22~2015/1/24,368苗栗縣西湖鄉     
【區域1】台南市七股區永吉;溪南,2015/01/22 14:0至2015/01/22 21:0 ,2015/01/22 21:0以後,7222477,2015/1/22~2015/1/23,724台南市七股區     
【區域1】屏東縣牡丹鄉四林村;屏東縣恆春鎮恆東路、東門橋以東;屏東縣滿州鄉全部,2015/01/22 17:0至2015/01/23 20:0 ,2015/01/23 20:0以後,,2015/1/22~2015/1/24,945屏東縣牡丹鄉     946屏東縣恆春鎮     947屏東縣滿州鄉     
【區域1】屏東縣牡丹鄉四林村;屏東縣恆春鎮恆東路、東門橋以東;屏東縣滿州鄉全部,2015/01/22 17:0至2015/01/23 8:0 ,2015/01/23 8:0以後,,2015/1/22~2015/1/24,945屏東縣牡丹鄉     946屏東縣恆春鎮     947屏東縣滿州鄉     
【區域1】桃園市大園區沙崙里,2015/01/22 17:50至2015/01/23 9:0 ,2015/01/23 9:0以後,3862156,2015/1/22~2015/1/24,337桃園市大園區     
【區域1】新竹縣新埔鎮五埔里;四座里;田新里;新竹縣關西鎮東平里,2015/01/22 9:0至2015/01/30 17:0【每日上午9點至下午5點】,2015/01/30 17:0以後,03-5516814,2015/1/22~2015/1/31,305新竹縣新埔鎮     306新竹縣關西鎮     
【區域1】南投縣埔里鎮牛尾社區,2015/01/22 18:20至2015/01/22 19:20 ,2015/01/22 19:20以後,,2015/1/22~2015/1/23,545南投縣埔里鎮     
【區域1】屏東縣琉球鄉全鄉,2015/01/22 18:20至2015/01/23 22:0 ,2015/01/23 22:0以後,,2015/1/22~2015/1/24,929屏東縣琉球鄉     
【區域1】屏東縣琉球鄉全鄉,2015/01/22 18:20至2015/01/22 22:0 ,2015/01/22 22:0以後,,2015/1/22~2015/1/23,929屏東縣琉球鄉     
【區域1】屏東縣琉球鄉全鄉,2015/01/22 18:20至2015/01/22 22:0 ,2015/01/22 22:0以後,,2015/1/22~2015/1/23,929屏東縣琉球鄉     
【區域1】苗栗縣竹南鎮大埔里;崎頂里;公義里,2015/01/23 0:0至2015/01/23 9:0 ,2015/01/23 9:0以後,,2015/1/23~2015/1/24,350苗栗縣竹南鎮     
【區域1】苗栗縣竹南鎮全部村里,2015/01/22 12:0至2015/01/23 3:0 ,2015/01/23 3:0以後,037-669621,2015/1/23~2015/1/24,350苗栗縣竹南鎮     
【區域1】高雄市前鎮區漁港中二路及漁港北三路一帶,2015/01/23 14:0至2015/01/25 17:0 ,2015/01/25 17:0以後,07-3312292-237,2015/1/23~2015/1/26,806高雄市前鎮區     
【區域1】桃園市蘆竹區山腳里、山鼻里、外社里,2015/01/23 7:30至2015/01/23 11:0 ,2015/01/23 11:0以後,03-3346128,2015/1/23~2015/1/24,338桃園市蘆竹區     
【區域1】屏東縣牡丹鄉四林村;屏東縣恆春鎮恆東路、東門橋以東;屏東縣滿州鄉全部,2015/01/22 17:0至2015/01/23 11:0 ,2015/01/23 11:0以後,,2015/1/23~2015/1/24,945屏東縣牡丹鄉     946屏東縣恆春鎮     947屏東縣滿州鄉     
【區域1】高雄市三民區德智、德仁、達明、達德、達仁里瀋陽街東側及西側(由十全一路南側至九如二路北側)、瀋陽街(自由一路西側至吉林街東側)一帶,2015/01/23 9:0至2015/01/25 19:0【每日上午9至下午7點】,2015/1/23至2015/1/25每日下午 07:00以後,07-3312292轉237,2015/1/23~2015/1/26,807高雄市三民區     
【區域1】雲林縣斗六市社口里 公正里 鎮南里 中山路 鎮南路 立德街 明禮街 六合街 凱旋街 府前街,2015/01/23 8:0至2015/01/23 18:0 ,2015/01/23 18:0以後,0912129526,2015/1/23~2015/1/24,640雲林縣斗六市     
【區域1】高雄市三民區安生里山東街由十全一路南側至察哈爾一街北側)一帶,2015/01/23 11:0至2015/01/23 18:0【每日上午11點至下午6點】,2015/01/23 18:0以後,07-3312292轉237,2015/1/23~2015/1/24,807高雄市三民區     
【區域1】高雄市鳳山區輜汽南路26號附近(鳳山汽車工業區),2015/01/23 10:0至2015/01/23 14:0 ,2015/01/23 14:0以後,07-7424163,2015/1/23~2015/1/24,830高雄市鳳山區     
【區域1】桃園市龜山區復興ㄧ路(雙號側),2015/01/23 9:0至2015/01/23 17:0 ,2015/01/23 17:0以後,03-329-4999,2015/1/23~2015/1/24,333桃園市龜山區     
【區域1】桃園市龜山區復興ㄧ路(雙號側),2015/01/24 8:0至2015/01/24 17:0 ,2015/01/24 17:0以後,03-349-4999,2015/1/23~2015/1/25,333桃園市龜山區     
【區域1】雲林縣水林鄉全部村里.大山村.蕃薯村.松中.松北.大溝村.順興村.尖山村.萬興村.車港村.春埔村.西井村.蘇秦.內湖.水林路.水南村.水北村.部分區域水壓降低.部份時段停水;,2015/01/12 9:0至2015/01/23 18:0【上午9點~下午6點】,2015/01/23 18:0以後,05-7832040,2015/1/23~2015/1/24,652雲林縣水林鄉     
【區域1】桃園市龜山區復興ㄧ路(雙號側),2015/01/25 9:0至2015/01/25 17:0 ,2015/01/25 17:0以後,03-329-4999,2015/1/23~2015/1/26,333桃園市龜山區     
【區域1】南投縣中寮鄉內城村;永和村;永芳村;清水村;爽文村;龍安村;龍岩村,2015/01/23 8:0至2015/01/23 18:0 ,2015/01/23 18:0以後,049-2563505,2015/1/23~2015/1/24,541南投縣中寮鄉     
【區域1】彰化縣田中鎮中州路全部;彰化縣溪州鄉中西路全部,2015/01/23 9:0至2015/01/23 12:0 ,2015/01/23 12:0以後,8793211.8793277,2015/1/23~2015/1/24,520彰化縣田中鎮     524彰化縣溪州鄉     
【區域1】南投縣草屯鎮新富一、二、三街等處,2015/01/23 9:0至2015/01/23 14:0 ,2015/01/23 14:0以後,0492563505,2015/1/23~2015/1/24,542南投縣草屯鎮     
【區域1】高雄市六龜區文武里光復路、復興路及舊庄一帶皆受影響。,2015/01/23 9:0至2015/01/23 19:0 ,2015/01/23 19:0以後,0978156660,2015/1/23~2015/1/24,844高雄市六龜區     
【區域1】桃園市觀音區大潭里,2015/01/23 8:55至2015/01/23 18:0 ,2015/01/23 18:0以後,3862156,2015/1/23~2015/1/24,328桃園市觀音區     
【區域1】新竹市東區南大路748巷;水壓略低地區：南大路;明湖路,2015/01/23 8:50至2015/01/23 12:0 ,2015/01/23 12:0以後,1910、新竹服務所 03-5714321,2015/1/23~2015/1/24,300新竹市東區       
【區域1】嘉義縣太保市太保里;太保里,2015/01/23 9:10至2015/01/23 12:0 ,2015/01/23 12:0以後,053742044,2015/1/23~2015/1/24,612嘉義縣太保市     
【區域1】台南市南區新都路,2015/01/23 9:0至2015/01/23 17:0 ,2015/01/23 17:0以後,06-3036097,2015/1/23~2015/1/24,702台南市南區       
【區域1】花蓮縣花蓮市福?一街.福?二街.福?三街,2015/01/23 9:0至2015/01/23 12:0 ,2015/01/23 12:0以後,8325304,2015/1/23~2015/1/24,970花蓮縣花蓮市     
【區域1】花蓮縣花蓮市華東台泥,2015/01/23 9:0至2015/01/23 12:0 ,2015/01/23 12:0以後,8325304,2015/1/23~2015/1/24,970花蓮縣花蓮市     
【區域1】高雄市林園區沿海三路以東、台21線以西、新厝路以南、沿海路二段以北,2015/01/23 9:0至2015/01/23 18:0 ,2015/01/23 18:0以後,7883714,2015/1/23~2015/1/24,832高雄市林園區     
【區域1】苗栗縣竹南鎮竹興里.中美里,2015/01/23 8:0至2015/01/23 12:0 ,2015/01/23 12:0以後,623500,2015/1/23~2015/1/24,350苗栗縣竹南鎮     
【區域1】台南市西港區堀子頭,2015/01/23 14:0至2015/01/23 18:0 ,2015/01/23 18:0以後,7222477,2015/1/23~2015/1/24,723台南市西港區     
【區域1】台南市安南區北安路二段,2015/01/23 10:0至2015/01/23 13:0 ,2015/01/23 13:0以後,06-3036097,2015/1/23~2015/1/24,709台南市安南區     
【區域1】台南市北區和緯路2.3段、文賢路、大興街、武聖路、文祥街,2015/01/23 9:0至2015/01/23 16:0 ,2015/01/23 16:0以後,06-3036097,2015/1/23~2015/1/24,704台南市北區       
【區域1】台中市北屯區東山路一段(全部)，軍功路一段(全部)，軍功路二段(全部)，環中東路二段(全部)，軍福十一路(全部)，軍福十二路(全部)，軍福十三路(全部)，軍福十五路(全部)，軍福十六路(全部)，軍福十七路(全部)，軍福十八路(全部)，軍和街(全部)，景賢二路(全部)，三甲東街(全部)，和順路(全部)等附近一帶,2015/01/23 10:13至2015/01/23 18:0 ,2015/01/23 18:0以後,22442469、1910,2015/1/23~2015/1/24,406台中市北屯區     
【區域1】高雄市仁武區仁信巷與仁祥街,2015/01/23 10:10至2015/01/23 13:27 ,2015/01/23 13:27以後,3513332.3513501,2015/1/23~2015/1/24,814高雄市仁武區     
【區域1】基隆市信義區深澳坑路;深溪路;深美街;教忠街;教孝街;東峰街;培德路;崇法街;福民街,2015/01/23 10:0至2015/01/23 13:0【於1月23日早上10點至下午1點】,2015/01/23 13:0以後,24252103-59,2015/1/23~2015/1/24,201基隆市信義區     
【區域1】台南市北門區舊埕,2015/01/23 10:30至2015/01/23 17:0 ,2015/01/23 17:0以後,7222477,2015/1/23~2015/1/24,727台南市北門區     
【區域1】嘉義市東區軍輝路、溪興街、過溪、溪底;嘉義縣中埔鄉武德街,2015/01/23 10:15至2015/01/23 12:30 ,2015/01/23 12:30以後,0960223494,2015/1/23~2015/1/24,600嘉義市東區       606嘉義縣中埔鄉     
【區域1】新竹縣竹北市中華路1448巷(全) (觀天下社區);新竹縣新豐鄉新興路2號至新興路206號(全),2015/01/23 10:0至2015/01/23 17:0 ,2015/01/23 17:0以後,03-5981603  1910,2015/1/23~2015/1/24,302新竹縣竹北市     304新竹縣新豐鄉     
【區域1】高雄市六龜區文武里舊庄、復興及光復路一帶皆受影響。,2015/01/24 9:0至2015/01/24 19:0 ,2015/01/24 19:0以後,0978156660,2015/1/23~2015/1/25,844高雄市六龜區     
【區域1】桃園市大園區沙崙里,2015/01/23 10:50至2015/01/23 17:0 ,2015/01/23 17:0以後,3862156,2015/1/23~2015/1/24,337桃園市大園區     
【區域1】高雄市燕巢區橫山里;大仁路一帶,2015/01/23 11:0至2015/01/23 13:0 ,2015/01/23 13:0以後,07-6222814,2015/1/23~2015/1/24,824高雄市燕巢區     
【區域1】彰化縣社頭鄉泰安村;湳雅村;平和村;龍井村 協和村(山腳路以西);彰化縣員林鎮林厝里,2015/01/23 9:35至2015/01/23 13:40 ,2015/01/23 13:40以後,04-8793211  8793277,2015/1/23~2015/1/24,511彰化縣社頭鄉     510彰化縣員林鎮     
【區域1】台中市大肚區社腳里;王田里;中和里;福山里;營埔里,2015/01/23 11:30至2015/01/26 12:0 ,2015/01/26 12:0以後,04-26312127,2015/1/23~2015/1/27,432台中市大肚區     
【區域1】台中市北屯區長生一街;長生巷;崇德路三段;崇德十七路;崇德十五路;崇德十六路;豐樂路等附近一帶,2015/01/23 11:21至2015/01/23 18:0 ,2015/01/23 18:0以後,1910.22442469,2015/1/23~2015/1/24,406台中市北屯區     
【區域1】新竹縣竹北市中華路,2015/01/23 8:0至2015/01/27 17:0 ,2015/01/27 17:0以後,5516814-5552501,2015/1/23~2015/1/28,302新竹縣竹北市     
【區域1】桃園市八德區榮友新村;桃園市中壢區龍東路、龍安里;桃園市平鎮區龍江路、龍平路、中正里、忠貞里、貿易里,2015/01/23 11:40至2015/01/23 13:0 ,2015/01/23 13:0以後,4251506,2015/1/23~2015/1/24,334桃園市八德區     320桃園市中壢區     324桃園市平鎮區     
【區域1】南投縣埔里鎮大城里,2015/01/23 13:0至2015/01/23 18:0 ,2015/01/23 18:0以後,049-2915176,2015/1/23~2015/1/24,545南投縣埔里鎮     
【區域1】桃園市龍潭區永福路;三坑,2015/01/23 12:0至2015/01/23 16:0 ,2015/01/23 16:0以後,03-3883760,2015/1/23~2015/1/24,325桃園市龍潭區     
【區域1】苗栗縣竹南鎮山佳里.大埔里.崎頂里.公義里,2015/01/23 8:0至2015/01/23 15:0 ,2015/01/23 15:0以後,623500,2015/1/23~2015/1/24,350苗栗縣竹南鎮     
【區域1】桃園市龜山區復興三路247巷(全部),2015/01/23 12:0至2015/01/23 17:0 ,2015/01/23 17:0以後,03-329-4999,2015/1/23~2015/1/24,333桃園市龜山區     
【區域1】花蓮縣花蓮市中華路;鎮國街,2015/01/23 13:0至2015/01/23 16:0 ,2015/01/23 16:0以後,8325304,2015/1/23~2015/1/24,970花蓮縣花蓮市     
